hub_id,package_id,event_type,timestamp
HUB-009,PKG-00301,ARRIVAL,2023-10-26 12:27:13
HUB-010,PKG-00792,ARRIVAL,2023-10-23 15:53:57
HUB-002,PKG-00064,DEPARTURE,2023-10-30 01:40:15
HUB-006,PKG-00364,ARRIVAL,2023-10-05 04:15:51
HUB-009,PKG-00745,ARRIVAL,2023-10-25 15:02:12
HUB-010,PKG-01109,DEPARTURE,2023-10-28 16:17:30
HUB-001,PKG-00615,ARRIVAL,2023-10-29 14:01:19
HUB-005,PKG-00865,ARRIVAL,2023-10-03 16:05:09
HUB-003,PKG-00309,DEPARTURE,2023-10-18 11:39:24
HUB-008,PKG-00534,DEPARTURE,2023-10-10 14:30:17
HUB-006,PKG-02069,DEPARTURE,2023-10-07 19:51:08
HUB-001,PKG-01361,DEPARTURE,2023-10-24 04:15:04
HUB-001,PKG-01319,DEPARTURE,2023-10-30 21:15:29
HUB-007,PKG-00049,DEPARTURE,2023-10-21 00:38:16
HUB-007,PKG-00447,DEPARTURE,2023-10-19 12:26:34
HUB-006,PKG-02299,ARRIVAL,2023-10-15 13:21:03
HUB-009,PKG-00937,ARRIVAL,2023-10-22 08:28:43
HUB-003,PKG-01350,ARRIVAL,2023-10-26 14:12:20
HUB-005,PKG-01591,ARRIVAL,2023-10-22 07:14:20
HUB-007,PKG-01135,ARRIVAL,2023-10-05 02:15:08
HUB-002,PKG-00912,ARRIVAL,2023-10-27 05:19:17
HUB-011,PKG-01734,ARRIVAL,2023-10-05 16:06:18
HUB-007,PKG-00940,DEPARTURE,2023-10-22 18:25:19
HUB-001,PKG-00563,DEPARTURE,2023-10-25 13:03:30
HUB-004,PKG-01308,ARRIVAL,2023-10-15 16:45:34
HUB-007,PKG-01815,SORTING,2023-10-31 10:02:14
HUB-003,PKG-01881,ARRIVAL,2023-10-15 01:48:54
HUB-008,PKG-00555,ARRIVAL,2023-10-23 09:34:48
HUB-009,PKG-01327,ARRIVAL,2023-10-22 00:54:34
HUB-007,PKG-01856,ARRIVAL,2023-10-07 20:07:42
HUB-007,PKG-00803,ARRIVAL,2023-10-04 01:12:56
HUB-001,PKG-01056,DEPARTURE,2023-10-19 19:43:21
HUB-007,PKG-00447,ARRIVAL,2023-10-19 15:35:04
HUB-005,PKG-01311,ARRIVAL,2023-10-26 03:09:38
HUB-006,PKG-01901,DEPARTURE,2023-10-24 22:03:46
HUB-010,PKG-00920,ARRIVAL,2023-10-22 13:38:35
HUB-001,PKG-01654,ARRIVAL,2023-10-11 02:02:10
HUB-001,PKG-02073,ARRIVAL,2023-10-09 19:07:07
HUB-003,PKG-01280,DEPARTURE,2023-10-24 18:52:34
HUB-009,PKG-02358,ARRIVAL,2023-10-26 08:13:18
HUB-008,PKG-00477,ARRIVAL,2023-10-30 05:59:53
HUB-003,PKG-00208,ARRIVAL,2023-10-17 06:26:19
HUB-011,PKG-01839,DEPARTURE,2023-10-03 03:51:22
HUB-002,PKG-01752,ARRIVAL,2023-10-08 07:34:07
HUB-005,PKG-02298,DEPARTURE,2023-10-02 18:29:40
HUB-001,PKG-00844,DEPARTURE,2023-10-22 10:36:41
HUB-001,PKG-02233,ARRIVAL,2023-10-18 17:54:48
HUB-003,PKG-00116,ARRIVAL,2023-10-15 12:45:33
HUB-001,PKG-01790,ARRIVAL,2023-10-18 13:03:38
HUB-001,PKG-00519,DEPARTURE,2023-10-18 02:47:56
HUB-005,PKG-01497,ARRIVAL,2023-10-05 02:38:07
HUB-005,PKG-01800,DEPARTURE,2023-10-24 20:02:30
HUB-008,PKG-00247,DEPARTURE,2023-10-01 18:52:33
HUB-005,PKG-00789,ARRIVAL,2023-10-16 15:24:10
HUB-004,PKG-01470,ARRIVAL,2023-10-15 22:10:21
HUB-001,PKG-02304,ARRIVAL,2023-10-28 15:34:14
HUB-004,PKG-00989,ARRIVAL,2023-10-26 00:21:18
HUB-012,PKG-01894,DEPARTURE,2023-10-03 17:01:42
HUB-011,PKG-00874,ARRIVAL,2023-10-16 20:25:52
HUB-005,PKG-01702,ARRIVAL,2023-10-24 17:44:54
HUB-007,PKG-01747,ARRIVAL,2023-10-07 16:42:56
HUB-011,PKG-02203,DEPARTURE,2023-10-21 20:16:34
HUB-012,PKG-00705,ARRIVAL,2023-10-08 00:33:51
HUB-001,PKG-00588,DEPARTURE,2023-10-30 19:32:18
HUB-005,PKG-00860,DEPARTURE,2023-10-30 22:34:04
HUB-009,PKG-02000,DEPARTURE,2023-10-07 11:41:11
HUB-005,PKG-01548,DEPARTURE,2023-10-15 03:20:58
HUB-010,PKG-02305,ARRIVAL,2023-10-04 05:46:35
HUB-001,PKG-02370,ARRIVAL,2023-10-03 14:33:08
HUB-003,PKG-01352,ARRIVAL,2023-10-22 20:14:40
HUB-006,PKG-01715,DEPARTURE,2023-10-28 20:04:18
HUB-006,PKG-00402,DEPARTURE,2023-10-13 23:20:38
HUB-002,PKG-01439,ARRIVAL,2023-10-25 05:55:33
HUB-004,PKG-02002,ARRIVAL,2023-10-19 07:43:18
HUB-002,PKG-00253,ARRIVAL,2023-10-22 14:40:34
HUB-002,PKG-01842,DEPARTURE,2023-10-25 17:14:08
HUB-002,PKG-00430,ARRIVAL,2023-10-13 16:54:04
HUB-001,PKG-01516,DEPARTURE,2023-10-29 19:43:51
HUB-011,PKG-00470,DEPARTURE,2023-10-03 06:00:18
HUB-012,PKG-00719,DEPARTURE,2023-10-14 21:41:08
HUB-012,PKG-00306,ARRIVAL,2023-10-08 12:04:13
HUB-003,PKG-00070,ARRIVAL,2023-10-12 08:27:56
HUB-001,PKG-00063,DEPARTURE,2023-10-08 12:06:19
HUB-005,PKG-02213,ARRIVAL,2023-10-19 11:05:36
HUB-012,PKG-00505,DEPARTURE,2023-10-06 22:01:10
HUB-005,PKG-01722,ARRIVAL,2023-10-29 05:19:50
HUB-004,PKG-01314,DEPARTURE,2023-10-16 22:46:50
HUB-001,PKG-00673,DEPARTURE,2023-10-17 14:00:58
HUB-005,PKG-01270,DEPARTURE,2023-10-13 19:46:24
HUB-008,PKG-01208,SORTING,2023-10-08 09:26:56
HUB-004,PKG-01696,ARRIVAL,2023-10-17 01:42:29
HUB-009,PKG-00216,DEPARTURE,2023-10-31 09:33:39
HUB-001,PKG-01249,ARRIVAL,2023-10-20 23:42:08
HUB-007,PKG-01100,DEPARTURE,2023-10-24 02:04:29
HUB-008,PKG-02139,ARRIVAL,2023-10-23 06:44:40
HUB-006,PKG-00399,ARRIVAL,2023-10-15 18:51:29
HUB-009,PKG-02025,DEPARTURE,2023-10-11 00:53:40
HUB-002,PKG-00818,DEPARTURE,2023-10-20 20:13:02
HUB-012,PKG-00096,ARRIVAL,2023-10-06 02:59:47
HUB-001,PKG-02064,ARRIVAL,2023-10-05 03:48:05
HUB-002,PKG-01286,DEPARTURE,2023-11-01 12:17:50
HUB-001,PKG-01518,ARRIVAL,2023-10-30 22:18:40
HUB-004,PKG-01104,DEPARTURE,2023-10-23 19:33:47
HUB-006,PKG-00424,SORTING,2023-10-09 13:23:37
HUB-002,PKG-00430,DEPARTURE,2023-10-14 05:56:17
HUB-001,PKG-01549,DEPARTURE,2023-10-14 10:00:26
HUB-002,PKG-01167,DEPARTURE,2023-10-23 15:33:31
HUB-011,PKG-01527,DEPARTURE,2023-10-21 12:00:05
HUB-002,PKG-02049,DEPARTURE,2023-10-14 13:12:42
HUB-005,PKG-00541,ARRIVAL,2023-10-10 12:21:17
HUB-009,PKG-00547,ARRIVAL,2023-10-03 23:10:08
HUB-003,PKG-01060,DEPARTURE,2023-10-13 00:53:20
HUB-007,PKG-00455,DEPARTURE,2023-10-11 14:50:05
HUB-001,PKG-00454,ARRIVAL,2023-10-29 11:02:36
HUB-005,PKG-01751,DEPARTURE,2023-10-10 04:58:20
HUB-001,PKG-01299,DEPARTURE,2023-10-13 20:49:59
HUB-005,PKG-01842,DEPARTURE,2023-10-24 22:28:18
HUB-003,PKG-02185,DEPARTURE,2023-10-15 16:36:14
HUB-007,PKG-01207,DEPARTURE,2023-10-04 15:13:12
HUB-006,PKG-01267,ARRIVAL,2023-10-15 15:30:16
HUB-011,PKG-01130,DEPARTURE,2023-10-09 11:47:54
HUB-003,PKG-02365,ARRIVAL,2023-10-02 21:58:37
HUB-003,PKG-00829,ARRIVAL,2023-10-02 12:48:40
HUB-002,PKG-01389,ARRIVAL,2023-10-07 10:34:56
HUB-003,PKG-00092,ARRIVAL,2023-10-22 18:07:29
HUB-004,PKG-02034,DEPARTURE,2023-10-21 02:49:51
HUB-004,PKG-00656,ARRIVAL,2023-10-11 08:32:19
HUB-012,PKG-01266,DEPARTURE,2023-10-05 14:36:35
HUB-008,PKG-01909,DEPARTURE,2023-10-30 19:49:56
HUB-003,PKG-00628,ARRIVAL,2023-10-10 10:11:14
HUB-005,PKG-00565,ARRIVAL,2023-10-27 15:27:42
HUB-002,PKG-01453,DEPARTURE,2023-10-16 14:50:53
HUB-006,PKG-02328,DEPARTURE,2023-10-21 16:02:43
HUB-002,PKG-00658,ARRIVAL,2023-10-16 23:59:42
HUB-006,PKG-02143,DEPARTURE,2023-10-12 17:28:21
HUB-009,PKG-01477,DEPARTURE,2023-10-22 16:39:56
HUB-002,PKG-02197,DEPARTURE,2023-10-30 22:26:09
HUB-012,PKG-02011,DEPARTURE,2023-10-09 21:46:29
HUB-001,PKG-02313,DEPARTURE,2023-10-17 03:44:32
HUB-011,PKG-00125,ARRIVAL,2023-10-22 03:09:21
HUB-001,PKG-00242,ARRIVAL,2023-10-10 19:44:22
HUB-008,PKG-02124,DEPARTURE,2023-10-15 18:14:51
HUB-005,PKG-01913,DEPARTURE,2023-10-23 04:49:42
HUB-007,PKG-01286,ARRIVAL,2023-10-31 04:27:47
HUB-007,PKG-01421,ARRIVAL,2023-10-30 08:45:59
HUB-002,PKG-02317,ARRIVAL,2023-10-03 02:55:47
HUB-005,PKG-02006,ARRIVAL,2023-10-24 14:22:00
HUB-006,PKG-00578,ARRIVAL,2023-10-06 14:34:13
HUB-008,PKG-00222,DEPARTURE,2023-10-31 04:53:07
HUB-001,PKG-00427,ARRIVAL,2023-10-10 16:38:26
HUB-009,PKG-00611,DEPARTURE,2023-10-04 19:52:33
HUB-002,PKG-00741,ARRIVAL,2023-10-24 10:06:46
HUB-006,PKG-00187,ARRIVAL,2023-10-29 11:05:16
HUB-006,PKG-01572,DEPARTURE,2023-10-18 14:23:19
HUB-011,PKG-02247,DEPARTURE,2023-10-20 03:58:57
HUB-004,PKG-01912,DEPARTURE,2023-10-09 18:26:43
HUB-009,PKG-02266,DEPARTURE,2023-10-22 08:20:01
HUB-004,PKG-00209,ARRIVAL,2023-10-08 11:49:59
HUB-012,PKG-01032,ARRIVAL,2023-10-07 12:44:00
HUB-012,PKG-01681,SORTING,2023-10-05 00:19:53
HUB-003,PKG-01151,ARRIVAL,2023-10-28 18:55:51
HUB-005,PKG-00789,DEPARTURE,2023-10-17 10:54:47
HUB-003,PKG-01098,DEPARTURE,2023-10-29 20:15:04
HUB-011,PKG-01385,DEPARTURE,2023-10-03 10:26:23
HUB-003,PKG-02099,ARRIVAL,2023-10-06 15:25:24
HUB-009,PKG-01207,ARRIVAL,2023-10-04 18:28:58
HUB-003,PKG-01438,DEPARTURE,2023-10-29 12:05:18
HUB-005,PKG-00420,DEPARTURE,2023-10-20 21:51:39
HUB-002,PKG-01274,ARRIVAL,2023-10-05 21:04:18
HUB-001,PKG-01210,ARRIVAL,2023-10-05 09:45:33
HUB-010,PKG-01231,DEPARTURE,2023-10-23 07:00:15
HUB-008,PKG-00972,ARRIVAL,2023-10-16 09:34:04
HUB-003,PKG-00442,DEPARTURE,2023-10-30 03:47:11
HUB-012,PKG-00105,SORTING,2023-10-22 15:37:28
HUB-005,PKG-01696,ARRIVAL,2023-10-16 07:50:39
HUB-011,PKG-02033,ARRIVAL,2023-10-30 22:28:32
HUB-002,PKG-00990,ARRIVAL,2023-10-23 17:25:26
HUB-002,PKG-00788,ARRIVAL,2023-10-04 16:09:07
HUB-001,PKG-00996,DEPARTURE,2023-10-17 01:44:16
HUB-007,PKG-02213,ARRIVAL,2023-10-20 10:20:56
HUB-007,PKG-02321,DEPARTURE,2023-10-12 06:38:51
HUB-005,PKG-02172,DEPARTURE,2023-10-22 20:21:44
HUB-003,PKG-01834,ARRIVAL,2023-10-23 08:14:50
HUB-001,PKG-01085,ARRIVAL,2023-10-20 04:02:55
HUB-001,PKG-02048,ARRIVAL,2023-10-15 10:46:24
HUB-010,PKG-01784,ARRIVAL,2023-10-31 07:19:46
HUB-004,PKG-02231,ARRIVAL,2023-10-15 14:37:36
HUB-002,PKG-00835,DEPARTURE,2023-10-14 05:59:15
HUB-006,PKG-02015,DEPARTURE,2023-10-29 20:25:02
HUB-002,PKG-01415,DEPARTURE,2023-10-15 02:38:15
HUB-012,PKG-00312,ARRIVAL,2023-10-20 18:47:40
HUB-012,PKG-01542,ARRIVAL,2023-10-13 08:09:06
HUB-001,PKG-02069,DEPARTURE,2023-10-07 13:05:52
HUB-006,PKG-00259,DEPARTURE,2023-10-28 16:41:31
HUB-004,PKG-00860,DEPARTURE,2023-10-30 14:35:03
HUB-002,PKG-01530,DEPARTURE,2023-10-12 04:36:07
HUB-010,PKG-02344,DEPARTURE,2023-10-09 12:42:08
HUB-008,PKG-01178,DEPARTURE,2023-10-18 17:49:10
HUB-012,PKG-00229,ARRIVAL,2023-10-17 23:59:47
HUB-002,PKG-00789,ARRIVAL,2023-10-15 10:58:01
HUB-006,PKG-00173,DEPARTURE,2023-10-24 22:17:18
HUB-011,PKG-01588,ARRIVAL,2023-10-10 09:08:51
HUB-006,PKG-02130,DEPARTURE,2023-10-22 11:16:43
HUB-007,PKG-02201,ARRIVAL,2023-10-05 17:11:54
HUB-009,PKG-00047,ARRIVAL,2023-10-17 07:31:37
HUB-006,PKG-00163,DEPARTURE,2023-10-05 23:07:20
HUB-004,PKG-00483,ARRIVAL,2023-10-04 11:56:26
HUB-002,PKG-01340,DEPARTURE,2023-10-12 11:50:14
HUB-011,PKG-00343,DEPARTURE,2023-10-19 01:46:29
HUB-006,PKG-01229,DEPARTURE,2023-10-09 06:09:35
HUB-002,PKG-01440,ARRIVAL,2023-10-21 02:00:28
HUB-006,PKG-00259,ARRIVAL,2023-10-28 09:48:57
HUB-005,PKG-00145,DEPARTURE,2023-10-04 10:12:59
HUB-010,PKG-00189,ARRIVAL,2023-10-15 13:41:17
HUB-010,PKG-02362,ARRIVAL,2023-10-22 09:34:45
HUB-002,PKG-00637,DEPARTURE,2023-10-31 12:20:02
HUB-004,PKG-01002,DEPARTURE,2023-10-21 16:58:36
HUB-006,PKG-01267,DEPARTURE,2023-10-15 23:57:05
HUB-001,PKG-02340,DEPARTURE,2023-10-04 19:50:36
HUB-009,PKG-02203,ARRIVAL,2023-10-21 22:57:38
HUB-003,PKG-01703,ARRIVAL,2023-10-17 22:01:49
HUB-006,PKG-01716,DEPARTURE,2023-10-03 07:25:10
HUB-001,PKG-01504,DEPARTURE,2023-10-08 12:34:59
HUB-012,PKG-01460,DEPARTURE,2023-10-29 21:05:50
HUB-008,PKG-00870,ARRIVAL,2023-10-07 01:11:01
HUB-004,PKG-01149,DEPARTURE,2023-10-07 08:38:58
HUB-005,PKG-00780,DEPARTURE,2023-10-16 18:01:51
HUB-001,PKG-01903,ARRIVAL,2023-10-27 16:17:46
HUB-004,PKG-01822,DEPARTURE,2023-10-30 19:45:35
HUB-010,PKG-00189,DEPARTURE,2023-10-15 17:58:19
HUB-005,PKG-00758,DEPARTURE,2023-10-12 22:00:50
HUB-003,PKG-00928,DEPARTURE,2023-10-25 03:05:13
HUB-011,PKG-02209,DEPARTURE,2023-10-09 18:45:46
HUB-009,PKG-00249,ARRIVAL,2023-10-30 05:22:53
HUB-003,PKG-02320,DEPARTURE,2023-10-05 00:25:10
HUB-002,PKG-01325,ARRIVAL,2023-10-30 04:53:43
HUB-001,PKG-00506,ARRIVAL,2023-10-12 22:38:39
HUB-009,PKG-00751,DEPARTURE,2023-10-04 01:50:20
HUB-007,PKG-00812,ARRIVAL,2023-10-26 11:14:19
HUB-012,PKG-01429,SORTING,2023-10-17 14:29:29
HUB-004,PKG-01697,ARRIVAL,2023-10-11 23:42:51
HUB-005,PKG-01319,DEPARTURE,2023-10-31 11:27:18
HUB-006,PKG-01805,DEPARTURE,2023-10-07 20:49:55
HUB-010,PKG-01859,DEPARTURE,2023-10-18 16:27:48
HUB-002,PKG-00089,DEPARTURE,2023-10-22 20:32:14
HUB-012,PKG-00701,ARRIVAL,2023-10-14 12:25:25
HUB-008,PKG-00020,ARRIVAL,2023-10-22 16:52:58
HUB-007,PKG-02243,DEPARTURE,2023-10-18 18:53:09
HUB-003,PKG-02384,ARRIVAL,2023-10-18 09:41:44
HUB-004,PKG-01075,DEPARTURE,2023-10-22 18:16:07
HUB-004,PKG-01532,ARRIVAL,2023-10-30 04:51:19
HUB-011,PKG-01242,DEPARTURE,2023-10-15 07:30:26
HUB-006,PKG-01388,ARRIVAL,2023-10-25 23:37:13
HUB-004,PKG-00446,DEPARTURE,2023-10-17 22:13:59
HUB-006,PKG-00183,DEPARTURE,2023-10-09 19:35:46
HUB-004,PKG-00859,ARRIVAL,2023-10-20 21:44:21
HUB-001,PKG-01898,ARRIVAL,2023-10-29 03:10:02
HUB-003,PKG-02306,DEPARTURE,2023-10-02 07:31:47
HUB-004,PKG-00192,ARRIVAL,2023-10-05 08:57:38
HUB-009,PKG-00271,ARRIVAL,2023-10-03 20:17:56
HUB-006,PKG-02328,ARRIVAL,2023-10-21 09:53:30
HUB-011,PKG-02155,ARRIVAL,2023-10-16 18:30:32
HUB-006,PKG-01378,DEPARTURE,2023-10-27 10:32:45
HUB-011,PKG-01347,DEPARTURE,2023-10-24 13:43:05
HUB-007,PKG-01235,ARRIVAL,2023-10-01 16:48:55
HUB-001,PKG-00130,DEPARTURE,2023-10-15 14:21:12
HUB-010,PKG-01881,ARRIVAL,2023-10-14 13:12:56
HUB-008,PKG-00078,DEPARTURE,2023-10-08 14:00:55
HUB-002,PKG-00369,DEPARTURE,2023-10-09 00:47:51
HUB-002,PKG-01579,ARRIVAL,2023-10-04 09:07:58
HUB-011,PKG-01761,DEPARTURE,
HUB-004,PKG-01174,DEPARTURE,2023-10-19 23:43:08
HUB-009,PKG-00521,DEPARTURE,2023-10-19 05:34:43
HUB-005,PKG-00036,ARRIVAL,2023-10-09 06:11:37
HUB-003,PKG-01208,DEPARTURE,2023-10-08 01:58:53
HUB-004,PKG-00237,ARRIVAL,2023-10-06 22:35:30
HUB-003,PKG-00596,ARRIVAL,2023-10-30 13:39:00
HUB-006,PKG-02043,DEPARTURE,2023-10-29 15:32:25
HUB-001,PKG-02250,DEPARTURE,2023-10-26 02:52:28
HUB-003,PKG-01762,DEPARTURE,2023-10-09 02:08:59
HUB-003,PKG-02269,DEPARTURE,2023-10-31 07:15:18
HUB-008,PKG-01797,DEPARTURE,2023-10-17 20:02:34
HUB-001,PKG-00366,DEPARTURE,2023-10-24 22:35:08
HUB-002,PKG-02336,ARRIVAL,2023-10-14 14:01:30
HUB-001,PKG-02198,DEPARTURE,2023-10-22 23:46:20
HUB-001,PKG-00234,DEPARTURE,2023-10-16 13:10:30
HUB-001,PKG-01287,ARRIVAL,2023-10-21 20:52:20
HUB-007,PKG-00175,ARRIVAL,2023-10-08 04:44:18
HUB-003,PKG-00290,ARRIVAL,2023-10-16 16:50:25
HUB-001,PKG-00317,ARRIVAL,2023-10-28 18:09:41
HUB-004,PKG-01233,ARRIVAL,2023-10-07 10:16:08
HUB-003,PKG-01195,DEPARTURE,2023-10-21 11:31:21
HUB-010,PKG-02158,DEPARTURE,2023-10-11 09:03:38
HUB-005,PKG-01293,ARRIVAL,2023-10-15 12:15:09
HUB-009,PKG-00367,DEPARTURE,2023-10-27 06:25:54
HUB-004,PKG-00276,ARRIVAL,2023-10-22 07:44:51
HUB-005,PKG-01952,ARRIVAL,2023-10-15 23:07:39
HUB-005,PKG-02207,DEPARTURE,2023-10-13 18:55:31
HUB-007,PKG-00407,ARRIVAL,2023-10-20 18:37:40
HUB-006,PKG-01398,ARRIVAL,2023-10-01 15:18:22
HUB-001,PKG-00888,ARRIVAL,2023-10-15 09:07:22
HUB-009,PKG-01646,DEPARTURE,2023-10-19 22:56:02
HUB-006,PKG-00877,DEPARTURE,2023-10-14 16:33:35
HUB-007,PKG-01911,ARRIVAL,2023-10-06 00:58:10
HUB-012,PKG-00275,ARRIVAL,2023-10-04 08:48:37
HUB-004,PKG-00893,ARRIVAL,2023-10-18 20:43:45
HUB-001,PKG-00068,ARRIVAL,2023-10-18 00:07:40
HUB-003,PKG-00098,DEPARTURE,2023-10-21 16:21:47
HUB-004,PKG-02111,DEPARTURE,2023-10-14 17:21:51
HUB-005,PKG-00939,ARRIVAL,2023-10-10 20:26:57
HUB-010,PKG-01231,ARRIVAL,2023-10-22 23:55:47
HUB-006,PKG-02097,DEPARTURE,2023-10-07 07:54:37
HUB-003,PKG-00471,DEPARTURE,2023-10-24 09:38:32
HUB-002,PKG-01360,ARRIVAL,2023-10-07 10:50:10
HUB-004,PKG-00820,SORTING,2023-10-21 01:53:43
HUB-007,PKG-00806,ARRIVAL,2023-10-13 01:57:23
HUB-002,PKG-02235,ARRIVAL,2023-10-12 04:08:41
HUB-005,PKG-00613,DEPARTURE,2023-10-31 12:38:30
HUB-004,PKG-01958,DEPARTURE,2023-10-25 12:26:55
HUB-009,PKG-00208,ARRIVAL,2023-10-16 17:34:00
HUB-004,PKG-00247,ARRIVAL,2023-10-05 11:04:05
HUB-004,PKG-01744,ARRIVAL,2023-10-08 13:10:01
HUB-003,PKG-01893,ARRIVAL,2023-10-10 04:52:41
HUB-007,PKG-01006,DEPARTURE,2023-10-18 17:40:46
HUB-008,PKG-00683,DEPARTURE,2023-10-06 07:00:24
HUB-004,PKG-01292,DEPARTURE,2023-10-17 20:03:11
HUB-001,PKG-02003,DEPARTURE,2023-10-09 01:11:08
HUB-006,PKG-00455,DEPARTURE,2023-10-11 00:15:33
HUB-012,PKG-00716,ARRIVAL,2023-10-25 06:24:32
HUB-003,PKG-01507,DEPARTURE,2023-10-02 05:16:45
HUB-005,PKG-02377,ARRIVAL,2023-10-20 16:04:19
HUB-001,PKG-01989,DEPARTURE,2023-10-13 17:30:57
HUB-003,PKG-02005,DEPARTURE,2023-10-01 21:44:20
HUB-003,PKG-02091,ARRIVAL,2023-10-03 18:51:02
HUB-004,PKG-01310,DEPARTURE,2023-10-05 01:19:03
HUB-006,PKG-01252,DEPARTURE,2023-10-29 18:13:49
HUB-009,PKG-01560,DEPARTURE,2023-10-14 16:11:54
HUB-008,PKG-00218,DEPARTURE,2023-10-20 14:12:14
HUB-007,PKG-01495,DEPARTURE,2023-10-26 14:54:36
HUB-007,PKG-01377,ARRIVAL,2023-10-04 00:13:27
HUB-009,PKG-01533,DEPARTURE,2023-10-10 07:27:41
HUB-003,PKG-01602,ARRIVAL,2023-10-17 04:59:36
HUB-009,PKG-00751,ARRIVAL,2023-10-03 18:01:09
HUB-007,PKG-02052,DEPARTURE,2023-10-02 21:02:29
HUB-009,PKG-02190,DEPARTURE,2023-10-11 03:43:12
HUB-004,PKG-00387,ARRIVAL,2023-10-23 14:51:21
HUB-003,PKG-00163,DEPARTURE,2023-10-05 08:02:50
HUB-005,PKG-01635,SORTING,2023-10-06 09:35:55
HUB-003,PKG-00676,DEPARTURE,2023-10-03 20:41:31
HUB-002,PKG-01396,ARRIVAL,2023-10-06 19:10:46
HUB-004,PKG-00325,ARRIVAL,2023-10-29 18:09:23
HUB-002,PKG-00550,DEPARTURE,2023-10-04 15:27:31
HUB-007,PKG-01742,ARRIVAL,2023-10-22 09:43:07
HUB-005,PKG-02389,ARRIVAL,2023-10-23 10:24:54
HUB-006,PKG-02099,DEPARTURE,2023-10-07 12:50:56
HUB-010,PKG-02398,ARRIVAL,2023-10-14 03:46:26
HUB-002,PKG-02295,DEPARTURE,2023-10-18 06:47:48
HUB-007,PKG-00962,ARRIVAL,2023-10-24 18:32:17
HUB-005,PKG-02334,DEPARTURE,2023-10-06 09:02:07
HUB-008,PKG-01202,DEPARTURE,2023-10-10 12:29:03
HUB-003,PKG-00145,ARRIVAL,2023-10-04 16:00:13
HUB-011,PKG-00894,DEPARTURE,2023-10-13 05:49:38
HUB-006,PKG-01055,DEPARTURE,2023-10-27 15:57:13
HUB-009,PKG-00937,DEPARTURE,2023-10-22 10:59:58
HUB-003,PKG-00115,DEPARTURE,2023-10-02 06:38:10
HUB-005,PKG-02342,ARRIVAL,2023-10-17 10:07:42
HUB-004,PKG-00102,ARRIVAL,2023-10-24 23:09:39
HUB-006,PKG-01356,ARRIVAL,2023-10-14 14:44:11
HUB-001,PKG-00237,ARRIVAL,2023-10-06 14:42:44
HUB-001,PKG-01647,ARRIVAL,2023-10-25 18:32:58
HUB-005,PKG-02366,DEPARTURE,2023-10-26 04:17:46
HUB-004,PKG-02254,ARRIVAL,2023-10-03 02:21:12
HUB-005,PKG-00386,ARRIVAL,2023-10-04 23:19:28
HUB-001,PKG-02090,SORTING,2023-10-06 06:47:05
HUB-005,PKG-01981,ARRIVAL,2023-10-07 00:40:05
HUB-007,PKG-01066,ARRIVAL,2023-10-31 03:09:12
HUB-003,PKG-00196,DEPARTURE,2023-10-22 05:48:35
HUB-003,PKG-00703,DEPARTURE,2023-10-25 13:45:27
HUB-004,PKG-00296,DEPARTURE,2023-10-02 08:44:24
HUB-005,PKG-01333,DEPARTURE,2023-10-27 12:59:58
HUB-006,PKG-02304,ARRIVAL,2023-10-29 09:29:16
HUB-007,PKG-01676,ARRIVAL,2023-10-24 06:15:42
HUB-002,PKG-01656,ARRIVAL,2023-10-19 22:01:05
HUB-004,PKG-01359,SORTING,2023-10-01 18:28:22
HUB-011,PKG-00200,ARRIVAL,2023-10-09 02:19:31
HUB-008,PKG-00120,DEPARTURE,2023-10-19 08:54:50
HUB-002,PKG-00807,ARRIVAL,2023-10-10 21:06:48
HUB-004,PKG-01123,DEPARTURE,2023-10-22 10:12:13
HUB-005,PKG-01600,DEPARTURE,2023-10-17 15:17:02
HUB-007,PKG-00147,ARRIVAL,
HUB-008,PKG-01914,ARRIVAL,2023-10-22 04:25:16
HUB-004,PKG-00339,DEPARTURE,2023-10-29 20:03:26
HUB-012,PKG-01242,DEPARTURE,2023-10-13 16:16:22
HUB-005,PKG-01446,SORTING,2023-10-01 16:39:27
HUB-003,PKG-00676,ARRIVAL,2023-10-03 14:36:17
HUB-012,PKG-01727,DEPARTURE,2023-10-16 15:21:38
HUB-005,PKG-01407,ARRIVAL,2023-10-23 16:53:36
HUB-005,PKG-02311,ARRIVAL,2023-10-16 12:26:48
HUB-002,PKG-01747,DEPARTURE,2023-10-08 10:37:37
HUB-012,PKG-01266,ARRIVAL,2023-10-05 10:52:39
HUB-003,PKG-02279,ARRIVAL,2023-10-15 12:15:42
HUB-004,PKG-02370,ARRIVAL,2023-10-03 07:32:29
HUB-009,PKG-00703,ARRIVAL,2023-10-23 18:51:09
HUB-001,PKG-02129,DEPARTURE,2023-10-07 11:44:10
HUB-005,PKG-00145,ARRIVAL,2023-10-04 02:18:09
HUB-009,PKG-01184,DEPARTURE,2023-10-26 23:18:18
HUB-001,PKG-01109,ARRIVAL,
HUB-010,PKG-01899,ARRIVAL,2023-10-18 14:40:39
HUB-001,PKG-00716,DEPARTURE,2023-10-25 16:57:24
HUB-002,PKG-00344,DEPARTURE,2023-10-17 08:52:08
HUB-006,PKG-01504,DEPARTURE,2023-10-08 23:48:30
HUB-012,PKG-00260,DEPARTURE,2023-10-07 15:26:02
HUB-003,PKG-01073,ARRIVAL,2023-10-04 00:56:34
HUB-007,PKG-01710,ARRIVAL,2023-10-12 07:01:45
HUB-002,PKG-00447,ARRIVAL,2023-10-20 09:43:07
HUB-002,PKG-01091,ARRIVAL,2023-10-28 01:42:44
HUB-007,PKG-01539,DEPARTURE,2023-10-04 15:39:36
HUB-004,PKG-00080,ARRIVAL,2023-10-15 15:15:13
HUB-001,PKG-01299,ARRIVAL,2023-10-13 17:13:45
HUB-008,PKG-02126,ARRIVAL,2023-10-28 21:47:16
HUB-011,PKG-01563,DEPARTURE,2023-10-23 00:54:41
HUB-010,PKG-01702,DEPARTURE,2023-10-23 21:37:35
HUB-008,PKG-02072,DEPARTURE,2023-10-18 11:31:02
HUB-007,PKG-01006,ARRIVAL,2023-10-18 11:19:01
HUB-008,PKG-02352,DEPARTURE,2023-10-27 14:58:46
HUB-006,PKG-01121,DEPARTURE,2023-10-10 01:59:57
HUB-005,PKG-02320,DEPARTURE,2023-10-06 12:08:37
HUB-002,PKG-00704,ARRIVAL,2023-10-29 12:42:09
HUB-006,PKG-00395,DEPARTURE,2023-10-03 05:05:49
HUB-009,PKG-01090,SORTING,2023-10-04 18:23:14
HUB-001,PKG-01510,ARRIVAL,2023-10-19 16:38:14
HUB-009,PKG-02037,DEPARTURE,2023-10-26 03:16:49
HUB-002,PKG-01777,DEPARTURE,2023-10-06 02:01:06
HUB-010,PKG-02161,DEPARTURE,2023-10-18 09:22:54
HUB-002,PKG-02054,DEPARTURE,2023-10-18 12:30:36
HUB-009,PKG-00640,DEPARTURE,2023-10-10 00:32:57
HUB-011,PKG-00270,DEPARTURE,2023-10-04 19:54:20
HUB-001,PKG-01493,DEPARTURE,2023-10-16 02:47:28
HUB-006,PKG-00968,DEPARTURE,2023-10-06 23:38:04
HUB-005,PKG-01312,DEPARTURE,2023-10-26 13:59:50
HUB-004,PKG-02160,DEPARTURE,2023-10-17 10:56:51
HUB-001,PKG-01403,DEPARTURE,2023-10-21 22:12:45
HUB-007,PKG-00226,DEPARTURE,2023-10-20 15:32:06
HUB-010,PKG-00016,ARRIVAL,2023-10-29 11:26:01
HUB-005,PKG-01265,ARRIVAL,2023-10-30 01:53:57
HUB-003,PKG-01843,DEPARTURE,2023-10-30 16:35:28
HUB-011,PKG-01998,DEPARTURE,2023-10-07 04:15:20
HUB-007,PKG-00201,ARRIVAL,2023-10-14 03:11:04
HUB-007,PKG-00777,DEPARTURE,2023-10-22 07:42:38
HUB-001,PKG-00499,ARRIVAL,2023-10-26 05:49:28
HUB-004,PKG-01058,DEPARTURE,2023-10-02 15:19:53
HUB-002,PKG-01495,DEPARTURE,2023-10-27 03:53:34
HUB-001,PKG-00998,DEPARTURE,2023-10-12 07:58:02
HUB-001,PKG-01863,DEPARTURE,2023-10-12 17:28:29
HUB-001,PKG-00460,DEPARTURE,2023-10-03 22:41:14
HUB-008,PKG-01664,ARRIVAL,2023-10-01 11:28:08
HUB-009,PKG-00611,ARRIVAL,2023-10-04 13:14:15
HUB-002,PKG-00931,DEPARTURE,2023-10-15 04:52:26
HUB-005,PKG-01555,DEPARTURE,2023-10-27 06:17:02
HUB-003,PKG-01875,ARRIVAL,2023-10-22 13:06:38
HUB-005,PKG-00985,DEPARTURE,2023-10-29 14:48:23
HUB-009,PKG-00964,DEPARTURE,2023-10-11 09:19:31
HUB-003,PKG-00023,DEPARTURE,2023-10-03 11:16:00
HUB-001,PKG-00772,DEPARTURE,2023-10-05 21:40:25
HUB-002,PKG-02337,DEPARTURE,2023-10-08 12:00:15
HUB-004,PKG-00936,DEPARTURE,2023-10-03 01:05:32
HUB-005,PKG-00882,ARRIVAL,2023-10-27 15:28:34
HUB-005,PKG-01607,DEPARTURE,2023-10-23 07:19:08
HUB-008,PKG-02341,ARRIVAL,2023-10-28 09:32:45
HUB-008,PKG-00316,DEPARTURE,2023-10-27 12:57:13
HUB-009,PKG-00526,DEPARTURE,2023-10-03 12:07:20
HUB-001,PKG-01546,DEPARTURE,2023-10-25 19:20:34
HUB-004,PKG-01178,ARRIVAL,2023-10-19 03:31:02
HUB-011,PKG-01013,ARRIVAL,2023-10-28 23:27:09
HUB-009,PKG-01493,ARRIVAL,2023-10-15 06:06:25
HUB-012,PKG-01581,ARRIVAL,2023-10-03 10:50:57
HUB-001,PKG-00896,DEPARTURE,2023-10-11 20:42:53
HUB-010,PKG-01990,ARRIVAL,2023-10-22 05:46:45
HUB-008,PKG-00969,ARRIVAL,2023-10-07 00:29:07
HUB-006,PKG-02146,DEPARTURE,2023-10-29 15:54:52
HUB-002,PKG-01816,ARRIVAL,2023-10-11 15:38:47
HUB-008,PKG-00379,ARRIVAL,2023-10-24 14:44:19
HUB-003,PKG-00567,DEPARTURE,2023-10-20 19:39:40
HUB-005,PKG-01664,ARRIVAL,2023-10-01 18:14:50
HUB-005,PKG-00594,ARRIVAL,2023-10-12 09:59:28
HUB-006,PKG-01457,DEPARTURE,2023-10-04 14:10:57
HUB-003,PKG-01720,ARRIVAL,2023-10-22 00:12:50
HUB-005,PKG-01254,DEPARTURE,2023-10-03 11:31:44
HUB-004,PKG-01150,ARRIVAL,2023-10-17 13:23:05
HUB-011,PKG-01993,DEPARTURE,2023-10-19 22:01:26
HUB-010,PKG-01475,DEPARTURE,2023-10-22 00:52:02
HUB-012,PKG-01460,ARRIVAL,2023-10-29 17:07:42
HUB-006,PKG-00246,DEPARTURE,2023-10-19 02:56:46
HUB-002,PKG-00476,SORTING,2023-10-08 20:29:52
HUB-002,PKG-01321,DEPARTURE,2023-10-25 11:44:20
HUB-007,PKG-02383,DEPARTURE,2023-10-06 16:05:11
HUB-007,PKG-00981,DEPARTURE,2023-10-12 19:19:19
HUB-004,PKG-02239,ARRIVAL,2023-10-02 11:16:08
HUB-011,PKG-01735,ARRIVAL,2023-10-02 09:22:04
HUB-003,PKG-00862,ARRIVAL,2023-10-29 09:57:48
HUB-001,PKG-00169,DEPARTURE,2023-10-26 11:56:53
HUB-005,PKG-01096,ARRIVAL,2023-10-16 14:26:21
HUB-004,PKG-01559,ARRIVAL,2023-10-29 14:56:00
HUB-002,PKG-02393,ARRIVAL,2023-10-20 16:30:11
HUB-009,PKG-02246,ARRIVAL,2023-10-09 12:20:08
HUB-001,PKG-01145,ARRIVAL,2023-10-21 05:29:04
HUB-011,PKG-02251,ARRIVAL,2023-10-29 16:16:23
HUB-009,PKG-01925,DEPARTURE,2023-10-26 16:34:06
HUB-006,PKG-01498,DEPARTURE,2023-10-29 21:06:47
HUB-004,PKG-02178,DEPARTURE,2023-10-29 13:04:14
HUB-001,PKG-00288,ARRIVAL,2023-10-25 13:00:33
HUB-006,PKG-00606,ARRIVAL,2023-10-08 12:31:36
HUB-003,PKG-00905,DEPARTURE,2023-10-07 11:43:57
HUB-008,PKG-00968,DEPARTURE,2023-10-06 14:16:54
HUB-003,PKG-01217,DEPARTURE,2023-10-22 00:19:43
HUB-005,PKG-00727,ARRIVAL,2023-10-19 17:45:54
HUB-005,PKG-01840,ARRIVAL,2023-10-04 06:03:35
HUB-005,PKG-00758,ARRIVAL,2023-10-12 07:05:49
HUB-003,PKG-01532,ARRIVAL,2023-10-30 21:05:57
HUB-001,PKG-01700,ARRIVAL,2023-10-21 07:30:37
HUB-009,PKG-01117,DEPARTURE,2023-10-08 05:25:09
HUB-005,PKG-00582,ARRIVAL,2023-10-03 07:35:51
HUB-001,PKG-00258,ARRIVAL,2023-10-14 14:06:33
HUB-008,PKG-02072,ARRIVAL,2023-10-18 08:02:54
HUB-004,PKG-00941,DEPARTURE,2023-10-11 15:08:53
HUB-008,PKG-01880,DEPARTURE,2023-10-29 18:17:47
HUB-001,PKG-00864,ARRIVAL,2023-10-17 08:24:14
HUB-006,PKG-02072,DEPARTURE,2023-10-19 04:38:01
HUB-002,PKG-01777,ARRIVAL,2023-10-05 16:58:02
HUB-012,PKG-00011,ARRIVAL,2023-10-29 07:26:45
HUB-006,PKG-00233,ARRIVAL,2023-10-03 10:59:48
HUB-008,PKG-00671,DEPARTURE,2023-10-05 13:18:44
HUB-007,PKG-00814,ARRIVAL,2023-10-25 20:21:36
HUB-005,PKG-00116,ARRIVAL,2023-10-14 13:29:14
HUB-009,PKG-00917,ARRIVAL,2023-10-09 07:17:28
HUB-007,PKG-00388,DEPARTURE,2023-10-04 20:45:53
HUB-011,PKG-00980,DEPARTURE,2023-10-19 02:29:06
HUB-011,PKG-01177,ARRIVAL,2023-10-27 08:50:46
HUB-005,PKG-01401,ARRIVAL,2023-10-04 16:47:50
HUB-005,PKG-01201,ARRIVAL,2023-10-07 09:46:16
HUB-004,PKG-00291,DEPARTURE,2023-10-22 17:09:40
HUB-005,PKG-01283,ARRIVAL,2023-10-09 07:57:41
HUB-011,PKG-02247,ARRIVAL,2023-10-19 18:03:16
HUB-001,PKG-01006,ARRIVAL,2023-10-18 23:41:32
HUB-006,PKG-01007,DEPARTURE,2023-10-28 00:21:55
HUB-005,PKG-00953,DEPARTURE,2023-10-27 21:02:13
HUB-005,PKG-01574,DEPARTURE,2023-10-24 19:45:51
HUB-007,PKG-02377,DEPARTURE,2023-10-20 08:32:52
HUB-002,PKG-02102,DEPARTURE,2023-10-08 14:52:19
HUB-006,PKG-02153,ARRIVAL,2023-10-12 02:57:55
HUB-004,PKG-00348,DEPARTURE,2023-10-10 16:19:52
HUB-001,PKG-02295,ARRIVAL,2023-10-17 04:40:36
HUB-001,PKG-01068,DEPARTURE,2023-10-10 11:11:33
HUB-011,PKG-01127,ARRIVAL,2023-10-18 15:40:29
HUB-004,PKG-01308,SORTING,2023-10-15 18:17:13
HUB-004,PKG-01345,ARRIVAL,2023-10-26 04:30:34
HUB-007,PKG-01925,DEPARTURE,2023-10-27 00:45:41
HUB-011,PKG-00384,DEPARTURE,2023-10-16 21:09:33
HUB-003,PKG-01982,ARRIVAL,2023-10-19 00:02:25
HUB-002,PKG-00034,ARRIVAL,2023-10-24 00:07:11
HUB-011,PKG-01242,ARRIVAL,2023-10-14 13:36:24
HUB-004,PKG-01293,ARRIVAL,2023-10-16 05:24:48
HUB-007,PKG-01225,ARRIVAL,2023-10-26 10:49:51
HUB-002,PKG-00040,DEPARTURE,2023-10-20 21:01:10
HUB-006,PKG-00668,ARRIVAL,2023-10-19 19:40:15
HUB-006,PKG-01125,DEPARTURE,2023-10-21 14:00:18
HUB-001,PKG-00171,ARRIVAL,2023-10-25 08:14:44
HUB-010,PKG-00596,ARRIVAL,2023-10-31 10:55:40
HUB-001,PKG-01518,DEPARTURE,2023-10-31 02:49:31
HUB-012,PKG-01176,ARRIVAL,2023-10-31 07:00:15
HUB-001,PKG-00343,DEPARTURE,2023-10-18 17:25:55
HUB-012,PKG-00423,DEPARTURE,2023-10-14 08:56:24
HUB-002,PKG-01898,ARRIVAL,2023-10-28 14:35:31
HUB-006,PKG-01007,ARRIVAL,2023-10-27 18:07:00
HUB-009,PKG-00004,DEPARTURE,2023-10-26 12:29:17
HUB-007,PKG-01560,ARRIVAL,2023-10-14 20:19:11
HUB-001,PKG-02044,DEPARTURE,2023-10-29 17:43:20
HUB-003,PKG-00279,ARRIVAL,2023-10-27 10:50:09
HUB-002,PKG-00144,ARRIVAL,2023-10-17 10:55:23
HUB-010,PKG-00231,SORTING,2023-10-29 11:46:49
HUB-011,PKG-00819,ARRIVAL,2023-10-05 05:30:57
HUB-001,PKG-01882,ARRIVAL,2023-10-25 13:10:40
HUB-001,PKG-02154,ARRIVAL,2023-10-30 04:08:11
HUB-007,PKG-01756,ARRIVAL,2023-10-07 04:57:18
HUB-002,PKG-01852,ARRIVAL,2023-10-05 18:05:42
HUB-006,PKG-02226,DEPARTURE,2023-10-11 07:28:23
HUB-002,PKG-00140,ARRIVAL,2023-10-27 16:50:46
HUB-004,PKG-01193,DEPARTURE,2023-10-08 08:39:19
HUB-009,PKG-02393,DEPARTURE,2023-10-21 13:36:24
HUB-002,PKG-02126,DEPARTURE,2023-10-29 17:42:00
HUB-004,PKG-01793,ARRIVAL,2023-10-23 22:25:48
HUB-005,PKG-02077,ARRIVAL,2023-10-26 08:16:15
HUB-004,PKG-01891,DEPARTURE,2023-10-19 12:50:43
HUB-001,PKG-02117,DEPARTURE,2023-10-20 23:56:44
HUB-008,PKG-01913,ARRIVAL,2023-10-23 22:59:14
HUB-003,PKG-01734,DEPARTURE,2023-10-05 11:00:12
HUB-009,PKG-02157,DEPARTURE,2023-10-22 18:53:57
HUB-001,PKG-02152,DEPARTURE,2023-10-03 12:14:17
HUB-006,PKG-01158,DEPARTURE,2023-10-22 17:11:40
HUB-005,PKG-00462,DEPARTURE,2023-10-11 20:12:17
HUB-008,PKG-02215,ARRIVAL,2023-10-16 13:54:39
HUB-004,PKG-02371,DEPARTURE,2023-10-16 21:32:01
HUB-008,PKG-00441,DEPARTURE,2023-10-07 01:36:32
HUB-003,PKG-00057,ARRIVAL,2023-10-23 13:42:51
HUB-008,PKG-00109,DEPARTURE,2023-10-08 17:22:07
HUB-006,PKG-02128,DEPARTURE,2023-10-18 18:32:54
HUB-001,PKG-00350,ARRIVAL,2023-10-10 11:28:12
HUB-005,PKG-00672,ARRIVAL,2023-10-01 05:42:59
HUB-003,PKG-01514,DEPARTURE,2023-10-29 10:15:58
HUB-003,PKG-00607,DEPARTURE,2023-10-16 20:14:31
HUB-011,PKG-01446,DEPARTURE,2023-10-02 20:13:13
HUB-002,PKG-00455,DEPARTURE,2023-10-10 18:24:47
HUB-001,PKG-01779,ARRIVAL,2023-10-27 03:57:49
HUB-004,PKG-00445,ARRIVAL,2023-10-08 14:17:31
HUB-003,PKG-02322,DEPARTURE,2023-10-04 13:27:24
HUB-004,PKG-00820,ARRIVAL,2023-10-20 20:02:55
HUB-003,PKG-02327,ARRIVAL,2023-10-23 13:51:00
HUB-001,PKG-02249,DEPARTURE,2023-10-01 22:17:18
HUB-010,PKG-01471,DEPARTURE,2023-10-09 15:02:02
HUB-001,PKG-01976,ARRIVAL,2023-10-24 05:01:01
HUB-004,PKG-00770,ARRIVAL,2023-10-04 15:43:33
HUB-001,PKG-02063,ARRIVAL,2023-10-20 14:16:13
HUB-002,PKG-00235,DEPARTURE,2023-10-29 06:46:45
HUB-011,PKG-00200,SORTING,2023-10-09 06:24:06
HUB-004,PKG-01066,SORTING,2023-10-31 18:03:51
HUB-009,PKG-01128,DEPARTURE,2023-10-03 23:50:27
HUB-003,PKG-00654,DEPARTURE,2023-10-06 09:15:34
HUB-006,PKG-00426,ARRIVAL,2023-10-23 12:14:56
HUB-003,PKG-01727,ARRIVAL,2023-10-17 20:20:19
HUB-011,PKG-00560,DEPARTURE,2023-10-16 05:39:20
HUB-007,PKG-01921,DEPARTURE,2023-10-09 11:35:12
HUB-009,PKG-01035,DEPARTURE,2023-10-15 10:43:34
HUB-011,PKG-02226,DEPARTURE,2023-10-11 00:33:19
HUB-002,PKG-01258,ARRIVAL,2023-10-27 09:32:06
HUB-010,PKG-01450,ARRIVAL,2023-10-03 07:54:03
HUB-004,PKG-00036,ARRIVAL,2023-10-09 22:53:16
HUB-001,PKG-01119,SORTING,2023-10-21 14:12:23
HUB-001,PKG-00513,ARRIVAL,2023-10-26 08:44:27
HUB-006,PKG-01638,DEPARTURE,2023-10-19 15:57:34
HUB-001,PKG-01312,ARRIVAL,2023-10-26 23:49:37
HUB-001,PKG-01490,DEPARTURE,2023-10-24 04:31:29
HUB-006,PKG-00709,ARRIVAL,2023-10-04 19:15:41
HUB-001,PKG-01819,DEPARTURE,2023-10-19 05:53:45
HUB-011,PKG-01425,ARRIVAL,2023-10-23 09:22:59
HUB-004,PKG-02008,ARRIVAL,2023-10-08 11:24:03
HUB-007,PKG-00839,ARRIVAL,2023-10-26 15:54:59
HUB-008,PKG-01664,DEPARTURE,2023-10-01 15:12:42
HUB-006,PKG-02076,ARRIVAL,2023-10-26 03:18:14
HUB-007,PKG-01710,DEPARTURE,2023-10-12 11:22:09
HUB-005,PKG-01536,DEPARTURE,2023-10-13 03:14:40
HUB-007,PKG-02105,DEPARTURE,2023-10-31 18:07:17
HUB-010,PKG-00902,ARRIVAL,2023-10-11 00:47:55
HUB-003,PKG-01962,ARRIVAL,2023-10-28 14:25:42
HUB-011,PKG-01533,DEPARTURE,2023-10-10 13:01:11
HUB-012,PKG-00873,DEPARTURE,2023-10-31 19:08:00
HUB-003,PKG-01639,ARRIVAL,2023-10-20 12:46:43
HUB-005,PKG-00140,DEPARTURE,2023-10-27 06:45:26
HUB-004,PKG-01317,ARRIVAL,2023-10-10 07:56:02
HUB-001,PKG-00164,ARRIVAL,2023-10-16 17:09:05
HUB-001,PKG-00576,DEPARTURE,2023-10-12 00:06:11
HUB-003,PKG-01844,ARRIVAL,2023-13-45 99:00:00
HUB-005,PKG-02257,DEPARTURE,2023-10-17 00:12:15
HUB-005,PKG-01890,SORTING,2023-10-16 06:06:14
HUB-004,PKG-00816,DEPARTURE,2023-10-13 03:17:13
HUB-004,PKG-01651,ARRIVAL,2023-10-07 13:18:24
HUB-003,PKG-01964,ARRIVAL,2023-10-22 03:23:33
HUB-006,PKG-00154,ARRIVAL,2023-10-10 14:09:47
HUB-002,PKG-01925,ARRIVAL,2023-10-27 04:53:00
HUB-002,PKG-02246,DEPARTURE,2023-10-10 13:42:00
HUB-003,PKG-00734,ARRIVAL,2023-10-16 16:45:21
HUB-003,PKG-00906,DEPARTURE,2023-10-16 16:56:24
HUB-006,PKG-00302,DEPARTURE,2023-10-02 16:48:19
HUB-005,PKG-02106,DEPARTURE,2023-10-22 05:43:29
HUB-007,PKG-00913,DEPARTURE,2023-10-15 19:16:40
HUB-001,PKG-01755,ARRIVAL,2023-10-08 18:43:26
HUB-012,PKG-01013,ARRIVAL,2023-10-28 11:27:21
HUB-003,PKG-02121,DEPARTURE,2023-10-12 23:05:49
HUB-001,PKG-02026,DEPARTURE,2023-10-04 12:35:18
HUB-008,PKG-01371,DEPARTURE,2023-10-31 13:13:58
HUB-009,PKG-01046,ARRIVAL,2023-10-28 16:08:34
HUB-005,PKG-02286,ARRIVAL,2023-10-12 19:23:00
HUB-005,PKG-01653,ARRIVAL,2023-10-21 07:50:36
HUB-007,PKG-01030,ARRIVAL,2023-10-22 18:52:10
HUB-003,PKG-01843,ARRIVAL,2023-10-30 09:58:25
HUB-003,PKG-00902,DEPARTURE,2023-10-10 20:42:47
HUB-005,PKG-00847,ARRIVAL,2023-10-20 06:15:53
HUB-006,PKG-02059,ARRIVAL,2023-10-22 15:31:45
HUB-006,PKG-02320,ARRIVAL,2023-10-05 08:37:24
HUB-004,PKG-00932,DEPARTURE,2023-10-28 14:56:18
HUB-011,PKG-00707,DEPARTURE,2023-10-08 08:31:11
HUB-002,PKG-02204,DEPARTURE,2023-10-15 16:35:17
HUB-001,PKG-00006,ARRIVAL,2023-10-15 14:00:46
HUB-010,PKG-01312,DEPARTURE,2023-10-25 19:48:10
HUB-006,PKG-01708,DEPARTURE,2023-10-28 08:25:45
HUB-003,PKG-02093,DEPARTURE,2023-10-19 14:30:31
HUB-008,PKG-01794,ARRIVAL,2023-10-17 07:07:39
HUB-001,PKG-00724,DEPARTURE,2023-10-20 07:36:46
HUB-004,PKG-01846,DEPARTURE,2023-10-07 05:27:36
HUB-011,PKG-01815,DEPARTURE,2023-10-30 23:53:15
HUB-006,PKG-01904,ARRIVAL,2023-10-30 18:43:01
HUB-006,PKG-00156,ARRIVAL,2023-10-16 23:11:47
HUB-003,PKG-01521,DEPARTURE,2023-10-07 02:17:44
HUB-001,PKG-00319,ARRIVAL,2023-10-29 22:12:48
HUB-001,PKG-01230,ARRIVAL,2023-10-25 16:29:24
HUB-009,PKG-02203,DEPARTURE,2023-10-22 05:35:31
HUB-001,PKG-02212,ARRIVAL,2023-10-23 04:08:15
HUB-002,PKG-01879,DEPARTURE,2023-10-21 21:11:00
HUB-009,PKG-01238,ARRIVAL,2023-10-10 13:51:30
HUB-012,PKG-00691,DEPARTURE,2023-10-21 15:08:57
HUB-005,PKG-01802,DEPARTURE,2023-10-28 03:13:17
HUB-011,PKG-00243,ARRIVAL,2023-10-23 07:22:24
HUB-003,PKG-00512,ARRIVAL,2023-10-29 10:00:10
HUB-002,PKG-00679,DEPARTURE,2023-10-05 12:25:03
HUB-003,PKG-00111,DEPARTURE,2023-10-10 06:04:20
HUB-006,PKG-02069,ARRIVAL,2023-10-07 15:21:48
HUB-003,PKG-00340,ARRIVAL,2023-10-25 13:51:44
HUB-003,PKG-00671,ARRIVAL,2023-10-04 15:25:13
HUB-007,PKG-01807,DEPARTURE,2023-10-18 18:46:13
HUB-006,PKG-01774,DEPARTURE,2023-10-15 16:01:02
HUB-006,PKG-02052,ARRIVAL,2023-10-01 11:04:35
HUB-003,PKG-01049,DEPARTURE,2023-10-20 20:30:36
HUB-002,PKG-01770,ARRIVAL,2023-10-04 13:42:27
HUB-009,PKG-02041,ARRIVAL,2023-10-15 22:39:48
HUB-003,PKG-02255,DEPARTURE,2023-10-06 14:46:12
HUB-007,PKG-01978,ARRIVAL,2023-10-20 12:42:10
HUB-002,PKG-00391,ARRIVAL,2023-10-19 06:06:50
HUB-004,PKG-00844,ARRIVAL,2023-10-21 18:36:41
HUB-004,PKG-02228,DEPARTURE,2023-10-29 21:37:59
HUB-001,PKG-01541,DEPARTURE,2023-10-21 10:03:28
HUB-008,PKG-01646,DEPARTURE,2023-10-20 06:12:36
HUB-007,PKG-02378,DEPARTURE,2023-10-02 03:15:10
HUB-012,PKG-01957,ARRIVAL,2023-10-02 07:03:27
HUB-001,PKG-01933,DEPARTURE,2023-10-19 16:24:35
HUB-010,PKG-02318,ARRIVAL,2023-10-06 20:30:09
HUB-002,PKG-00583,ARRIVAL,2023-10-27 23:36:01
HUB-005,PKG-01192,DEPARTURE,2023-10-29 07:07:39
HUB-002,PKG-02283,ARRIVAL,2023-10-30 03:13:43
HUB-003,PKG-00053,ARRIVAL,2023-10-12 16:36:06
HUB-006,PKG-01418,DEPARTURE,2023-10-12 13:05:56
HUB-005,PKG-01763,DEPARTURE,2023-10-29 02:58:16
HUB-007,PKG-02226,DEPARTURE,2023-10-12 00:15:58
HUB-004,PKG-00006,ARRIVAL,2023-10-15 22:45:33
HUB-005,PKG-00804,ARRIVAL,2023-10-19 08:45:59
HUB-004,PKG-00130,DEPARTURE,2023-10-15 22:44:39
HUB-003,PKG-01951,DEPARTURE,2023-10-16 15:28:24
HUB-008,PKG-00247,ARRIVAL,2023-10-01 15:30:29
HUB-008,PKG-02311,ARRIVAL,2023-10-16 07:51:56
HUB-004,PKG-00714,DEPARTURE,2023-10-26 03:41:33
HUB-009,PKG-02096,DEPARTURE,2023-10-08 06:10:24
HUB-002,PKG-01124,DEPARTURE,2023-10-15 00:02:15
HUB-005,PKG-02225,ARRIVAL,2023-10-16 23:05:19
HUB-005,PKG-02170,DEPARTURE,2023-10-27 20:05:27
HUB-003,PKG-01544,DEPARTURE,2023-10-16 08:22:50
HUB-005,PKG-01886,ARRIVAL,2023-10-05 15:04:24
HUB-004,PKG-01518,DEPARTURE,2023-10-30 17:21:39
HUB-012,PKG-00705,DEPARTURE,2023-10-08 08:14:44
HUB-012,PKG-01729,ARRIVAL,2023-10-12 11:35:16
HUB-005,PKG-00867,ARRIVAL,2023-10-28 16:34:54
HUB-001,PKG-01169,DEPARTURE,2023-10-10 15:51:39
HUB-001,PKG-00050,ARRIVAL,2023-10-19 16:13:04
HUB-007,PKG-01300,DEPARTURE,2023-10-05 18:10:04
HUB-012,PKG-00923,DEPARTURE,2023-10-13 20:33:10
HUB-011,PKG-00985,ARRIVAL,2023-10-30 01:13:51
HUB-004,PKG-01621,DEPARTURE,2023-10-02 03:19:38
HUB-005,PKG-02057,ARRIVAL,2023-10-05 10:44:11
HUB-009,PKG-02223,ARRIVAL,2023-10-20 17:45:58
HUB-005,PKG-01928,DEPARTURE,2023-10-15 11:31:08
HUB-001,PKG-01376,DEPARTURE,2023-10-30 19:40:21
HUB-012,PKG-02133,DEPARTURE,2023-10-09 01:17:05
HUB-007,PKG-00263,DEPARTURE,2023-10-16 21:51:09
HUB-005,PKG-01421,DEPARTURE,2023-10-31 04:16:14
HUB-002,PKG-01583,DEPARTURE,2023-10-29 19:16:45
HUB-009,PKG-01152,ARRIVAL,2023-10-17 14:30:47
HUB-001,PKG-00475,ARRIVAL,2023-10-11 09:15:18
HUB-002,PKG-01677,DEPARTURE,2023-10-02 13:38:32
HUB-001,PKG-01347,DEPARTURE,2023-10-25 01:58:35
HUB-007,PKG-00994,ARRIVAL,2023-10-19 22:52:26
HUB-006,PKG-02314,DEPARTURE,2023-10-27 19:32:20
HUB-001,PKG-00738,ARRIVAL,2023-10-06 05:29:22
HUB-006,PKG-02130,ARRIVAL,2023-10-22 07:35:21
HUB-004,PKG-00921,ARRIVAL,2023-10-15 08:38:38
HUB-012,PKG-00073,ARRIVAL,2023-10-08 07:10:51
HUB-003,PKG-00044,DEPARTURE,2023-10-09 01:28:20
HUB-001,PKG-01651,ARRIVAL,2023-10-07 21:53:29
HUB-005,PKG-02031,ARRIVAL,2023-10-08 15:52:37
HUB-006,PKG-00230,DEPARTURE,2023-10-20 17:19:31
HUB-001,PKG-00666,DEPARTURE,2023-11-01 07:11:23
HUB-002,PKG-00478,ARRIVAL,2023-10-24 19:48:56
HUB-005,PKG-00823,ARRIVAL,2023-10-23 15:29:42
HUB-003,PKG-01850,DEPARTURE,2023-10-11 16:40:56
HUB-007,PKG-01919,DEPARTURE,invalid_ts
HUB-004,PKG-02093,DEPARTURE,2023-10-18 20:21:57
HUB-008,PKG-00683,SORTING,2023-10-06 05:30:16
HUB-003,PKG-02330,DEPARTURE,2023-10-15 11:34:06
HUB-006,PKG-00836,DEPARTURE,2023-10-07 05:17:49
HUB-001,PKG-00576,ARRIVAL,2023-10-11 18:35:53
HUB-002,PKG-02068,DEPARTURE,2023-10-01 19:53:54
HUB-004,PKG-01847,DEPARTURE,2023-10-29 00:48:59
HUB-005,PKG-02347,DEPARTURE,2023-10-17 13:06:11
HUB-001,PKG-01916,DEPARTURE,2023-10-10 09:51:39
HUB-001,PKG-01272,DEPARTURE,2023-10-13 07:33:29
HUB-004,PKG-02181,DEPARTURE,2023-10-11 14:56:20
HUB-006,PKG-02188,DEPARTURE,2023-10-04 21:12:45
HUB-011,PKG-01840,DEPARTURE,2023-10-03 15:32:39
HUB-011,PKG-02190,DEPARTURE,2023-10-12 01:26:36
HUB-002,PKG-01303,ARRIVAL,2023-10-28 06:52:12
HUB-011,PKG-01939,ARRIVAL,2023-10-20 22:52:43
HUB-007,PKG-01323,DEPARTURE,2023-10-10 01:40:32
HUB-001,PKG-01862,DEPARTURE,2023-10-21 22:48:44
HUB-002,PKG-01761,DEPARTURE,2023-10-30 22:22:46
HUB-003,PKG-01636,SORTING,2023-10-04 21:06:09
HUB-001,PKG-02263,DEPARTURE,2023-10-22 04:14:23
HUB-003,PKG-02188,DEPARTURE,2023-10-05 09:33:14
HUB-007,PKG-00814,SORTING,2023-10-25 23:39:37
HUB-012,PKG-00472,ARRIVAL,2023-10-04 04:54:59
HUB-009,PKG-01076,DEPARTURE,2023-10-14 19:02:27
HUB-010,PKG-02250,DEPARTURE,2023-10-25 09:14:21
HUB-002,PKG-01422,ARRIVAL,2023-10-10 13:46:56
HUB-004,PKG-01104,ARRIVAL,2023-10-23 14:57:45
HUB-007,PKG-02392,ARRIVAL,2023-10-22 12:39:59
HUB-005,PKG-00805,DEPARTURE,2023-10-25 13:55:51
HUB-002,PKG-01835,ARRIVAL,2023-10-09 17:15:52
HUB-001,PKG-00400,ARRIVAL,2023-10-26 23:55:00
HUB-005,PKG-01169,ARRIVAL,2023-10-09 14:52:34
HUB-010,PKG-01675,DEPARTURE,2023-10-04 23:15:34
HUB-005,PKG-01169,DEPARTURE,2023-10-09 20:08:43
HUB-007,PKG-02212,DEPARTURE,2023-10-22 22:57:14
HUB-006,PKG-00919,ARRIVAL,2023-10-14 13:46:07
HUB-004,PKG-01620,ARRIVAL,2023-10-29 17:41:20
HUB-004,PKG-00984,ARRIVAL,2023-10-02 07:07:30
HUB-003,PKG-02390,DEPARTURE,2023-10-30 21:06:17
HUB-008,PKG-00968,ARRIVAL,2023-10-06 10:39:02
HUB-012,PKG-00112,ARRIVAL,2023-10-06 04:55:58
HUB-001,PKG-00679,ARRIVAL,2023-10-04 18:08:20
HUB-005,PKG-01686,DEPARTURE,2023-10-21 01:18:34
HUB-007,PKG-01553,DEPARTURE,2023-10-14 01:33:30
HUB-006,PKG-00166,ARRIVAL,2023-10-23 16:46:03
HUB-009,PKG-01090,ARRIVAL,2023-10-04 15:53:14
HUB-001,PKG-00510,DEPARTURE,2023-10-06 01:12:00
HUB-007,PKG-02247,ARRIVAL,2023-10-20 15:20:24
HUB-011,PKG-00486,DEPARTURE,2023-10-18 19:05:13
HUB-007,PKG-02253,ARRIVAL,2023-10-25 02:37:07
HUB-004,PKG-01175,ARRIVAL,2023-10-27 21:43:51
HUB-008,PKG-00218,ARRIVAL,2023-10-20 11:17:33
HUB-003,PKG-02375,ARRIVAL,2023-10-12 12:33:17
HUB-004,PKG-02297,DEPARTURE,2023-10-14 18:15:50
HUB-004,PKG-01715,DEPARTURE,2023-10-28 18:11:38
HUB-011,PKG-00086,ARRIVAL,2023-10-11 08:34:22
HUB-001,PKG-01176,DEPARTURE,2023-10-30 19:31:13
HUB-012,PKG-01566,DEPARTURE,2023-10-30 20:26:27
HUB-011,PKG-01001,ARRIVAL,2023-10-23 10:51:34
HUB-009,PKG-00241,DEPARTURE,2023-10-31 10:16:23
HUB-004,PKG-00486,DEPARTURE,2023-10-20 10:17:08
HUB-002,PKG-01443,ARRIVAL,2023-10-25 07:06:31
HUB-009,PKG-00216,ARRIVAL,2023-10-31 03:57:45
HUB-001,PKG-02304,DEPARTURE,2023-10-28 05:48:34
HUB-012,PKG-01187,DEPARTURE,2023-10-19 20:57:17
HUB-001,PKG-00084,DEPARTURE,2023-10-21 12:43:30
HUB-008,PKG-01674,ARRIVAL,2023-10-06 14:37:26
HUB-011,PKG-00957,DEPARTURE,2023-10-13 21:39:11
HUB-001,PKG-02047,DEPARTURE,2023-10-08 11:12:27
HUB-003,PKG-01452,DEPARTURE,2023-10-15 17:37:40
HUB-003,PKG-01089,ARRIVAL,2023-10-14 02:11:57
HUB-004,PKG-01559,DEPARTURE,2023-10-29 19:25:09
HUB-012,PKG-00297,DEPARTURE,2023-10-14 14:53:29
HUB-011,PKG-01139,ARRIVAL,2023-10-06 18:24:29
HUB-001,PKG-02302,ARRIVAL,2023-10-29 20:11:53
HUB-008,PKG-00884,DEPARTURE,2023-10-04 13:18:38
HUB-001,PKG-02014,SORTING,2023-10-19 06:44:06
HUB-002,PKG-02326,DEPARTURE,2023-10-22 10:34:05
HUB-011,PKG-01515,ARRIVAL,2023-13-45 99:00:00
HUB-002,PKG-00963,ARRIVAL,2023-10-19 13:41:00
HUB-004,PKG-02314,DEPARTURE,2023-10-27 13:57:02
HUB-006,PKG-01910,ARRIVAL,2023-10-15 12:15:34
HUB-005,PKG-01806,ARRIVAL,2023-10-16 07:15:19
HUB-001,PKG-02183,DEPARTURE,2023-10-05 16:56:37
HUB-001,PKG-01358,ARRIVAL,2023-10-08 14:03:56
HUB-002,PKG-00997,ARRIVAL,2023-10-11 01:09:31
HUB-012,PKG-01810,DEPARTURE,2023-10-12 23:29:36
HUB-002,PKG-00600,ARRIVAL,2023-10-08 11:10:25
HUB-011,PKG-01654,ARRIVAL,2023-10-10 08:17:04
HUB-005,PKG-01771,ARRIVAL,2023-10-13 08:13:47
HUB-009,PKG-00288,ARRIVAL,2023-10-25 19:51:33
HUB-001,PKG-01424,ARRIVAL,2023-10-06 11:12:16
HUB-009,PKG-00569,DEPARTURE,2023-10-11 15:55:28
HUB-004,PKG-00399,DEPARTURE,2023-10-16 10:53:25
HUB-011,PKG-00909,ARRIVAL,2023-10-07 20:30:26
HUB-006,PKG-01281,ARRIVAL,2023-10-10 20:01:14
HUB-007,PKG-01320,ARRIVAL,2023-10-09 03:28:27
HUB-001,PKG-01976,ARRIVAL,2023-10-24 05:01:01
HUB-008,PKG-00072,ARRIVAL,2023-10-02 02:41:11
HUB-003,PKG-01631,DEPARTURE,2023-10-17 16:37:56
HUB-012,PKG-01588,DEPARTURE,2023-10-10 01:27:54
HUB-002,PKG-01204,ARRIVAL,2023-10-17 12:32:21
HUB-002,PKG-01502,DEPARTURE,2023-10-07 19:49:52
HUB-006,PKG-00653,DEPARTURE,2023-10-14 09:24:32
HUB-009,PKG-01509,ARRIVAL,2023-10-12 01:32:11
HUB-003,PKG-01621,ARRIVAL,2023-10-01 07:20:07
HUB-004,PKG-02248,ARRIVAL,2023-10-16 16:41:54
HUB-012,PKG-00310,DEPARTURE,2023-10-27 05:57:29
HUB-010,PKG-00060,ARRIVAL,2023-10-05 22:28:04
HUB-001,PKG-00370,DEPARTURE,2023-10-12 10:27:33
HUB-005,PKG-00561,ARRIVAL,2023-10-09 00:38:42
HUB-002,PKG-01372,DEPARTURE,2023-10-01 10:33:46
HUB-001,PKG-00844,ARRIVAL,2023-10-22 06:02:14
HUB-001,PKG-01916,SORTING,2023-10-10 07:44:49
HUB-001,PKG-01751,DEPARTURE,2023-10-11 06:41:27
HUB-008,PKG-00078,ARRIVAL,2023-10-08 09:26:05
HUB-004,PKG-01744,DEPARTURE,2023-10-08 16:57:30
HUB-007,PKG-00827,ARRIVAL,2023-10-19 07:29:14
HUB-004,PKG-00190,ARRIVAL,2023-10-06 14:41:53
HUB-006,PKG-00386,DEPARTURE,2023-10-04 16:45:59
HUB-003,PKG-01584,ARRIVAL,2023-10-12 07:15:22
HUB-002,PKG-00657,ARRIVAL,2023-10-26 15:29:57
HUB-003,PKG-01171,ARRIVAL,2023-10-24 08:39:08
HUB-004,PKG-01968,ARRIVAL,2023-10-09 16:24:17
HUB-010,PKG-01899,DEPARTURE,2023-10-18 19:37:05
HUB-002,PKG-01414,DEPARTURE,2023-10-07 18:36:05
HUB-002,PKG-02149,DEPARTURE,2023-10-17 03:46:43
HUB-006,PKG-00134,ARRIVAL,2023-10-02 14:11:14
HUB-012,PKG-00363,DEPARTURE,2023-10-16 11:38:52
HUB-012,PKG-01840,DEPARTURE,2023-10-04 03:21:26
HUB-008,PKG-01580,ARRIVAL,2023-10-04 04:20:48
HUB-004,PKG-00211,ARRIVAL,2023-10-26 17:29:44
HUB-002,PKG-01681,DEPARTURE,2023-10-04 16:23:01
HUB-005,PKG-01165,SORTING,2023-10-20 05:40:30
HUB-006,PKG-00219,ARRIVAL,2023-10-23 23:30:41
HUB-002,PKG-02197,ARRIVAL,2023-10-30 15:28:26
HUB-005,PKG-01917,DEPARTURE,2023-10-19 21:07:56
HUB-005,PKG-00864,ARRIVAL,2023-10-15 16:01:51
HUB-001,PKG-01084,ARRIVAL,2023-10-11 07:26:29
HUB-005,PKG-00059,ARRIVAL,2023-10-12 06:41:52
HUB-012,PKG-01430,DEPARTURE,2023-10-30 19:51:41
HUB-002,PKG-00338,DEPARTURE,2023-10-26 15:31:58
HUB-003,PKG-01121,DEPARTURE,2023-10-11 05:13:16
HUB-005,PKG-01576,ARRIVAL,2023-10-07 19:34:51
HUB-003,PKG-00958,ARRIVAL,2023-10-25 14:18:11
HUB-009,PKG-00763,DEPARTURE,2023-10-07 10:18:56
HUB-009,PKG-01795,ARRIVAL,2023-10-14 16:28:19
HUB-012,PKG-00594,ARRIVAL,2023-10-13 06:36:13
HUB-005,PKG-01323,DEPARTURE,2023-10-09 03:08:10
HUB-007,PKG-01895,ARRIVAL,2023-10-18 11:43:24
HUB-007,PKG-01065,ARRIVAL,2023-10-19 13:07:18
HUB-003,PKG-01105,ARRIVAL,2023-10-03 02:03:55
HUB-008,PKG-02067,ARRIVAL,2023-10-19 22:04:26
HUB-010,PKG-01031,ARRIVAL,2023-10-26 14:26:10
HUB-005,PKG-01739,DEPARTURE,2023-10-09 22:38:35
HUB-012,PKG-01888,ARRIVAL,2023-10-25 09:16:14
HUB-011,PKG-00909,DEPARTURE,2023-10-08 05:38:24
HUB-002,PKG-01990,ARRIVAL,2023-10-21 15:09:18
HUB-008,PKG-01794,DEPARTURE,2023-10-17 13:42:04
HUB-002,PKG-00191,ARRIVAL,2023-10-15 07:27:42
HUB-008,PKG-01420,DEPARTURE,2023-10-24 14:29:59
HUB-001,PKG-01790,DEPARTURE,2023-10-18 16:25:22
HUB-004,PKG-01563,DEPARTURE,2023-10-23 22:09:04
HUB-004,PKG-01853,ARRIVAL,2023-10-27 10:12:34
HUB-001,PKG-01820,ARRIVAL,2023-10-16 14:35:16
HUB-003,PKG-01017,DEPARTURE,2023-10-09 22:59:45
HUB-002,PKG-00853,ARRIVAL,2023-10-03 02:23:05
HUB-005,PKG-00939,DEPARTURE,2023-10-11 06:18:31
HUB-001,PKG-01193,ARRIVAL,2023-10-07 09:18:46
HUB-002,PKG-00950,ARRIVAL,2023-10-06 22:40:43
HUB-007,PKG-01950,ARRIVAL,2023-10-08 16:38:28
HUB-006,PKG-02200,DEPARTURE,2023-10-20 21:25:37
HUB-005,PKG-00823,DEPARTURE,2023-10-24 01:20:55
HUB-007,PKG-00718,DEPARTURE,2023-10-17 19:57:52
HUB-012,PKG-01623,ARRIVAL,2023-10-06 20:30:03
HUB-004,PKG-00927,DEPARTURE,2023-10-26 08:38:39
HUB-004,PKG-00557,ARRIVAL,2023-10-20 12:47:17
HUB-001,PKG-02038,ARRIVAL,2023-10-01 12:17:15
HUB-007,PKG-02151,DEPARTURE,2023-10-09 05:27:59
HUB-002,PKG-00265,ARRIVAL,2023-10-02 19:06:29
HUB-012,PKG-00912,DEPARTURE,2023-10-26 17:42:59
HUB-006,PKG-02226,ARRIVAL,2023-10-11 04:20:16
HUB-003,PKG-01841,DEPARTURE,2023-10-22 14:01:42
HUB-003,PKG-00969,ARRIVAL,2023-10-06 13:49:21
HUB-002,PKG-02283,DEPARTURE,2023-10-30 08:10:19
HUB-002,PKG-01353,DEPARTURE,2023-10-25 12:08:06
HUB-001,PKG-02186,DEPARTURE,2023-10-26 05:28:42
HUB-001,PKG-00235,ARRIVAL,2023-10-28 11:55:09
HUB-011,PKG-00035,DEPARTURE,2023-10-15 17:44:06
HUB-008,PKG-01164,ARRIVAL,2023-10-21 04:37:27
HUB-006,PKG-01819,ARRIVAL,2023-10-18 16:27:23
HUB-011,PKG-00310,SORTING,2023-10-25 21:27:30
HUB-001,PKG-01749,ARRIVAL,2023-10-23 19:27:41
HUB-001,PKG-00639,DEPARTURE,2023-10-30 16:39:44
HUB-011,PKG-02008,ARRIVAL,2023-10-08 23:38:22
HUB-006,PKG-01058,DEPARTURE,2023-10-01 21:24:31
HUB-010,PKG-01758,ARRIVAL,2023-10-15 19:28:18
HUB-008,PKG-02378,DEPARTURE,2023-10-02 08:00:04
HUB-007,PKG-00055,DEPARTURE,2023-10-26 09:02:16
HUB-001,PKG-01228,ARRIVAL,2023-10-12 20:55:19
HUB-008,PKG-00193,DEPARTURE,2023-10-24 23:34:47
HUB-009,PKG-01284,DEPARTURE,2023-10-04 04:19:11
HUB-006,PKG-01520,DEPARTURE,2023-10-30 20:30:59
HUB-006,PKG-01483,ARRIVAL,2023-10-12 08:30:48
HUB-006,PKG-00017,DEPARTURE,2023-10-11 21:16:45
HUB-009,PKG-01759,ARRIVAL,2023-10-17 01:05:32
HUB-001,PKG-02357,DEPARTURE,2023-10-18 18:01:07
HUB-004,PKG-01310,ARRIVAL,2023-10-04 19:56:22
HUB-003,PKG-00217,ARRIVAL,2023-10-15 12:52:09
HUB-004,PKG-02082,ARRIVAL,2023-10-03 15:27:25
HUB-002,PKG-01755,DEPARTURE,2023-10-09 15:48:46
HUB-003,PKG-01437,DEPARTURE,2023-10-17 17:56:17
HUB-008,PKG-00132,ARRIVAL,2023-10-29 10:36:43
HUB-010,PKG-00065,DEPARTURE,2023-10-14 23:44:57
HUB-001,PKG-00421,DEPARTURE,2023-10-24 00:53:50
HUB-011,PKG-01762,ARRIVAL,2023-10-08 02:55:16
HUB-009,PKG-01238,DEPARTURE,2023-10-10 15:04:50
HUB-005,PKG-01586,DEPARTURE,2023-10-07 05:20:57
HUB-003,PKG-01193,DEPARTURE,2023-10-07 21:29:21
HUB-006,PKG-01997,ARRIVAL,2023-10-01 20:56:47
HUB-002,PKG-02387,ARRIVAL,2023-10-28 23:35:56
HUB-003,PKG-00749,DEPARTURE,2023-10-07 02:47:11
HUB-006,PKG-01125,ARRIVAL,2023-10-21 07:47:06
HUB-012,PKG-00255,ARRIVAL,2023-10-27 15:26:49
HUB-002,PKG-02121,ARRIVAL,2023-10-13 01:17:40
HUB-002,PKG-01610,ARRIVAL,2023-10-06 15:41:24
HUB-005,PKG-01480,ARRIVAL,2023-10-05 02:44:24
HUB-009,PKG-01737,DEPARTURE,2023-10-19 17:13:05
HUB-002,PKG-00242,ARRIVAL,2023-10-10 04:45:54
HUB-001,PKG-00661,DEPARTURE,2023-10-16 20:28:01
HUB-012,PKG-00264,ARRIVAL,2023-10-11 16:03:21
HUB-008,PKG-01801,ARRIVAL,2023-10-11 01:15:22
HUB-001,PKG-00598,DEPARTURE,2023-10-24 13:57:07
HUB-010,PKG-01192,ARRIVAL,2023-10-29 10:51:28
HUB-003,PKG-00793,DEPARTURE,2023-10-06 12:26:56
HUB-005,PKG-00391,DEPARTURE,2023-10-20 08:40:05
HUB-005,PKG-01440,ARRIVAL,2023-10-20 14:41:37
HUB-005,PKG-00551,DEPARTURE,2023-10-05 22:35:50
HUB-001,PKG-00070,DEPARTURE,2023-10-12 21:08:15
HUB-002,PKG-01741,ARRIVAL,2023-10-15 07:09:12
HUB-002,PKG-00101,ARRIVAL,2023-10-09 07:46:26
HUB-003,PKG-01897,ARRIVAL,2023-10-29 18:47:57
HUB-003,PKG-01020,ARRIVAL,2023-10-04 20:33:59
HUB-009,PKG-00004,ARRIVAL,2023-10-26 08:56:43
HUB-008,PKG-01368,ARRIVAL,2023-10-05 15:02:25
HUB-003,PKG-01636,DEPARTURE,2023-10-04 16:43:14
HUB-005,PKG-02290,ARRIVAL,2023-10-08 12:51:39
HUB-006,PKG-02148,ARRIVAL,2023-10-19 16:17:07
HUB-001,PKG-00296,DEPARTURE,2023-10-01 20:46:57
HUB-007,PKG-01599,SORTING,2023-10-29 19:39:53
HUB-012,PKG-01499,DEPARTURE,2023-10-10 17:13:21
HUB-007,PKG-01678,ARRIVAL,2023-10-07 12:34:52
HUB-011,PKG-01239,ARRIVAL,2023-10-23 08:57:18
HUB-012,PKG-01811,ARRIVAL,2023-10-23 21:38:13
HUB-001,PKG-02388,ARRIVAL,2023-10-06 23:05:39
HUB-007,PKG-01482,ARRIVAL,2023-10-20 02:19:44
HUB-011,PKG-01959,ARRIVAL,2023-10-04 00:17:38
HUB-010,PKG-01138,SORTING,2023-10-19 15:35:44
HUB-009,PKG-01601,ARRIVAL,2023-10-30 18:15:49
HUB-010,PKG-00971,DEPARTURE,2023-10-25 00:56:55
HUB-012,PKG-01864,ARRIVAL,2023-10-25 15:48:41
HUB-003,PKG-01716,DEPARTURE,2023-10-03 22:50:36
HUB-006,PKG-01206,ARRIVAL,2023-10-16 23:49:22
HUB-001,PKG-01273,DEPARTURE,2023-10-17 10:57:04
HUB-001,PKG-01552,DEPARTURE,2023-10-21 12:47:39
HUB-006,PKG-01296,DEPARTURE,2023-10-13 23:07:57
HUB-001,PKG-01349,DEPARTURE,2023-10-20 18:48:00
HUB-005,PKG-02350,ARRIVAL,2023-10-18 09:17:17
HUB-004,PKG-00853,DEPARTURE,2023-10-02 16:52:07
HUB-006,PKG-00504,ARRIVAL,2023-10-18 15:41:42
HUB-004,PKG-00035,DEPARTURE,2023-10-16 04:33:16
HUB-008,PKG-00520,ARRIVAL,2023-10-03 16:09:00
HUB-008,PKG-01642,ARRIVAL,2023-10-30 11:11:15
HUB-001,PKG-01191,DEPARTURE,2023-10-18 17:02:13
HUB-005,PKG-00038,ARRIVAL,2023-10-30 11:18:28
HUB-001,PKG-02217,DEPARTURE,2023-10-17 17:51:22
HUB-006,PKG-00348,ARRIVAL,2023-10-10 18:52:37
HUB-006,PKG-02307,DEPARTURE,2023-10-22 03:53:07
HUB-011,PKG-01852,DEPARTURE,2023-10-05 14:38:25
HUB-012,PKG-01632,ARRIVAL,2023-10-25 01:12:24
HUB-009,PKG-00014,ARRIVAL,2023-10-20 19:51:41
HUB-002,PKG-00253,DEPARTURE,2023-10-22 19:54:50
HUB-004,PKG-00316,ARRIVAL,2023-10-27 21:52:18
HUB-001,PKG-01067,DEPARTURE,2023-10-05 06:20:07
HUB-012,PKG-00517,ARRIVAL,2023-10-02 02:28:08
HUB-008,PKG-00251,DEPARTURE,2023-10-28 08:30:30
HUB-002,PKG-00357,DEPARTURE,2023-10-12 20:33:50
HUB-012,PKG-01552,ARRIVAL,2023-10-21 15:46:54
HUB-003,PKG-00111,ARRIVAL,2023-10-10 01:19:22
HUB-006,PKG-00381,DEPARTURE,2023-10-10 09:14:25
HUB-007,PKG-01256,DEPARTURE,2023-10-02 16:57:45
HUB-003,PKG-02158,ARRIVAL,2023-10-10 12:16:19
HUB-003,PKG-00739,ARRIVAL,2023-10-15 09:23:35
HUB-005,PKG-01068,DEPARTURE,2023-10-09 18:13:25
HUB-008,PKG-01821,ARRIVAL,2023-10-10 11:13:00
HUB-007,PKG-00419,ARRIVAL,2023-10-27 07:48:37
HUB-011,PKG-00015,DEPARTURE,2023-10-14 20:32:17
HUB-006,PKG-00160,ARRIVAL,2023-10-21 10:46:15
HUB-012,PKG-01623,DEPARTURE,2023-10-07 02:38:34
HUB-008,PKG-00968,SORTING,2023-10-06 12:27:58
HUB-006,PKG-00767,ARRIVAL,2023-10-29 16:17:10
HUB-001,PKG-01330,SORTING,2023-10-19 16:14:36
HUB-004,PKG-00419,ARRIVAL,2023-10-26 21:07:36
HUB-001,PKG-00424,DEPARTURE,2023-10-10 02:53:41
HUB-001,PKG-02152,ARRIVAL,2023-10-03 07:12:43
HUB-002,PKG-02029,DEPARTURE,2023-10-23 08:28:57
HUB-007,PKG-01320,DEPARTURE,2023-10-09 09:56:38
HUB-008,PKG-01517,ARRIVAL,2023-10-30 06:26:29
HUB-005,PKG-01023,ARRIVAL,2023-10-20 12:24:12
HUB-008,PKG-01420,ARRIVAL,2023-10-24 11:13:50
HUB-011,PKG-00956,ARRIVAL,2023-10-26 22:34:01
HUB-004,PKG-00935,DEPARTURE,2023-10-28 05:25:32
HUB-005,PKG-02278,ARRIVAL,2023-10-20 10:48:39
HUB-005,PKG-01071,ARRIVAL,2023-10-26 17:24:16
HUB-002,PKG-02288,ARRIVAL,2023-10-26 11:41:12
HUB-001,PKG-00266,DEPARTURE,2023-10-23 02:20:26
HUB-008,PKG-01135,DEPARTURE,2023-10-04 17:29:45
HUB-002,PKG-01961,ARRIVAL,2023-10-27 21:12:03
HUB-002,PKG-00627,ARRIVAL,2023-10-10 09:43:09
HUB-001,PKG-00058,ARRIVAL,2023-10-02 05:13:54
HUB-003,PKG-01464,ARRIVAL,2023-10-17 10:22:42
HUB-001,PKG-01820,DEPARTURE,2023-10-16 18:39:37
HUB-002,PKG-00997,DEPARTURE,2023-10-11 08:09:28
HUB-002,PKG-00942,DEPARTURE,2023-10-01 08:13:01
HUB-006,PKG-02099,ARRIVAL,2023-10-07 08:23:53
HUB-005,PKG-00201,ARRIVAL,2023-10-12 09:28:11
HUB-002,PKG-00720,ARRIVAL,2023-10-06 15:40:05
HUB-011,PKG-00470,ARRIVAL,2023-10-02 14:54:47
HUB-005,PKG-00864,DEPARTURE,2023-10-16 14:37:52
HUB-001,PKG-01467,ARRIVAL,2023-10-06 09:06:07
HUB-004,PKG-01822,ARRIVAL,2023-10-30 11:17:50
HUB-005,PKG-01409,DEPARTURE,2023-10-22 02:38:26
HUB-001,PKG-02023,ARRIVAL,2023-10-26 11:07:16
HUB-011,PKG-00200,DEPARTURE,2023-10-09 10:28:40
HUB-002,PKG-00280,DEPARTURE,2023-10-17 09:12:43
HUB-001,PKG-01866,DEPARTURE,2023-10-04 16:37:34
HUB-008,PKG-00607,DEPARTURE,2023-10-17 10:41:46
HUB-009,PKG-02393,ARRIVAL,2023-10-21 05:19:56
HUB-003,PKG-00506,DEPARTURE,2023-10-12 18:44:04
HUB-012,PKG-00670,DEPARTURE,2023-10-06 05:32:35
HUB-001,PKG-02384,ARRIVAL,2023-10-18 18:55:17
HUB-004,PKG-00335,DEPARTURE,2023-10-15 09:04:42
HUB-004,PKG-01609,ARRIVAL,2023-10-23 20:25:53
HUB-009,PKG-00569,ARRIVAL,2023-10-11 08:58:24
HUB-002,PKG-02347,DEPARTURE,2023-10-16 19:35:58
HUB-011,PKG-02394,ARRIVAL,2023-10-17 18:48:32
HUB-004,PKG-00872,DEPARTURE,2023-10-14 16:29:22
HUB-004,PKG-00719,ARRIVAL,2023-10-13 15:04:57
HUB-006,PKG-01466,ARRIVAL,2023-10-17 14:17:22
HUB-004,PKG-01146,DEPARTURE,2023-10-17 20:27:28
HUB-002,PKG-01610,DEPARTURE,2023-10-06 20:15:16
HUB-007,PKG-01030,DEPARTURE,2023-10-23 05:10:10
HUB-006,PKG-00357,ARRIVAL,2023-10-13 04:01:27
HUB-012,PKG-00594,DEPARTURE,2023-10-13 11:06:15
HUB-005,PKG-01679,ARRIVAL,2023-10-16 16:52:18
HUB-006,PKG-02150,DEPARTURE,2023-10-15 08:16:00
HUB-004,PKG-01432,DEPARTURE,2023-10-11 03:34:24
HUB-005,PKG-01871,ARRIVAL,2023-10-10 12:59:39
HUB-010,PKG-00065,ARRIVAL,2023-10-14 18:15:24
HUB-007,PKG-01895,ARRIVAL,2023-10-18 11:43:24
HUB-002,PKG-00569,ARRIVAL,2023-10-11 22:20:59
HUB-003,PKG-02062,DEPARTURE,2023-10-30 03:13:08
HUB-003,PKG-01818,DEPARTURE,2023-10-03 10:11:12
HUB-004,PKG-01429,DEPARTURE,2023-10-18 09:51:49
HUB-004,PKG-02022,DEPARTURE,2023-10-22 22:01:40
HUB-001,PKG-01203,ARRIVAL,2023-10-28 07:52:40
HUB-001,PKG-01207,SORTING,2023-10-05 08:31:56
HUB-012,PKG-00271,DEPARTURE,2023-10-03 15:01:33
HUB-009,PKG-00298,ARRIVAL,2023-10-09 22:37:24
HUB-001,PKG-02076,DEPARTURE,2023-10-26 23:22:08
HUB-011,PKG-01347,SORTING,2023-10-24 08:54:44
HUB-001,PKG-00684,DEPARTURE,2023-10-16 21:28:27
HUB-001,PKG-01203,DEPARTURE,2023-10-28 11:29:30
HUB-003,PKG-00955,DEPARTURE,2023-10-19 20:10:16
HUB-003,PKG-01000,DEPARTURE,2023-10-24 21:41:10
HUB-001,PKG-00615,DEPARTURE,2023-10-29 18:32:54
HUB-008,PKG-00500,DEPARTURE,2023-10-09 22:32:09
HUB-002,PKG-02094,DEPARTURE,2023-10-02 19:45:01
HUB-004,PKG-02231,DEPARTURE,2023-10-15 22:16:07
HUB-010,PKG-01186,ARRIVAL,2023-10-24 17:06:04
HUB-003,PKG-00254,DEPARTURE,2023-10-20 00:22:05
HUB-003,PKG-01806,ARRIVAL,2023-10-17 02:45:53
HUB-009,PKG-01822,ARRIVAL,2023-10-31 03:41:23
HUB-005,PKG-01026,ARRIVAL,2023-10-05 17:51:54
HUB-007,PKG-00009,DEPARTURE,2023-10-02 18:41:54
HUB-004,PKG-00714,ARRIVAL,2023-10-25 23:15:53
HUB-009,PKG-00948,DEPARTURE,2023-10-28 18:07:00
HUB-001,PKG-00791,DEPARTURE,2023-10-01 12:28:55
HUB-006,PKG-01850,ARRIVAL,2023-10-12 03:34:12
HUB-004,PKG-01937,ARRIVAL,2023-10-26 15:28:01
HUB-002,PKG-01586,ARRIVAL,2023-10-07 15:49:00
HUB-002,PKG-00546,ARRIVAL,2023-10-22 04:45:16
HUB-006,PKG-00184,ARRIVAL,2023-10-20 15:04:57
HUB-003,PKG-02020,ARRIVAL,2023-10-14 10:40:59
HUB-001,PKG-00855,ARRIVAL,2023-10-29 22:47:24
HUB-006,PKG-01846,DEPARTURE,2023-10-06 17:34:41
HUB-005,PKG-01690,ARRIVAL,2023-10-17 07:40:06
HUB-005,PKG-02342,DEPARTURE,2023-10-18 01:37:00
HUB-009,PKG-02223,DEPARTURE,2023-10-21 01:59:44
HUB-002,PKG-01833,ARRIVAL,2023-10-05 09:52:04
HUB-003,PKG-00174,DEPARTURE,2023-10-10 00:06:33
HUB-007,PKG-02123,DEPARTURE,2023-10-16 19:41:37
HUB-008,PKG-01113,ARRIVAL,2023-10-02 10:26:00
HUB-011,PKG-01615,SORTING,2023-10-11 03:33:32
HUB-002,PKG-01883,DEPARTURE,2023-10-25 07:10:43
HUB-006,PKG-01913,DEPARTURE,2023-10-23 18:22:05
HUB-008,PKG-01859,DEPARTURE,2023-10-19 05:35:58
HUB-003,PKG-00740,DEPARTURE,2023-10-09 03:03:51
HUB-003,PKG-01163,ARRIVAL,2023-10-24 18:53:16
HUB-011,PKG-00090,DEPARTURE,2023-10-30 14:48:55
HUB-003,PKG-01723,DEPARTURE,2023-10-10 14:59:08
HUB-001,PKG-01327,ARRIVAL,2023-10-21 09:30:55
HUB-011,PKG-01618,ARRIVAL,2023-10-20 21:43:48
HUB-001,PKG-02067,ARRIVAL,2023-10-20 12:05:14
HUB-010,PKG-00971,ARRIVAL,2023-10-21 16:17:11
HUB-003,PKG-01403,ARRIVAL,2023-10-22 01:25:15
HUB-005,PKG-01142,DEPARTURE,2023-10-13 19:50:45
HUB-011,PKG-02209,ARRIVAL,2023-10-08 19:09:54
HUB-004,PKG-00998,ARRIVAL,2023-10-11 08:04:56
HUB-006,PKG-00624,DEPARTURE,2023-10-16 19:26:16
HUB-002,PKG-01444,ARRIVAL,2023-10-25 11:03:07
HUB-012,PKG-01775,ARRIVAL,2023-10-21 01:21:42
HUB-011,PKG-01088,ARRIVAL,2023-10-05 18:38:27
HUB-010,PKG-01063,ARRIVAL,2023-10-22 14:25:57
HUB-004,PKG-00816,ARRIVAL,2023-10-13 00:13:24
HUB-002,PKG-00664,ARRIVAL,2023-10-02 19:05:03
HUB-002,PKG-00944,DEPARTURE,2023-10-25 11:16:18
HUB-007,PKG-02025,DEPARTURE,2023-10-11 18:13:00
HUB-003,PKG-00820,DEPARTURE,2023-10-21 19:30:02
HUB-008,PKG-02061,ARRIVAL,2023-10-01 19:38:26
HUB-003,PKG-00902,ARRIVAL,2023-10-10 13:26:53
HUB-001,PKG-00366,ARRIVAL,2023-10-24 14:25:10
HUB-004,PKG-02369,DEPARTURE,2023-10-05 12:37:46
HUB-004,PKG-01700,DEPARTURE,2023-10-22 03:40:48
HUB-001,PKG-00646,DEPARTURE,2023-10-16 00:06:21
HUB-004,PKG-01853,DEPARTURE,2023-10-27 15:06:20
HUB-007,PKG-01238,DEPARTURE,2023-10-11 01:50:16
HUB-008,PKG-00683,ARRIVAL,2023-10-06 04:00:09
HUB-005,PKG-01143,SORTING,2023-10-16 01:55:07
HUB-008,PKG-01670,ARRIVAL,2023-10-14 18:59:36
HUB-011,PKG-00147,ARRIVAL,2023-10-21 17:10:03
HUB-004,PKG-01908,ARRIVAL,2023-10-19 13:05:21
HUB-001,PKG-02256,DEPARTURE,2023-10-12 14:48:15
HUB-011,PKG-01786,DEPARTURE,2023-10-24 23:33:31
HUB-009,PKG-01008,DEPARTURE,2023-10-20 15:06:11
HUB-005,PKG-02234,DEPARTURE,2023-10-11 01:49:50
HUB-003,PKG-00129,ARRIVAL,2023-10-03 14:27:09
HUB-003,PKG-00775,ARRIVAL,2023-10-14 13:03:14
HUB-001,PKG-02140,ARRIVAL,2023-10-21 18:10:01
HUB-010,PKG-02178,ARRIVAL,2023-10-28 23:54:12
HUB-010,PKG-00151,DEPARTURE,2023-10-12 07:04:08
HUB-004,PKG-00190,DEPARTURE,2023-10-06 18:33:58
HUB-001,PKG-00499,DEPARTURE,2023-10-26 10:01:20
HUB-001,PKG-02295,DEPARTURE,2023-10-17 14:31:22
HUB-001,PKG-00801,ARRIVAL,2023-10-27 14:32:36
HUB-001,PKG-00939,DEPARTURE,2023-10-10 16:09:46
HUB-012,PKG-01097,DEPARTURE,2023-10-13 05:14:58
HUB-006,PKG-00807,SORTING,2023-10-11 18:42:46
HUB-005,PKG-01586,ARRIVAL,2023-10-06 23:29:41
HUB-002,PKG-02102,ARRIVAL,2023-10-08 09:25:46
HUB-007,PKG-01155,DEPARTURE,2023-10-24 10:16:16
HUB-005,PKG-00054,DEPARTURE,2023-10-25 22:11:42
HUB-011,PKG-02074,DEPARTURE,2023-10-03 04:42:08
HUB-010,PKG-02220,DEPARTURE,2023-10-30 02:20:55
HUB-005,PKG-01313,DEPARTURE,2023-10-05 15:37:40
HUB-003,PKG-02001,ARRIVAL,2023-10-07 07:19:33
HUB-005,PKG-00444,ARRIVAL,2023-10-24 22:16:59
HUB-005,PKG-00255,ARRIVAL,2023-10-28 00:28:51
HUB-005,PKG-01824,DEPARTURE,2023-10-30 20:36:45
HUB-006,PKG-00669,ARRIVAL,2023-10-28 14:35:46
HUB-011,PKG-01615,DEPARTURE,2023-10-11 06:45:30
HUB-005,PKG-02162,DEPARTURE,2023-10-18 23:32:57
HUB-002,PKG-01113,DEPARTURE,2023-10-02 06:25:50
HUB-005,PKG-00451,ARRIVAL,2023-10-08 17:34:01
HUB-003,PKG-01295,DEPARTURE,2023-10-08 19:25:06
HUB-002,PKG-01124,ARRIVAL,2023-10-14 14:27:27
HUB-012,PKG-00255,DEPARTURE,2023-10-27 21:56:16
HUB-007,PKG-02170,ARRIVAL,2023-10-26 19:58:23
HUB-003,PKG-01893,DEPARTURE,2023-10-10 10:30:11
HUB-001,PKG-00012,SORTING,2023-10-20 18:00:29
HUB-007,PKG-00690,DEPARTURE,2023-10-28 03:53:54
HUB-001,PKG-01249,DEPARTURE,2023-10-21 05:08:08
HUB-004,PKG-01097,DEPARTURE,2023-10-12 18:16:26
HUB-005,PKG-01033,ARRIVAL,2023-10-29 09:21:36
HUB-004,PKG-00147,ARRIVAL,2023-10-22 21:30:13
HUB-006,PKG-00809,ARRIVAL,2023-10-29 05:34:22
HUB-005,PKG-00779,DEPARTURE,2023-10-13 01:07:26
HUB-004,PKG-01686,SORTING,2023-10-21 22:02:39
HUB-008,PKG-00581,ARRIVAL,2023-10-11 08:39:32
HUB-004,PKG-01704,DEPARTURE,2023-10-12 12:52:50
HUB-004,PKG-00860,ARRIVAL,2023-10-30 07:32:46
HUB-005,PKG-02241,DEPARTURE,2023-10-23 17:35:35
HUB-004,PKG-01625,ARRIVAL,2023-10-25 18:11:45
HUB-002,PKG-00706,ARRIVAL,2023-10-14 19:27:50
HUB-007,PKG-01747,DEPARTURE,2023-10-07 23:16:34
HUB-005,PKG-02201,DEPARTURE,2023-10-07 03:02:13
HUB-007,PKG-00550,ARRIVAL,2023-10-03 05:51:32
HUB-002,PKG-02285,DEPARTURE,2023-10-28 01:12:05
HUB-007,PKG-02086,ARRIVAL,2023-10-05 18:29:57
HUB-002,PKG-00275,DEPARTURE,2023-10-05 02:51:28
HUB-007,PKG-00925,ARRIVAL,2023-10-03 18:34:09
HUB-001,PKG-01693,DEPARTURE,2023-10-22 00:10:42
HUB-007,PKG-00396,DEPARTURE,2023-10-21 20:46:35
HUB-011,PKG-02302,DEPARTURE,2023-10-30 10:01:06
HUB-011,PKG-00300,ARRIVAL,2023-10-12 09:42:42
HUB-002,PKG-01242,DEPARTURE,2023-10-14 02:12:16
HUB-008,PKG-01265,DEPARTURE,2023-10-30 22:29:51
HUB-003,PKG-00092,DEPARTURE,2023-10-23 00:16:06
HUB-012,PKG-01195,ARRIVAL,2023-10-20 14:48:56
HUB-003,PKG-00990,ARRIVAL,2023-10-24 06:11:50
HUB-004,PKG-00927,ARRIVAL,2023-10-26 05:36:50
HUB-001,PKG-00460,SORTING,2023-10-03 19:29:20
HUB-006,PKG-00764,ARRIVAL,2023-10-02 09:37:22
HUB-004,PKG-00962,ARRIVAL,2023-10-25 07:50:25
HUB-009,PKG-01695,DEPARTURE,2023-10-15 21:46:58
HUB-008,PKG-02308,ARRIVAL,2023-10-07 11:41:25
HUB-005,PKG-02315,ARRIVAL,2023-10-29 12:12:24
HUB-003,PKG-00379,DEPARTURE,2023-10-25 06:22:29
HUB-011,PKG-00093,ARRIVAL,2023-10-26 11:15:43
HUB-001,PKG-00479,DEPARTURE,2023-10-19 07:26:47
HUB-003,PKG-00203,ARRIVAL,2023-10-21 07:13:02
HUB-001,PKG-01411,DEPARTURE,2023-10-07 13:47:08
HUB-004,PKG-01822,SORTING,2023-10-30 15:31:42
HUB-003,PKG-00048,ARRIVAL,2023-10-12 12:06:43
HUB-001,PKG-01404,DEPARTURE,2023-10-16 03:51:32
HUB-003,PKG-02236,DEPARTURE,2023-10-15 17:34:08
HUB-004,PKG-00690,DEPARTURE,2023-10-27 15:55:52
HUB-002,PKG-02049,ARRIVAL,2023-10-14 05:59:27
HUB-006,PKG-02122,DEPARTURE,2023-10-12 11:14:06
HUB-006,PKG-00527,DEPARTURE,2023-10-12 12:06:46
HUB-003,PKG-01080,DEPARTURE,2023-10-20 21:46:30
HUB-002,PKG-02230,DEPARTURE,2023-10-28 19:18:29
HUB-008,PKG-01179,DEPARTURE,2023-10-22 01:02:34
HUB-005,PKG-02006,DEPARTURE,2023-10-24 20:09:07
HUB-008,PKG-01348,ARRIVAL,2023-10-29 09:18:31
HUB-005,PKG-00867,DEPARTURE,2023-10-29 05:50:44
HUB-004,PKG-01151,DEPARTURE,2023-10-28 09:16:55
HUB-005,PKG-01276,DEPARTURE,2023-10-28 08:26:36
HUB-004,PKG-01596,DEPARTURE,2023-10-08 10:15:54
HUB-008,PKG-02192,DEPARTURE,2023-10-11 04:26:40
HUB-004,PKG-00153,DEPARTURE,2023-10-31 15:07:07
HUB-001,PKG-01587,ARRIVAL,2023-10-21 12:30:51
HUB-007,PKG-00332,DEPARTURE,2023-10-22 20:27:29
HUB-003,PKG-01602,DEPARTURE,2023-10-17 09:31:22
HUB-005,PKG-01885,ARRIVAL,2023-10-24 10:03:28
HUB-005,PKG-01040,ARRIVAL,2023-10-22 05:56:47
HUB-001,PKG-01605,ARRIVAL,2023-10-26 15:37:18
HUB-002,PKG-00270,ARRIVAL,2023-10-03 12:30:37
HUB-006,PKG-02078,DEPARTURE,2023-10-10 08:31:51
HUB-004,PKG-00616,DEPARTURE,2023-10-29 15:25:13
HUB-001,PKG-01072,DEPARTURE,2023-10-18 15:27:37
HUB-005,PKG-01874,DEPARTURE,2023-10-23 12:07:00
HUB-001,PKG-00096,ARRIVAL,2023-10-05 15:46:14
HUB-004,PKG-02137,DEPARTURE,2023-10-15 18:06:27
HUB-007,PKG-01474,ARRIVAL,2023-10-03 03:12:04
HUB-003,PKG-01967,ARRIVAL,2023-10-18 08:11:07
HUB-002,PKG-00947,ARRIVAL,2023-10-25 13:50:01
HUB-006,PKG-01349,ARRIVAL,2023-10-21 20:35:24
HUB-005,PKG-01773,DEPARTURE,2023-10-25 21:18:02
HUB-001,PKG-02039,ARRIVAL,2023-10-25 07:02:10
HUB-005,PKG-02162,ARRIVAL,2023-10-18 12:42:40
HUB-001,PKG-01791,ARRIVAL,2023-10-09 01:02:53
HUB-002,PKG-00851,DEPARTURE,2023-10-30 11:52:33
HUB-006,PKG-01463,DEPARTURE,2023-10-17 03:16:38
HUB-001,PKG-01751,ARRIVAL,2023-10-11 02:59:21
HUB-004,PKG-00843,ARRIVAL,2023-10-13 22:01:05
HUB-005,PKG-00314,ARRIVAL,2023-10-21 08:41:33
HUB-007,PKG-00395,DEPARTURE,2023-10-02 06:55:10
HUB-001,PKG-02313,ARRIVAL,2023-10-16 21:22:35
HUB-003,PKG-00486,ARRIVAL,2023-10-19 04:18:32
HUB-007,PKG-00638,DEPARTURE,2023-10-21 14:43:00
HUB-002,PKG-00447,DEPARTURE,2023-10-20 19:16:48
HUB-006,PKG-01464,ARRIVAL,2023-10-18 01:25:32
HUB-007,PKG-00169,DEPARTURE,2023-10-25 22:37:35
HUB-009,PKG-00934,ARRIVAL,2023-10-22 14:25:47
HUB-005,PKG-01667,DEPARTURE,2023-10-21 21:39:10
HUB-003,PKG-00069,DEPARTURE,2023-10-27 23:40:11
HUB-002,PKG-02288,DEPARTURE,2023-10-26 17:08:53
HUB-002,PKG-00519,ARRIVAL,2023-10-17 09:31:41
HUB-004,PKG-00211,DEPARTURE,2023-10-26 20:04:12
HUB-006,PKG-01082,SORTING,2023-10-25 02:36:38
HUB-006,PKG-01406,DEPARTURE,2023-10-06 20:46:39
HUB-004,PKG-00044,ARRIVAL,2023-10-09 05:52:50
HUB-003,PKG-00342,ARRIVAL,2023-10-29 09:43:36
HUB-011,PKG-02042,ARRIVAL,2023-10-15 11:47:12
HUB-001,PKG-01634,ARRIVAL,2023-10-27 16:14:57
HUB-005,PKG-02119,DEPARTURE,2023-10-12 04:36:56
HUB-003,PKG-02349,DEPARTURE,2023-10-19 16:56:27
HUB-001,PKG-01067,ARRIVAL,2023-10-05 02:43:21
HUB-012,PKG-00312,DEPARTURE,2023-10-20 22:57:27
HUB-003,PKG-01798,ARRIVAL,2023-10-25 08:00:28
HUB-008,PKG-01959,DEPARTURE,2023-10-03 19:28:13
HUB-001,PKG-01665,DEPARTURE,2023-10-14 09:25:07
HUB-012,PKG-01873,DEPARTURE,2023-10-29 09:10:30
HUB-003,PKG-01550,ARRIVAL,2023-10-18 03:17:26
HUB-012,PKG-01632,DEPARTURE,2023-10-25 09:15:55
HUB-003,PKG-02080,ARRIVAL,2023-10-04 01:25:56
HUB-001,PKG-00261,ARRIVAL,2023-10-09 13:31:09
HUB-001,PKG-00237,DEPARTURE,2023-10-06 20:13:59
HUB-004,PKG-01537,ARRIVAL,2023-10-29 20:50:24
HUB-004,PKG-01362,ARRIVAL,2023-10-29 12:58:05
HUB-004,PKG-01051,ARRIVAL,2023-10-19 05:09:14
HUB-010,PKG-00520,ARRIVAL,2023-10-04 05:35:59
HUB-007,PKG-01473,ARRIVAL,2023-10-11 04:48:05
HUB-005,PKG-01650,DEPARTURE,2023-10-18 10:29:19
HUB-001,PKG-01890,ARRIVAL,2023-10-15 12:50:48
HUB-001,PKG-01399,DEPARTURE,2023-10-12 12:02:40
HUB-007,PKG-00814,DEPARTURE,2023-10-26 02:57:39
HUB-010,PKG-01859,ARRIVAL,2023-10-18 07:58:23
HUB-002,PKG-01752,DEPARTURE,2023-10-08 15:14:42
HUB-003,PKG-02389,ARRIVAL,2023-10-22 16:22:05
HUB-005,PKG-00779,ARRIVAL,2023-10-12 19:49:51
HUB-005,PKG-02122,ARRIVAL,2023-10-11 13:04:42
HUB-002,PKG-01968,DEPARTURE,2023-10-09 07:18:33
HUB-004,PKG-01845,DEPARTURE,2023-10-02 01:42:28
HUB-011,PKG-01539,DEPARTURE,2023-10-05 03:40:03
HUB-008,PKG-00982,ARRIVAL,2023-10-26 06:03:44
HUB-005,PKG-01061,ARRIVAL,2023-10-10 15:48:24
HUB-011,PKG-01723,ARRIVAL,2023-10-11 00:07:21
HUB-002,PKG-01348,ARRIVAL,2023-10-28 15:21:24
HUB-006,PKG-01484,ARRIVAL,2023-10-18 04:50:34
HUB-008,PKG-00523,DEPARTURE,2023-10-20 02:16:45
HUB-003,PKG-01365,ARRIVAL,2023-10-28 17:07:57
HUB-010,PKG-00961,DEPARTURE,2023-10-26 16:03:38
HUB-004,PKG-01376,DEPARTURE,2023-10-31 05:16:58
HUB-006,PKG-01684,DEPARTURE,2023-10-12 15:47:13
HUB-003,PKG-00450,DEPARTURE,2023-10-22 00:42:10
HUB-002,PKG-01509,ARRIVAL,2023-10-11 14:16:43
HUB-010,PKG-00780,ARRIVAL,2023-10-15 15:35:22
HUB-008,PKG-01875,DEPARTURE,2023-10-23 20:27:51
HUB-011,PKG-02184,ARRIVAL,2023-10-27 17:04:48
HUB-001,PKG-00202,ARRIVAL,2023-10-06 16:03:13
HUB-012,PKG-00310,ARRIVAL,2023-10-27 02:01:07
HUB-011,PKG-01002,ARRIVAL,2023-10-21 22:21:22
HUB-001,PKG-02090,DEPARTURE,2023-10-06 08:26:23
HUB-004,PKG-00663,ARRIVAL,2023-10-29 03:32:01
HUB-011,PKG-00655,ARRIVAL,2023-10-20 21:50:18
HUB-004,PKG-00543,DEPARTURE,2023-10-13 22:03:43
HUB-004,PKG-01579,DEPARTURE,2023-10-04 06:09:22
HUB-006,PKG-02095,ARRIVAL,2023-10-02 10:04:03
HUB-011,PKG-00515,DEPARTURE,2023-10-08 08:42:05
HUB-008,PKG-00441,ARRIVAL,2023-10-06 20:48:48
HUB-008,PKG-00072,DEPARTURE,2023-10-02 08:10:57
HUB-006,PKG-01331,DEPARTURE,2023-10-21 10:04:49
HUB-003,PKG-00819,ARRIVAL,2023-10-04 13:02:57
HUB-011,PKG-00099,DEPARTURE,2023-10-18 12:40:48
HUB-003,PKG-00142,ARRIVAL,2023-10-20 08:14:01
HUB-010,PKG-02169,ARRIVAL,2023-10-13 18:23:05
HUB-001,PKG-01419,ARRIVAL,2023-10-09 16:37:50
HUB-002,PKG-00998,ARRIVAL,2023-10-10 13:46:11
HUB-006,PKG-01185,DEPARTURE,2023-10-31 16:08:58
HUB-012,PKG-00887,DEPARTURE,2023-10-12 14:03:28
HUB-003,PKG-01274,ARRIVAL,2023-10-05 10:10:51
HUB-012,PKG-00549,DEPARTURE,2023-10-13 03:58:37
HUB-001,PKG-00950,ARRIVAL,2023-10-07 04:56:49
HUB-012,PKG-00297,ARRIVAL,2023-10-14 09:29:32
HUB-004,PKG-01479,ARRIVAL,2023-10-02 23:31:44
HUB-001,PKG-00168,DEPARTURE,2023-10-14 08:34:30
HUB-002,PKG-00703,SORTING,2023-10-24 14:20:33
HUB-006,PKG-00892,ARRIVAL,2023-10-09 15:56:24
HUB-004,PKG-01011,DEPARTURE,2023-10-22 15:31:48
HUB-001,PKG-01319,ARRIVAL,2023-10-30 11:40:09
HUB-003,PKG-00117,ARRIVAL,2023-10-04 12:33:40
HUB-012,PKG-01791,ARRIVAL,2023-10-09 12:43:09
HUB-012,PKG-00744,DEPARTURE,2023-10-06 18:45:19
HUB-008,PKG-01316,ARRIVAL,2023-10-06 06:46:57
HUB-005,PKG-02062,ARRIVAL,2023-10-30 07:08:51
HUB-004,PKG-00197,ARRIVAL,2023-10-17 14:18:21
HUB-002,PKG-01633,ARRIVAL,2023-10-22 08:00:12
HUB-011,PKG-02172,DEPARTURE,2023-10-23 19:17:12
HUB-009,PKG-02149,ARRIVAL,2023-10-15 12:37:39
HUB-005,PKG-01825,DEPARTURE,2023-11-01 04:15:29
HUB-004,PKG-01432,ARRIVAL,2023-10-10 21:15:28
HUB-003,PKG-01038,ARRIVAL,2023-10-22 01:59:54
HUB-002,PKG-00544,ARRIVAL,2023-10-12 18:22:51
HUB-010,PKG-01508,ARRIVAL,2023-10-23 16:31:50
HUB-005,PKG-01156,SORTING,2023-10-09 11:28:53
HUB-001,PKG-01619,DEPARTURE,2023-10-01 16:31:27
HUB-007,PKG-00803,DEPARTURE,2023-10-04 12:51:02
HUB-002,PKG-00937,ARRIVAL,2023-10-22 22:18:52
HUB-006,PKG-01609,DEPARTURE,2023-10-23 17:01:26
HUB-004,PKG-01772,DEPARTURE,2023-10-03 17:45:52
HUB-004,PKG-01479,DEPARTURE,2023-10-03 04:55:08
HUB-006,PKG-01599,DEPARTURE,2023-10-30 19:15:25
HUB-001,PKG-00148,DEPARTURE,2023-10-07 02:09:33
HUB-001,PKG-01998,ARRIVAL,2023-10-07 07:12:32
HUB-012,PKG-02299,DEPARTURE,2023-10-16 00:55:19
HUB-005,PKG-01824,ARRIVAL,2023-10-30 01:05:08
HUB-008,PKG-01093,DEPARTURE,2023-10-05 03:33:39
HUB-005,PKG-01036,DEPARTURE,2023-10-24 09:03:07
HUB-007,PKG-00259,ARRIVAL,2023-10-29 01:17:48
HUB-006,PKG-01197,ARRIVAL,2023-10-15 16:21:39
HUB-004,PKG-01624,DEPARTURE,2023-10-07 08:16:19
HUB-005,PKG-01481,ARRIVAL,2023-10-07 05:23:24
HUB-001,PKG-01693,ARRIVAL,2023-10-21 17:41:26
HUB-011,PKG-01425,DEPARTURE,2023-10-23 19:28:19
HUB-002,PKG-00328,ARRIVAL,2023-10-23 11:51:20
HUB-007,PKG-01909,ARRIVAL,2023-10-31 05:38:02
HUB-001,PKG-02294,DEPARTURE,2023-10-24 01:52:15
HUB-004,PKG-01361,DEPARTURE,2023-10-23 15:05:21
HUB-002,PKG-01477,ARRIVAL,2023-10-22 02:24:55
HUB-003,PKG-00449,ARRIVAL,2023-10-16 19:07:53
HUB-003,PKG-00931,ARRIVAL,2023-10-13 11:18:41
HUB-002,PKG-02035,ARRIVAL,2023-10-16 08:47:55
HUB-001,PKG-00492,DEPARTURE,2023-10-07 16:26:53
HUB-002,PKG-02137,DEPARTURE,2023-10-16 16:37:25
HUB-009,PKG-00861,ARRIVAL,2023-10-28 14:02:51
HUB-008,PKG-00523,ARRIVAL,2023-10-19 21:24:11
HUB-002,PKG-02306,DEPARTURE,2023-10-01 13:35:23
HUB-002,PKG-00455,ARRIVAL,2023-10-10 12:32:58
HUB-005,PKG-01494,ARRIVAL,2023-10-11 09:17:07
HUB-005,PKG-01612,DEPARTURE,2023-10-16 17:45:31
HUB-003,PKG-00488,ARRIVAL,2023-10-11 12:06:22
HUB-011,PKG-01798,DEPARTURE,2023-10-24 22:28:45
HUB-005,PKG-01916,DEPARTURE,2023-10-11 00:46:17
HUB-002,PKG-00227,ARRIVAL,2023-10-11 02:51:45
HUB-001,PKG-00584,ARRIVAL,2023-10-02 15:44:49
HUB-007,PKG-00168,ARRIVAL,2023-10-13 11:26:02
HUB-003,PKG-00439,DEPARTURE,2023-10-11 05:37:14
HUB-004,PKG-01820,ARRIVAL,2023-10-17 05:52:12
HUB-004,PKG-00231,ARRIVAL,2023-10-29 18:11:30
HUB-009,PKG-01764,ARRIVAL,2023-10-21 15:27:57
HUB-006,PKG-00621,DEPARTURE,2023-10-29 06:34:43
HUB-008,PKG-00166,DEPARTURE,2023-10-24 11:51:54
HUB-003,PKG-02217,ARRIVAL,2023-10-16 21:32:02
HUB-003,PKG-00415,DEPARTURE,2023-10-30 17:15:30
HUB-003,PKG-02116,ARRIVAL,2023-10-02 08:37:18
HUB-006,PKG-01535,ARRIVAL,2023-10-19 16:22:07
HUB-001,PKG-01439,ARRIVAL,2023-10-25 18:50:32
HUB-009,PKG-01313,ARRIVAL,2023-10-05 17:56:15
HUB-003,PKG-01364,ARRIVAL,2023-10-18 05:44:33
HUB-005,PKG-00568,ARRIVAL,2023-10-30 11:32:44
HUB-003,PKG-02099,SORTING,2023-10-06 18:51:10
HUB-003,PKG-01285,ARRIVAL,2023-10-29 14:39:44
HUB-004,PKG-00029,ARRIVAL,2023-10-25 06:24:21
HUB-007,PKG-01035,DEPARTURE,2023-10-16 03:37:55
HUB-004,PKG-01513,ARRIVAL,2023-10-23 04:33:30
HUB-006,PKG-02281,ARRIVAL,2023-10-10 15:12:06
HUB-004,PKG-01237,ARRIVAL,2023-10-09 21:30:49
HUB-004,PKG-02116,ARRIVAL,2023-10-02 23:47:55
HUB-005,PKG-01016,ARRIVAL,2023-10-20 08:00:51
HUB-008,PKG-01362,ARRIVAL,2023-10-28 13:01:12
HUB-001,PKG-00610,DEPARTURE,2023-10-23 23:10:21
HUB-010,PKG-00267,DEPARTURE,2023-10-01 18:08:42
HUB-003,PKG-01171,SORTING,2023-10-24 11:31:54
HUB-001,PKG-00950,DEPARTURE,2023-10-07 09:15:43
HUB-006,PKG-00908,ARRIVAL,2023-10-10 12:06:40
HUB-009,PKG-00288,DEPARTURE,2023-10-26 00:54:09
HUB-003,PKG-00414,ARRIVAL,2023-10-03 18:35:44
HUB-009,PKG-00583,DEPARTURE,2023-10-28 22:03:46
HUB-006,PKG-01782,ARRIVAL,2023-10-25 14:57:14
HUB-003,PKG-02365,DEPARTURE,2023-10-03 01:56:05
HUB-005,PKG-00386,DEPARTURE,2023-10-05 04:11:02
HUB-007,PKG-00061,ARRIVAL,2023-10-02 18:52:39
HUB-008,PKG-00949,DEPARTURE,2023-10-06 12:23:07
HUB-006,PKG-02231,DEPARTURE,2023-10-16 11:34:02
HUB-010,PKG-02293,DEPARTURE,2023-10-17 18:55:08
HUB-012,PKG-01499,ARRIVAL,2023-10-10 14:45:00
HUB-008,PKG-01322,ARRIVAL,2023-10-02 16:38:38
HUB-005,PKG-01626,DEPARTURE,2023-10-18 18:25:11
HUB-007,PKG-00947,ARRIVAL,2023-10-26 05:36:45
HUB-002,PKG-01447,ARRIVAL,2023-10-26 17:39:26
HUB-011,PKG-00579,DEPARTURE,2023-10-30 20:28:20
HUB-007,PKG-02015,DEPARTURE,2023-10-30 08:15:25
HUB-011,PKG-01741,ARRIVAL,2023-10-15 21:31:27
HUB-012,PKG-01873,ARRIVAL,2023-10-29 02:25:54
HUB-012,PKG-02194,ARRIVAL,2023-10-09 01:20:33
HUB-004,PKG-01058,ARRIVAL,2023-10-02 08:54:58
HUB-007,PKG-02270,DEPARTURE,2023-10-03 13:08:52
HUB-010,PKG-00799,DEPARTURE,2023-10-03 10:01:34
HUB-002,PKG-02100,ARRIVAL,2023-10-02 09:15:57
HUB-012,PKG-00051,DEPARTURE,2023-10-26 21:51:26
HUB-006,PKG-00733,DEPARTURE,2023-10-28 20:12:51
HUB-004,PKG-01837,ARRIVAL,2023-10-07 18:33:03
HUB-002,PKG-02020,DEPARTURE,2023-10-15 04:36:38
HUB-002,PKG-02090,DEPARTURE,2023-10-06 22:48:28
HUB-002,PKG-02351,DEPARTURE,2023-10-13 21:37:59
HUB-008,PKG-00534,ARRIVAL,2023-10-10 10:01:14
HUB-003,PKG-01829,DEPARTURE,2023-10-30 00:36:10
HUB-006,PKG-01262,ARRIVAL,2023-10-06 04:31:48
HUB-007,PKG-00785,DEPARTURE,2023-10-19 02:51:48
HUB-004,PKG-00473,ARRIVAL,2023-10-25 14:02:55
HUB-003,PKG-01403,DEPARTURE,2023-10-22 07:42:21
HUB-002,PKG-00280,ARRIVAL,2023-10-17 03:21:41
HUB-009,PKG-00139,DEPARTURE,2023-10-03 12:58:50
HUB-004,PKG-02248,DEPARTURE,2023-10-16 21:56:45
HUB-001,PKG-00259,DEPARTURE,2023-10-30 02:12:27
HUB-008,PKG-02345,ARRIVAL,2023-10-30 14:15:53
HUB-012,PKG-01652,ARRIVAL,2023-10-10 14:48:52
HUB-001,PKG-00428,ARRIVAL,2023-10-30 19:18:10
HUB-001,PKG-01781,DEPARTURE,2023-10-12 16:23:32
HUB-002,PKG-01423,DEPARTURE,2023-10-31 12:24:05
HUB-002,PKG-02078,DEPARTURE,2023-10-10 16:18:46
HUB-006,PKG-00154,DEPARTURE,2023-10-10 18:27:21
HUB-011,PKG-00128,DEPARTURE,2023-10-09 20:16:14
HUB-004,PKG-00316,DEPARTURE,2023-10-28 02:17:31
HUB-001,PKG-00113,ARRIVAL,2023-10-07 09:44:04
HUB-011,PKG-01402,ARRIVAL,2023-10-04 23:50:36
HUB-003,PKG-01829,ARRIVAL,2023-10-29 18:31:12
HUB-005,PKG-01858,ARRIVAL,2023-10-24 13:54:41
HUB-001,PKG-02127,ARRIVAL,2023-10-27 17:35:46
HUB-011,PKG-00059,DEPARTURE,2023-10-13 03:10:02
HUB-009,PKG-01184,ARRIVAL,2023-10-26 17:26:23
HUB-003,PKG-01483,DEPARTURE,2023-10-13 01:49:51
HUB-012,PKG-00322,DEPARTURE,2023-10-25 19:12:56
HUB-012,PKG-00162,ARRIVAL,2023-10-17 15:20:03
HUB-012,PKG-00077,DEPARTURE,2023-10-09 18:25:02
HUB-010,PKG-01694,DEPARTURE,2023-10-18 01:02:24
HUB-001,PKG-00813,DEPARTURE,2023-10-31 00:35:55
HUB-005,PKG-01076,DEPARTURE,2023-10-15 17:57:47
HUB-005,PKG-02354,DEPARTURE,2023-10-29 02:46:23
HUB-007,PKG-00590,ARRIVAL,2023-10-27 04:11:49
HUB-003,PKG-00125,DEPARTURE,2023-10-23 06:16:49
HUB-004,PKG-01719,DEPARTURE,2023-10-29 04:47:13
HUB-011,PKG-02211,DEPARTURE,2023-10-23 21:36:29
HUB-002,PKG-00519,DEPARTURE,2023-10-17 13:59:42
HUB-008,PKG-01226,ARRIVAL,2023-10-03 11:16:40
HUB-005,PKG-01543,ARRIVAL,2023-10-22 04:26:36
HUB-001,PKG-00586,DEPARTURE,2023-10-02 03:15:37
HUB-002,PKG-00542,DEPARTURE,2023-10-09 12:28:01
HUB-004,PKG-02330,DEPARTURE,2023-10-16 02:54:21
HUB-004,PKG-01204,ARRIVAL,2023-10-18 05:17:11
HUB-001,PKG-00476,ARRIVAL,2023-10-09 09:01:45
HUB-003,PKG-01239,DEPARTURE,2023-10-23 02:36:58
HUB-007,PKG-01790,DEPARTURE,2023-10-18 02:33:27
HUB-002,PKG-01004,ARRIVAL,2023-10-04 21:06:21
HUB-003,PKG-00235,DEPARTURE,2023-10-29 21:51:11
HUB-001,PKG-00212,ARRIVAL,2023-10-25 18:12:36
HUB-007,PKG-01909,DEPARTURE,2023-10-31 16:02:36
HUB-001,PKG-00373,ARRIVAL,2023-10-18 18:15:32
HUB-011,PKG-02251,DEPARTURE,2023-10-29 21:38:12
HUB-008,PKG-02087,DEPARTURE,2023-10-24 18:15:02
HUB-003,PKG-01595,ARRIVAL,2023-10-10 01:42:44
HUB-007,PKG-00855,DEPARTURE,2023-10-29 17:38:17
HUB-012,PKG-02234,ARRIVAL,2023-10-11 18:53:16
HUB-004,PKG-01486,DEPARTURE,2023-10-01 12:49:06
HUB-002,PKG-01685,ARRIVAL,2023-10-17 20:42:23
HUB-006,PKG-02267,ARRIVAL,2023-10-26 23:43:05
HUB-005,PKG-01713,ARRIVAL,2023-10-18 11:57:27
HUB-001,PKG-00421,ARRIVAL,2023-10-23 17:44:27
HUB-005,PKG-02175,ARRIVAL,2023-10-17 08:57:53
HUB-005,PKG-00691,ARRIVAL,2023-10-20 15:20:16
HUB-002,PKG-00761,DEPARTURE,2023-10-02 07:54:02
HUB-012,PKG-00271,ARRIVAL,2023-10-03 08:55:13
HUB-001,PKG-01176,ARRIVAL,2023-10-30 16:17:20
HUB-007,PKG-01311,DEPARTURE,2023-10-25 16:02:13
HUB-007,PKG-01620,ARRIVAL,2023-10-29 07:25:33
HUB-001,PKG-00448,SORTING,2023-10-11 14:39:25
HUB-008,PKG-00294,ARRIVAL,2023-10-20 13:41:56
HUB-008,PKG-00738,DEPARTURE,2023-10-05 21:57:43
HUB-004,PKG-01075,ARRIVAL,2023-10-22 15:23:49
HUB-001,PKG-01073,ARRIVAL,2023-10-03 15:03:26
HUB-007,PKG-02392,DEPARTURE,2023-10-22 21:07:11
HUB-003,PKG-00701,DEPARTURE,2023-10-14 04:59:20
HUB-002,PKG-01496,SORTING,2023-10-28 16:31:15
HUB-003,PKG-00636,DEPARTURE,2023-10-18 01:52:18
HUB-001,PKG-01977,DEPARTURE,2023-10-26 10:07:58
HUB-002,PKG-00064,ARRIVAL,2023-10-29 19:53:12
HUB-012,PKG-00983,DEPARTURE,2023-10-10 08:08:43
HUB-006,PKG-00298,DEPARTURE,2023-10-09 15:24:02
HUB-011,PKG-01412,DEPARTURE,2023-10-30 02:01:26
HUB-002,PKG-02109,ARRIVAL,2023-10-11 15:41:27
HUB-001,PKG-01140,ARRIVAL,2023-10-13 03:55:39
HUB-009,PKG-00368,SORTING,2023-10-07 06:37:03
HUB-011,PKG-02392,ARRIVAL,2023-10-23 05:50:05
HUB-003,PKG-00375,DEPARTURE,2023-10-07 23:30:10
HUB-012,PKG-01185,ARRIVAL,2023-10-30 19:55:02
HUB-003,PKG-00119,DEPARTURE,2023-10-03 02:21:22
HUB-004,PKG-01458,DEPARTURE,2023-10-25 15:09:53
HUB-005,PKG-01913,ARRIVAL,2023-10-22 15:25:51
HUB-005,PKG-01529,DEPARTURE,2023-10-10 21:43:44
HUB-007,PKG-00046,DEPARTURE,2023-10-22 20:14:30
HUB-008,PKG-00109,SORTING,2023-10-08 14:45:45
HUB-001,PKG-02282,ARRIVAL,2023-10-26 22:03:35
HUB-012,PKG-01554,ARRIVAL,2023-10-10 14:47:17
HUB-005,PKG-01967,ARRIVAL,2023-10-17 15:17:52
HUB-001,PKG-00230,DEPARTURE,2023-10-19 21:25:49
HUB-005,PKG-01200,SORTING,2023-10-14 14:58:54
HUB-007,PKG-01356,DEPARTURE,2023-10-15 04:12:29
HUB-005,PKG-00503,DEPARTURE,2023-10-01 20:00:53
HUB-003,PKG-00185,DEPARTURE,2023-10-11 08:38:39
HUB-004,PKG-00197,DEPARTURE,2023-10-17 19:24:37
HUB-002,PKG-01061,ARRIVAL,2023-10-12 01:16:13
HUB-008,PKG-01079,ARRIVAL,2023-10-16 09:10:59
HUB-002,PKG-01974,ARRIVAL,2023-10-27 06:58:54
HUB-004,PKG-00387,DEPARTURE,2023-10-24 00:14:01
HUB-009,PKG-02261,ARRIVAL,2023-10-22 15:03:45
HUB-007,PKG-01200,ARRIVAL,2023-10-15 05:41:08
HUB-006,PKG-01444,DEPARTURE,2023-10-26 13:34:25
HUB-002,PKG-00842,ARRIVAL,2023-10-21 09:49:24
HUB-009,PKG-01695,ARRIVAL,2023-10-15 16:56:27
HUB-004,PKG-01138,ARRIVAL,2023-10-22 09:48:22
HUB-001,PKG-01549,ARRIVAL,2023-10-14 05:34:23
HUB-002,PKG-00205,DEPARTURE,2023-10-24 18:22:55
HUB-003,PKG-01223,DEPARTURE,2023-10-04 14:59:10
HUB-011,PKG-01703,DEPARTURE,2023-10-18 13:12:22
HUB-005,PKG-00749,DEPARTURE,2023-10-06 05:03:26
HUB-007,PKG-01259,DEPARTURE,2023-10-02 17:39:07
HUB-007,PKG-01695,ARRIVAL,2023-10-16 00:18:01
HUB-003,PKG-02093,ARRIVAL,2023-10-19 07:25:17
HUB-004,PKG-01968,DEPARTURE,2023-10-09 20:21:01
HUB-007,PKG-02066,DEPARTURE,2023-10-31 13:42:56
HUB-008,PKG-02240,DEPARTURE,2023-10-05 14:40:01
HUB-004,PKG-00962,DEPARTURE,2023-10-25 12:58:43
HUB-008,PKG-02110,DEPARTURE,2023-10-25 17:14:18
HUB-008,PKG-01889,ARRIVAL,2023-10-09 08:37:43
HUB-005,PKG-02255,DEPARTURE,2023-10-07 23:34:28
HUB-001,PKG-01246,ARRIVAL,2023-10-10 08:21:43
HUB-010,PKG-01379,DEPARTURE,2023-10-19 02:36:29
HUB-003,PKG-01798,DEPARTURE,2023-10-25 13:21:53
HUB-001,PKG-02261,DEPARTURE,2023-10-22 12:05:56
HUB-004,PKG-00810,ARRIVAL,2023-10-02 06:04:34
HUB-003,PKG-02051,DEPARTURE,2023-10-22 15:13:09
HUB-006,PKG-00968,SORTING,2023-10-06 20:23:27
HUB-006,PKG-02220,ARRIVAL,2023-10-29 16:38:14
HUB-002,PKG-00418,DEPARTURE,2023-10-04 18:33:12
HUB-003,PKG-00449,DEPARTURE,2023-10-16 18:31:57
HUB-007,PKG-01966,ARRIVAL,2023-10-08 16:14:51
HUB-009,PKG-00333,ARRIVAL,2023-10-27 16:51:34
HUB-009,PKG-00023,DEPARTURE,2023-10-02 00:09:06
HUB-002,PKG-01624,DEPARTURE,2023-10-08 01:15:42
HUB-009,PKG-00533,DEPARTURE,2023-10-19 19:25:57
HUB-006,PKG-02285,ARRIVAL,2023-10-27 05:25:54
HUB-011,PKG-02131,DEPARTURE,2023-10-23 00:11:48
HUB-002,PKG-02038,DEPARTURE,2023-10-01 09:09:00
HUB-006,PKG-02273,ARRIVAL,2023-10-25 12:05:48
HUB-002,PKG-01741,DEPARTURE,2023-10-15 11:25:06
HUB-006,PKG-00067,ARRIVAL,2023-10-20 10:57:31
HUB-008,PKG-01521,ARRIVAL,2023-10-06 07:12:09
HUB-005,PKG-01203,ARRIVAL,2023-10-28 20:07:37
HUB-007,PKG-00755,DEPARTURE,2023-10-11 17:26:10
HUB-005,PKG-00587,DEPARTURE,2023-10-12 07:43:30
HUB-002,PKG-01726,ARRIVAL,2023-10-07 10:35:00
HUB-005,PKG-00293,DEPARTURE,2023-10-07 04:17:19
HUB-005,PKG-01569,DEPARTURE,2023-10-23 08:01:11
HUB-005,PKG-01358,ARRIVAL,2023-10-07 14:12:20
HUB-004,PKG-01245,ARRIVAL,2023-10-19 10:30:36
HUB-002,PKG-01348,DEPARTURE,2023-10-28 22:15:52
HUB-012,PKG-01262,DEPARTURE,2023-10-05 19:49:00
HUB-001,PKG-00334,DEPARTURE,2023-10-10 12:39:26
HUB-005,PKG-00136,DEPARTURE,2023-10-22 06:28:50
HUB-003,PKG-01673,ARRIVAL,2023-10-16 21:27:48
HUB-009,PKG-01167,ARRIVAL,2023-10-23 23:41:08
HUB-003,PKG-00313,ARRIVAL,2023-10-05 04:59:16
HUB-008,PKG-02127,DEPARTURE,2023-10-28 13:24:46
HUB-004,PKG-00874,DEPARTURE,2023-10-16 09:26:33
HUB-012,PKG-00068,ARRIVAL,2023-10-17 13:34:32
HUB-007,PKG-00031,DEPARTURE,2023-10-04 20:25:52
HUB-003,PKG-00364,DEPARTURE,2023-10-04 19:02:24
HUB-012,PKG-01666,ARRIVAL,2023-10-09 20:59:18
HUB-001,PKG-02047,ARRIVAL,2023-10-08 05:23:43
HUB-006,PKG-01865,SORTING,2023-10-05 10:44:34
HUB-004,PKG-01957,DEPARTURE,2023-10-02 18:13:01
HUB-002,PKG-01650,DEPARTURE,2023-10-19 08:47:38
HUB-005,PKG-01154,DEPARTURE,2023-10-15 08:44:31
HUB-007,PKG-00102,ARRIVAL,2023-10-24 11:50:22
HUB-011,PKG-02222,DEPARTURE,2023-10-26 21:13:57
HUB-007,PKG-00169,ARRIVAL,2023-10-25 12:22:53
HUB-005,PKG-00953,ARRIVAL,2023-10-27 09:03:19
HUB-008,PKG-01333,ARRIVAL,2023-10-26 11:34:07
HUB-008,PKG-01884,DEPARTURE,2023-10-23 21:29:45
HUB-002,PKG-00444,DEPARTURE,2023-10-25 21:16:19
HUB-003,PKG-00053,DEPARTURE,2023-10-12 22:06:06
HUB-002,PKG-02179,DEPARTURE,2023-10-12 17:11:09
HUB-001,PKG-02261,ARRIVAL,2023-10-22 08:07:19
HUB-011,PKG-00868,DEPARTURE,
HUB-002,PKG-01443,DEPARTURE,2023-10-25 13:29:23
HUB-010,PKG-01994,DEPARTURE,2023-10-04 23:21:52
HUB-001,PKG-00218,ARRIVAL,2023-10-20 23:27:20
HUB-009,PKG-01754,ARRIVAL,2023-10-13 07:50:49
HUB-011,PKG-01759,ARRIVAL,2023-10-16 10:22:10
HUB-010,PKG-01915,ARRIVAL,2023-10-16 15:06:35
HUB-004,PKG-00035,ARRIVAL,2023-10-15 19:59:37
HUB-003,PKG-01730,DEPARTURE,2023-10-15 09:14:43
HUB-005,PKG-00637,DEPARTURE,2023-10-31 02:16:04
HUB-001,PKG-00227,ARRIVAL,2023-10-10 15:17:03
HUB-006,PKG-00257,DEPARTURE,2023-10-13 13:58:37
HUB-010,PKG-01031,DEPARTURE,2023-10-26 21:54:41
HUB-001,PKG-00647,ARRIVAL,2023-10-02 12:16:28
HUB-006,PKG-00026,DEPARTURE,2023-10-24 18:51:17
HUB-011,PKG-00508,ARRIVAL,2023-10-12 09:33:00
HUB-002,PKG-00135,ARRIVAL,2023-10-19 14:15:29
HUB-011,PKG-01180,DEPARTURE,2023-10-07 12:52:57
HUB-003,PKG-00215,DEPARTURE,2023-10-19 05:02:06
HUB-002,PKG-00779,DEPARTURE,2023-10-12 10:31:35
HUB-001,PKG-00662,ARRIVAL,2023-10-01 15:52:59
HUB-010,PKG-00562,DEPARTURE,2023-10-25 14:49:21
HUB-008,PKG-00354,DEPARTURE,2023-10-06 13:11:49
HUB-002,PKG-00379,ARRIVAL,2023-10-25 13:24:03
HUB-012,PKG-02033,ARRIVAL,2023-10-30 10:37:36
HUB-007,PKG-00332,ARRIVAL,2023-10-22 13:33:26
HUB-001,PKG-01510,DEPARTURE,2023-10-19 19:53:32
HUB-002,PKG-00191,DEPARTURE,2023-10-15 10:59:55
HUB-006,PKG-01647,ARRIVAL,2023-10-26 15:52:45
HUB-006,PKG-00183,ARRIVAL,2023-10-09 13:51:36
HUB-007,PKG-01023,ARRIVAL,2023-10-22 01:46:13
HUB-012,PKG-01552,DEPARTURE,2023-10-21 21:36:56
HUB-006,PKG-00187,DEPARTURE,2023-10-29 17:50:06
HUB-002,PKG-01116,ARRIVAL,2023-10-11 21:31:15
HUB-011,PKG-00113,DEPARTURE,2023-10-09 04:22:46
HUB-012,PKG-01544,ARRIVAL,2023-10-15 09:39:15
HUB-002,PKG-01542,DEPARTURE,2023-10-13 23:51:59
HUB-007,PKG-00532,DEPARTURE,2023-10-18 02:59:34
HUB-001,PKG-01989,ARRIVAL,2023-10-13 13:02:27
HUB-002,PKG-02400,ARRIVAL,2023-10-17 14:06:50
HUB-012,PKG-00011,DEPARTURE,2023-10-29 10:46:50
HUB-002,PKG-01906,ARRIVAL,2023-10-16 08:14:56
HUB-004,PKG-01397,DEPARTURE,2023-10-25 09:18:01
HUB-001,PKG-01047,DEPARTURE,2023-10-14 05:28:06
HUB-002,PKG-00028,ARRIVAL,2023-10-17 19:41:17
HUB-002,PKG-01147,DEPARTURE,2023-10-13 21:41:50
HUB-001,PKG-01272,ARRIVAL,2023-10-13 03:19:36
HUB-010,PKG-01758,DEPARTURE,2023-10-15 14:29:56
HUB-006,PKG-01861,DEPARTURE,2023-10-21 23:17:18
HUB-003,PKG-00769,ARRIVAL,2023-10-27 09:23:58
HUB-001,PKG-00661,ARRIVAL,2023-10-16 14:53:23
HUB-011,PKG-01088,DEPARTURE,2023-10-06 04:33:22
HUB-007,PKG-01976,ARRIVAL,2023-10-23 22:39:31
HUB-003,PKG-01603,ARRIVAL,2023-10-28 13:15:21
HUB-003,PKG-01454,ARRIVAL,2023-10-12 03:25:21
HUB-001,PKG-01803,DEPARTURE,2023-10-07 18:48:12
HUB-006,PKG-02168,DEPARTURE,2023-10-06 03:49:33
HUB-007,PKG-00792,DEPARTURE,2023-10-24 13:13:01
HUB-001,PKG-00922,DEPARTURE,2023-10-30 02:37:14
HUB-001,PKG-00612,ARRIVAL,2023-10-23 03:44:26
HUB-008,PKG-00371,DEPARTURE,2023-10-04 13:35:20
HUB-001,PKG-00474,ARRIVAL,2023-10-15 20:15:07
HUB-003,PKG-01521,ARRIVAL,2023-10-06 19:26:49
HUB-009,PKG-02047,DEPARTURE,2023-10-07 19:12:40
HUB-001,PKG-01750,ARRIVAL,2023-10-16 22:41:22
HUB-004,PKG-02223,ARRIVAL,2023-10-21 12:35:55
HUB-006,PKG-00733,ARRIVAL,2023-10-28 14:57:38
HUB-009,PKG-00901,DEPARTURE,2023-10-16 12:59:42
HUB-006,PKG-01708,ARRIVAL,2023-10-28 04:31:28
HUB-006,PKG-00682,ARRIVAL,2023-10-09 14:46:23
HUB-001,PKG-00633,ARRIVAL,2023-10-21 06:04:09
HUB-007,PKG-01396,ARRIVAL,2023-10-07 13:58:59
HUB-003,PKG-01345,DEPARTURE,2023-10-26 20:15:08
HUB-001,PKG-00956,DEPARTURE,2023-10-29 04:13:46
HUB-004,PKG-00018,DEPARTURE,2023-10-22 17:55:34
HUB-002,PKG-01915,DEPARTURE,2023-10-19 06:43:19
HUB-004,PKG-00825,DEPARTURE,2023-10-05 23:44:29
HUB-008,PKG-01140,DEPARTURE,2023-10-12 13:39:06
HUB-001,PKG-00299,DEPARTURE,2023-10-08 17:34:13
HUB-005,PKG-02170,ARRIVAL,2023-10-27 08:42:23
HUB-001,PKG-01186,DEPARTURE,2023-10-24 14:10:16
HUB-008,PKG-02198,DEPARTURE,2023-10-23 23:54:58
HUB-010,PKG-01944,ARRIVAL,2023-10-21 14:00:31
HUB-004,PKG-01839,DEPARTURE,2023-10-03 14:48:16
HUB-011,PKG-01507,ARRIVAL,2023-10-01 12:31:56
HUB-008,PKG-01033,DEPARTURE,2023-10-30 23:03:08
HUB-011,PKG-00636,DEPARTURE,2023-10-18 17:08:02
HUB-009,PKG-01876,DEPARTURE,2023-10-11 08:26:55
HUB-005,PKG-01192,ARRIVAL,2023-10-28 23:00:28
HUB-007,PKG-01235,ARRIVAL,2023-10-01 16:48:55
HUB-005,PKG-01275,ARRIVAL,2023-10-23 16:40:37
HUB-003,PKG-00930,ARRIVAL,2023-10-21 04:54:50
HUB-007,PKG-00232,ARRIVAL,2023-10-29 07:15:27
HUB-002,PKG-00140,DEPARTURE,2023-10-28 02:52:20
HUB-005,PKG-00925,ARRIVAL,2023-10-03 07:20:22
HUB-003,PKG-02344,ARRIVAL,2023-10-06 13:16:51
HUB-012,PKG-00541,ARRIVAL,2023-10-11 01:29:22
HUB-004,PKG-01036,DEPARTURE,2023-10-22 17:37:15
HUB-005,PKG-01502,ARRIVAL,2023-10-06 14:31:54
HUB-006,PKG-01492,ARRIVAL,2023-10-05 21:42:15
HUB-009,PKG-00757,DEPARTURE,2023-10-16 19:41:47
HUB-002,PKG-00328,DEPARTURE,2023-10-23 17:15:17
HUB-012,PKG-00960,ARRIVAL,2023-10-13 09:15:20
HUB-006,PKG-00337,DEPARTURE,2023-10-12 18:26:50
HUB-003,PKG-01424,ARRIVAL,2023-10-07 04:06:26
HUB-003,PKG-01634,DEPARTURE,2023-10-28 16:56:24
HUB-001,PKG-01803,ARRIVAL,2023-10-07 13:52:47
HUB-007,PKG-00617,ARRIVAL,2023-10-23 05:41:08
HUB-005,PKG-00788,DEPARTURE,2023-10-05 01:17:40
HUB-005,PKG-00175,ARRIVAL,2023-10-08 20:19:42
HUB-006,PKG-01114,ARRIVAL,2023-10-14 13:03:48
HUB-003,PKG-01679,ARRIVAL,2023-10-17 23:27:15
HUB-008,PKG-02178,ARRIVAL,2023-10-28 11:41:55
HUB-001,PKG-01456,SORTING,2023-10-26 17:00:45
HUB-010,PKG-02197,ARRIVAL,2023-10-31 03:49:59
HUB-003,PKG-01874,DEPARTURE,2023-10-23 01:05:05
HUB-007,PKG-00988,ARRIVAL,2023-10-10 22:11:40
HUB-002,PKG-02053,DEPARTURE,2023-10-10 21:51:44
HUB-007,PKG-02316,DEPARTURE,2023-10-24 18:01:33
HUB-003,PKG-00117,DEPARTURE,2023-10-04 18:44:01
HUB-003,PKG-02165,DEPARTURE,2023-10-22 06:36:44
HUB-012,PKG-01159,DEPARTURE,2023-10-05 00:30:49
HUB-001,PKG-01377,DEPARTURE,2023-10-05 00:47:03
HUB-001,PKG-00791,ARRIVAL,2023-10-01 05:58:11
HUB-002,PKG-01596,DEPARTURE,2023-10-08 01:29:59
HUB-001,PKG-01021,ARRIVAL,2023-10-09 14:06:10
HUB-005,PKG-00309,ARRIVAL,2023-10-17 08:29:08
HUB-003,PKG-01410,DEPARTURE,2023-10-24 13:50:48
HUB-006,PKG-01498,ARRIVAL,2023-10-29 15:06:06
HUB-005,PKG-02320,ARRIVAL,2023-10-06 02:33:15
HUB-001,PKG-01383,ARRIVAL,2023-10-03 06:01:53
HUB-002,PKG-02165,DEPARTURE,2023-10-22 16:52:01
HUB-007,PKG-00396,ARRIVAL,2023-10-21 15:44:41
HUB-009,PKG-00703,DEPARTURE,2023-10-23 23:36:15
HUB-009,PKG-01607,DEPARTURE,2023-10-22 02:22:17
HUB-006,PKG-01790,ARRIVAL,2023-10-17 09:07:10
HUB-004,PKG-01150,DEPARTURE,2023-10-17 20:36:21
HUB-002,PKG-02287,ARRIVAL,2023-10-12 21:51:25
HUB-006,PKG-00778,ARRIVAL,2023-10-04 16:05:11
HUB-002,PKG-00729,DEPARTURE,2023-10-22 12:33:33
HUB-005,PKG-01434,DEPARTURE,2023-10-31 09:49:07
HUB-003,PKG-00595,DEPARTURE,2023-10-17 03:22:30
HUB-001,PKG-01496,ARRIVAL,2023-10-28 20:23:03
HUB-002,PKG-02096,SORTING,2023-10-07 00:13:15
HUB-002,PKG-01270,DEPARTURE,2023-10-14 10:34:01
HUB-012,PKG-00083,ARRIVAL,2023-10-24 16:32:53
HUB-004,PKG-00605,DEPARTURE,2023-10-05 11:17:41
HUB-006,PKG-01666,ARRIVAL,2023-10-09 07:25:52
HUB-003,PKG-01352,DEPARTURE,2023-10-23 04:02:55
HUB-006,PKG-01324,DEPARTURE,2023-10-29 08:36:11
HUB-007,PKG-01932,DEPARTURE,2023-10-05 14:11:57
HUB-002,PKG-00159,ARRIVAL,2023-10-14 01:52:50
HUB-003,PKG-02174,ARRIVAL,2023-10-07 08:03:05
HUB-001,PKG-00258,DEPARTURE,2023-10-14 18:54:19
HUB-004,PKG-00277,DEPARTURE,2023-10-15 04:13:15
HUB-007,PKG-00390,DEPARTURE,2023-10-05 00:56:41
HUB-004,PKG-02096,DEPARTURE,2023-10-07 16:42:33
HUB-002,PKG-01003,DEPARTURE,2023-10-16 05:32:07
HUB-001,PKG-00197,DEPARTURE,2023-10-18 09:45:40
HUB-003,PKG-00349,ARRIVAL,2023-10-29 13:14:58
HUB-001,PKG-02290,DEPARTURE,2023-10-09 12:08:14
HUB-005,PKG-01590,DEPARTURE,2023-10-06 14:26:14
HUB-008,PKG-01284,DEPARTURE,2023-10-03 14:39:51
HUB-006,PKG-00048,DEPARTURE,2023-10-13 15:52:26
HUB-003,PKG-01008,ARRIVAL,2023-10-19 13:41:52
HUB-004,PKG-01726,DEPARTURE,2023-10-07 02:44:35
HUB-002,PKG-00074,DEPARTURE,2023-10-06 14:54:24
HUB-008,PKG-01985,ARRIVAL,2023-10-16 19:34:30
HUB-005,PKG-00280,DEPARTURE,2023-10-18 07:39:03
HUB-008,PKG-01765,DEPARTURE,2023-10-20 17:30:42
HUB-006,PKG-00873,ARRIVAL,2023-10-30 16:25:11
HUB-002,PKG-01925,DEPARTURE,2023-10-27 15:18:48
HUB-002,PKG-00144,DEPARTURE,2023-10-17 16:27:48
HUB-001,PKG-00593,DEPARTURE,2023-10-22 04:50:13
HUB-008,PKG-00166,ARRIVAL,2023-10-24 06:04:34
HUB-008,PKG-01517,DEPARTURE,2023-10-30 10:51:29
HUB-001,PKG-01395,ARRIVAL,2023-10-12 09:26:23
HUB-003,PKG-01044,DEPARTURE,2023-10-27 16:44:55
HUB-009,PKG-01190,ARRIVAL,2023-10-19 01:07:14
HUB-002,PKG-02355,ARRIVAL,2023-10-09 11:56:07
HUB-003,PKG-00250,ARRIVAL,2023-10-28 13:54:36
HUB-005,PKG-00954,ARRIVAL,2023-10-11 01:34:53
HUB-003,PKG-02188,ARRIVAL,2023-10-05 05:35:17
HUB-007,PKG-00082,SORTING,2023-10-04 12:27:59
HUB-008,PKG-01770,ARRIVAL,2023-10-05 03:28:01
HUB-008,PKG-02273,DEPARTURE,2023-10-26 09:12:24
HUB-007,PKG-00866,ARRIVAL,2023-10-05 18:22:20
HUB-005,PKG-00150,ARRIVAL,2023-10-18 01:52:25
HUB-003,PKG-00437,DEPARTURE,2023-10-16 17:52:50
HUB-012,PKG-01778,ARRIVAL,2023-10-04 21:14:07
HUB-007,PKG-00316,ARRIVAL,2023-10-26 13:16:21
HUB-007,PKG-00758,ARRIVAL,2023-10-11 13:15:42
HUB-005,PKG-02240,ARRIVAL,2023-10-04 10:39:34
HUB-005,PKG-01529,ARRIVAL,2023-10-10 10:47:42
HUB-009,PKG-00015,SORTING,2023-10-15 07:03:21
HUB-003,PKG-00196,ARRIVAL,2023-10-21 16:33:09
HUB-003,PKG-01483,ARRIVAL,2023-10-12 18:01:05
HUB-001,PKG-00334,ARRIVAL,2023-10-10 09:09:11
HUB-004,PKG-00825,ARRIVAL,2023-10-05 16:23:01
HUB-004,PKG-01293,DEPARTURE,2023-10-16 10:38:55
HUB-001,PKG-01405,DEPARTURE,2023-10-15 00:23:23
HUB-001,PKG-00015,ARRIVAL,2023-10-15 14:18:35
HUB-004,PKG-00790,ARRIVAL,2023-10-14 13:50:48
HUB-005,PKG-02303,ARRIVAL,2023-10-29 02:40:41
HUB-004,PKG-01338,ARRIVAL,2023-10-19 06:59:58
HUB-009,PKG-01759,DEPARTURE,2023-10-17 07:15:05
HUB-002,PKG-02066,ARRIVAL,2023-10-30 12:22:17
HUB-005,PKG-02041,ARRIVAL,2023-10-16 06:59:55
HUB-001,PKG-00857,DEPARTURE,2023-10-26 11:49:07
HUB-001,PKG-00651,ARRIVAL,2023-10-15 12:45:29
HUB-006,PKG-01059,DEPARTURE,2023-10-28 12:18:35
HUB-011,PKG-00161,DEPARTURE,2023-10-16 04:35:04
HUB-001,PKG-01214,ARRIVAL,2023-10-19 12:17:49
HUB-002,PKG-01519,DEPARTURE,2023-10-19 06:58:39
HUB-001,PKG-01522,ARRIVAL,2023-10-21 21:42:09
HUB-001,PKG-02395,SORTING,2023-10-13 12:02:34
HUB-005,PKG-00835,DEPARTURE,2023-10-13 15:13:34
HUB-007,PKG-01100,ARRIVAL,2023-10-23 17:45:17
HUB-002,PKG-00235,ARRIVAL,2023-10-29 02:24:36
HUB-003,PKG-01401,ARRIVAL,2023-10-03 18:13:21
HUB-006,PKG-01702,ARRIVAL,2023-10-24 04:40:21
HUB-007,PKG-01809,ARRIVAL,2023-10-16 14:03:09
HUB-004,PKG-01427,DEPARTURE,2023-10-05 20:31:34
HUB-006,PKG-02372,ARRIVAL,2023-10-13 10:12:01
HUB-008,PKG-01414,DEPARTURE,2023-10-08 21:54:31
HUB-001,PKG-01861,ARRIVAL,2023-10-21 11:57:24
HUB-011,PKG-00828,DEPARTURE,2023-10-10 23:36:09
HUB-001,PKG-02044,ARRIVAL,2023-10-29 10:38:51
HUB-003,PKG-01655,ARRIVAL,2023-10-27 14:04:41
HUB-007,PKG-00586,DEPARTURE,2023-10-01 16:26:17
HUB-012,PKG-02279,DEPARTURE,2023-10-16 02:40:40
HUB-001,PKG-01953,ARRIVAL,2023-10-07 13:11:39
HUB-004,PKG-00914,ARRIVAL,2023-10-24 08:35:01
HUB-011,PKG-01459,DEPARTURE,2023-10-10 12:11:53
HUB-001,PKG-01216,DEPARTURE,2023-10-29 19:38:44
HUB-004,PKG-00977,DEPARTURE,2023-10-28 11:50:06
HUB-009,PKG-02219,ARRIVAL,2023-10-01 06:52:57
HUB-012,PKG-01102,ARRIVAL,2023-10-22 12:36:24
HUB-003,PKG-02209,DEPARTURE,2023-10-08 15:57:14
HUB-003,PKG-00213,ARRIVAL,2023-10-02 15:07:15
HUB-002,PKG-01004,DEPARTURE,2023-10-05 03:37:46
HUB-004,PKG-01788,DEPARTURE,2023-10-27 20:45:29
HUB-009,PKG-02027,DEPARTURE,2023-10-18 17:14:14
HUB-005,PKG-02122,DEPARTURE,2023-10-12 01:18:15
HUB-002,PKG-01270,ARRIVAL,2023-10-14 05:45:24
HUB-001,PKG-00221,ARRIVAL,2023-10-12 22:26:23
HUB-006,PKG-01240,DEPARTURE,2023-10-29 05:33:59
HUB-001,PKG-00653,DEPARTURE,2023-10-12 12:26:57
HUB-009,PKG-01870,ARRIVAL,2023-10-03 01:51:44
HUB-002,PKG-02244,ARRIVAL,2023-10-14 18:10:33
HUB-005,PKG-01156,ARRIVAL,2023-10-09 06:30:07
HUB-012,PKG-01615,DEPARTURE,2023-10-11 18:47:23
HUB-001,PKG-00827,DEPARTURE,2023-10-20 10:07:19
HUB-007,PKG-02353,DEPARTURE,2023-10-11 03:50:35
HUB-006,PKG-01406,ARRIVAL,2023-10-06 12:41:33
HUB-008,PKG-01414,SORTING,2023-10-08 19:01:14
HUB-009,PKG-02317,ARRIVAL,2023-10-04 07:46:11
HUB-001,PKG-00918,DEPARTURE,2023-10-19 15:25:40
HUB-011,PKG-00841,DEPARTURE,2023-10-19 15:06:21
HUB-004,PKG-01240,DEPARTURE,2023-10-28 17:44:16
HUB-008,PKG-01271,ARRIVAL,2023-10-05 23:23:20
HUB-007,PKG-01736,ARRIVAL,2023-10-29 02:53:59
HUB-005,PKG-00164,ARRIVAL,2023-10-17 05:33:17
HUB-005,PKG-01555,ARRIVAL,2023-10-26 15:03:12
HUB-001,PKG-02249,ARRIVAL,2023-10-01 17:41:23
HUB-005,PKG-02149,ARRIVAL,2023-10-16 03:41:51
HUB-011,PKG-01432,ARRIVAL,2023-10-09 12:56:31
HUB-012,PKG-00960,DEPARTURE,2023-10-13 13:00:42
HUB-007,PKG-02014,ARRIVAL,2023-10-18 07:15:47
HUB-009,PKG-00652,ARRIVAL,2023-10-18 17:30:02
HUB-011,PKG-00059,ARRIVAL,2023-10-12 16:44:09
HUB-003,PKG-01000,ARRIVAL,2023-10-24 17:09:49
HUB-004,PKG-01870,ARRIVAL,2023-10-02 18:27:25
HUB-001,PKG-01052,DEPARTURE,2023-10-11 17:09:20
HUB-006,PKG-02168,ARRIVAL,2023-10-05 21:52:57
HUB-006,PKG-02059,DEPARTURE,2023-10-22 18:51:39
HUB-005,PKG-00987,DEPARTURE,2023-10-09 06:56:54
HUB-001,PKG-00718,ARRIVAL,2023-10-16 11:46:40
HUB-002,PKG-00307,ARRIVAL,2023-10-01 12:39:28
HUB-001,PKG-00001,ARRIVAL,2023-10-04 18:19:14
HUB-010,PKG-01034,ARRIVAL,2023-10-24 03:45:20
HUB-001,PKG-00965,ARRIVAL,2023-10-19 13:12:34
HUB-003,PKG-01056,DEPARTURE,2023-10-20 07:00:41
HUB-011,PKG-00955,ARRIVAL,2023-10-20 14:08:28
HUB-009,PKG-00420,ARRIVAL,2023-10-21 01:53:38
HUB-012,PKG-02133,ARRIVAL,2023-10-08 20:45:30
HUB-001,PKG-00264,SORTING,2023-10-12 04:36:25
HUB-007,PKG-02183,DEPARTURE,2023-10-05 17:49:07
HUB-001,PKG-00032,DEPARTURE,2023-10-28 14:11:24
HUB-004,PKG-01263,ARRIVAL,2023-10-03 11:03:20
HUB-003,PKG-01634,ARRIVAL,2023-10-28 04:39:25
HUB-012,PKG-00436,DEPARTURE,2023-10-28 05:45:56
HUB-005,PKG-01300,DEPARTURE,2023-10-06 12:11:14
HUB-011,PKG-01239,DEPARTURE,2023-10-23 19:45:39
HUB-007,PKG-02102,ARRIVAL,2023-10-08 20:19:41
HUB-005,PKG-00925,DEPARTURE,2023-10-03 10:33:11
HUB-007,PKG-01351,DEPARTURE,2023-10-20 09:21:16
HUB-003,PKG-01097,ARRIVAL,2023-10-13 10:07:46
HUB-005,PKG-00893,ARRIVAL,2023-10-19 07:49:38
HUB-001,PKG-01478,ARRIVAL,2023-10-20 13:56:50
HUB-007,PKG-00342,ARRIVAL,2023-10-28 13:43:01
HUB-009,PKG-02042,DEPARTURE,2023-10-15 03:00:36
HUB-001,PKG-02023,DEPARTURE,2023-10-26 15:38:44
HUB-003,PKG-00256,SORTING,2023-10-14 20:08:34
HUB-004,PKG-00663,DEPARTURE,2023-10-29 09:18:21
HUB-012,PKG-01190,ARRIVAL,2023-10-19 10:28:07
HUB-005,PKG-01972,DEPARTURE,2023-10-19 04:19:13
HUB-007,PKG-01311,ARRIVAL,2023-10-25 09:55:54
HUB-005,PKG-00832,ARRIVAL,2023-10-30 20:46:01
HUB-001,PKG-00506,DEPARTURE,2023-10-13 02:24:05
HUB-003,PKG-00602,ARRIVAL,2023-10-28 20:47:20
HUB-007,PKG-00282,ARRIVAL,2023-10-24 14:57:27
HUB-006,PKG-01966,DEPARTURE,2023-10-09 19:17:38
HUB-008,PKG-01112,ARRIVAL,2023-10-28 05:57:25
HUB-003,PKG-00869,DEPARTURE,2023-10-11 23:20:44
HUB-011,PKG-00479,DEPARTURE,2023-10-19 16:29:22
HUB-005,PKG-00256,DEPARTURE,2023-10-16 06:54:05
HUB-005,PKG-00834,DEPARTURE,2023-10-16 21:33:15
HUB-005,PKG-02343,DEPARTURE,2023-10-27 22:13:33
HUB-004,PKG-01112,DEPARTURE,2023-10-28 00:18:34
HUB-011,PKG-00670,ARRIVAL,2023-10-05 11:57:26
HUB-007,PKG-00819,DEPARTURE,2023-10-06 11:01:35
HUB-002,PKG-00111,ARRIVAL,2023-10-09 11:27:17
HUB-009,PKG-00822,DEPARTURE,2023-10-14 05:27:29
HUB-005,PKG-00529,DEPARTURE,2023-10-12 12:41:59
HUB-001,PKG-01005,DEPARTURE,2023-10-22 13:06:58
HUB-004,PKG-01445,DEPARTURE,2023-10-21 09:47:36
HUB-009,PKG-00521,ARRIVAL,2023-10-19 00:27:25
HUB-003,PKG-02156,DEPARTURE,2023-10-05 06:24:15
HUB-006,PKG-01240,ARRIVAL,2023-10-29 01:23:16
HUB-012,PKG-01041,ARRIVAL,2023-10-13 16:38:04
HUB-011,PKG-01786,ARRIVAL,2023-10-24 15:35:12
HUB-004,PKG-01410,ARRIVAL,2023-10-23 23:30:51
HUB-001,PKG-02212,DEPARTURE,2023-10-23 12:28:50
HUB-001,PKG-02104,DEPARTURE,2023-10-11 15:34:35
HUB-005,PKG-01635,DEPARTURE,2023-10-06 03:19:42
HUB-008,PKG-00307,DEPARTURE,2023-10-02 08:04:01
HUB-009,PKG-00727,ARRIVAL,2023-10-20 19:44:41
HUB-003,PKG-00142,SORTING,2023-10-20 12:17:12
HUB-001,PKG-00764,ARRIVAL,2023-10-02 20:11:27
HUB-010,PKG-01867,ARRIVAL,2023-10-25 04:40:23
HUB-002,PKG-00268,DEPARTURE,2023-10-19 15:15:57
HUB-003,PKG-01438,ARRIVAL,2023-10-28 22:41:23
HUB-001,PKG-00759,ARRIVAL,2023-10-04 16:03:31
HUB-002,PKG-01405,ARRIVAL,2023-10-13 18:57:11
HUB-005,PKG-01426,DEPARTURE,2023-10-17 08:50:54
HUB-006,PKG-00763,DEPARTURE,2023-10-06 17:49:43
HUB-003,PKG-00437,ARRIVAL,2023-10-16 10:26:22
HUB-006,PKG-00871,ARRIVAL,2023-10-25 06:38:45
HUB-006,PKG-02179,ARRIVAL,2023-10-11 15:06:01
HUB-003,PKG-01014,DEPARTURE,2023-10-04 15:32:09
HUB-003,PKG-02175,DEPARTURE,2023-10-16 18:39:54
HUB-012,PKG-00650,ARRIVAL,2023-10-27 13:04:29
HUB-008,PKG-01290,ARRIVAL,2023-10-21 06:39:54
HUB-002,PKG-01513,ARRIVAL,2023-10-22 20:38:34
HUB-002,PKG-00712,ARRIVAL,2023-10-18 08:46:14
HUB-001,PKG-01749,DEPARTURE,2023-10-23 15:00:40
HUB-001,PKG-00704,ARRIVAL,2023-10-29 04:38:19
HUB-002,PKG-00730,ARRIVAL,2023-10-18 02:22:53
HUB-005,PKG-00508,DEPARTURE,2023-10-13 03:50:15
HUB-006,PKG-01094,DEPARTURE,2023-10-25 08:17:35
HUB-006,PKG-02156,DEPARTURE,2023-10-05 18:29:44
HUB-001,PKG-01489,DEPARTURE,2023-10-18 11:39:03
HUB-011,PKG-00345,ARRIVAL,2023-10-10 09:06:43
HUB-012,PKG-00171,DEPARTURE,2023-10-25 04:57:43
HUB-001,PKG-00918,ARRIVAL,2023-10-19 11:49:49
HUB-004,PKG-00345,DEPARTURE,2023-10-11 04:31:41
HUB-012,PKG-00991,ARRIVAL,2023-10-18 01:24:48
HUB-009,PKG-01791,DEPARTURE,2023-10-08 17:56:57
HUB-006,PKG-00643,DEPARTURE,2023-10-14 14:19:18
HUB-003,PKG-00217,DEPARTURE,2023-10-15 17:35:41
HUB-012,PKG-01810,ARRIVAL,2023-10-12 19:28:33
HUB-004,PKG-00866,DEPARTURE,2023-10-05 15:36:44
HUB-005,PKG-02036,DEPARTURE,2023-10-28 02:52:31
HUB-003,PKG-01050,DEPARTURE,2023-10-04 17:56:13
HUB-007,PKG-02378,ARRIVAL,2023-10-01 20:06:04
HUB-012,PKG-01751,DEPARTURE,2023-10-10 20:03:53
HUB-006,PKG-01296,ARRIVAL,2023-10-13 17:44:56
HUB-003,PKG-01887,DEPARTURE,2023-10-19 17:39:14
HUB-005,PKG-01614,ARRIVAL,2023-10-12 07:59:27
HUB-005,PKG-00632,DEPARTURE,2023-10-10 00:05:05
HUB-002,PKG-01286,ARRIVAL,2023-11-01 03:02:29
HUB-008,PKG-01244,DEPARTURE,2023-10-16 21:53:20
HUB-009,PKG-02041,DEPARTURE,2023-10-16 02:02:41
HUB-003,PKG-01641,DEPARTURE,2023-10-27 18:12:21
HUB-003,PKG-01442,DEPARTURE,2023-10-08 06:55:01
HUB-003,PKG-02249,ARRIVAL,2023-10-02 06:01:03
HUB-001,PKG-01566,DEPARTURE,2023-10-31 04:17:51
HUB-005,PKG-01196,ARRIVAL,2023-10-16 13:36:51
HUB-002,PKG-01500,ARRIVAL,2023-10-26 03:59:18
HUB-007,PKG-01257,DEPARTURE,2023-10-12 20:04:09
HUB-004,PKG-02138,DEPARTURE,2023-10-25 07:22:48
HUB-003,PKG-01436,ARRIVAL,2023-10-26 21:36:48
HUB-006,PKG-01842,ARRIVAL,2023-10-25 04:20:55
HUB-008,PKG-01454,DEPARTURE,2023-10-11 18:47:13
HUB-005,PKG-02366,ARRIVAL,2023-10-25 15:55:52
HUB-007,PKG-01497,DEPARTURE,2023-10-05 22:44:09
HUB-008,PKG-01132,ARRIVAL,2023-10-02 13:23:46
HUB-002,PKG-01082,ARRIVAL,2023-10-24 09:57:45
HUB-001,PKG-00662,DEPARTURE,2023-10-01 19:29:39
HUB-011,PKG-01707,ARRIVAL,2023-10-22 14:43:24
HUB-007,PKG-01141,DEPARTURE,2023-10-23 00:11:42
HUB-005,PKG-00794,ARRIVAL,2023-10-07 08:45:25
HUB-004,PKG-02346,ARRIVAL,2023-10-11 07:25:42
HUB-011,PKG-00825,DEPARTURE,2023-10-06 09:37:39
HUB-003,PKG-00976,ARRIVAL,2023-10-23 09:15:28
HUB-005,PKG-00104,DEPARTURE,2023-10-23 22:22:52
HUB-004,PKG-00748,DEPARTURE,2023-10-31 09:30:50
HUB-006,PKG-00764,DEPARTURE,2023-10-02 12:40:20
HUB-001,PKG-00807,ARRIVAL,2023-10-12 14:00:08
HUB-002,PKG-02176,DEPARTURE,2023-10-24 17:36:38
HUB-004,PKG-02365,ARRIVAL,2023-10-02 06:34:57
HUB-006,PKG-01627,ARRIVAL,2023-10-21 06:59:29
HUB-007,PKG-02226,ARRIVAL,2023-10-11 19:11:49
HUB-002,PKG-02387,DEPARTURE,2023-10-29 06:13:34
HUB-003,PKG-00245,SORTING,2023-10-23 20:27:20
HUB-008,PKG-02378,ARRIVAL,2023-10-02 05:19:54
HUB-004,PKG-00979,ARRIVAL,2023-10-06 17:25:48
HUB-002,PKG-02020,ARRIVAL,2023-10-14 22:30:41
HUB-004,PKG-00866,ARRIVAL,2023-10-05 10:41:26
HUB-003,PKG-01585,ARRIVAL,2023-10-19 00:02:24
HUB-003,PKG-01642,ARRIVAL,2023-10-30 21:44:04
HUB-005,PKG-02116,ARRIVAL,2023-10-03 07:01:18
HUB-011,PKG-01404,ARRIVAL,2023-10-14 14:11:05
HUB-011,PKG-02024,DEPARTURE,2023-10-17 05:48:47
HUB-005,PKG-01645,DEPARTURE,2023-10-09 17:20:00
HUB-012,PKG-00898,ARRIVAL,2023-10-18 19:19:33
HUB-009,PKG-01537,ARRIVAL,2023-10-29 04:24:10
HUB-003,PKG-00909,ARRIVAL,2023-10-07 13:34:53
HUB-003,PKG-02263,DEPARTURE,2023-10-22 18:28:45
HUB-002,PKG-01443,SORTING,2023-10-25 10:17:57
HUB-006,PKG-01965,DEPARTURE,2023-10-02 08:58:28
HUB-003,PKG-02079,DEPARTURE,2023-10-23 10:45:52
HUB-011,PKG-00874,DEPARTURE,2023-10-16 23:35:10
HUB-011,PKG-01019,ARRIVAL,2023-10-27 17:15:45
HUB-003,PKG-02089,DEPARTURE,2023-10-18 08:40:54
HUB-003,PKG-00529,ARRIVAL,2023-10-11 13:43:58
HUB-006,PKG-02245,ARRIVAL,2023-10-12 12:27:52
HUB-004,PKG-01742,DEPARTURE,2023-10-22 20:01:46
HUB-011,PKG-00992,ARRIVAL,2023-10-10 14:07:15
HUB-005,PKG-02360,ARRIVAL,2023-10-01 11:50:03
HUB-008,PKG-01670,DEPARTURE,2023-10-14 22:32:58
HUB-010,PKG-01944,DEPARTURE,2023-10-21 20:17:43
HUB-002,PKG-01637,DEPARTURE,2023-10-17 21:04:47
HUB-006,PKG-00357,DEPARTURE,2023-10-13 10:21:06
HUB-004,PKG-00446,ARRIVAL,2023-10-17 15:16:37
HUB-008,PKG-00680,DEPARTURE,2023-10-27 13:23:14
HUB-008,PKG-01923,ARRIVAL,2023-10-18 21:48:06
HUB-002,PKG-00463,ARRIVAL,2023-10-31 07:41:50
HUB-006,PKG-00883,DEPARTURE,2023-10-05 02:43:05
HUB-007,PKG-01125,DEPARTURE,2023-10-22 04:17:21
HUB-005,PKG-01476,DEPARTURE,2023-10-25 11:38:53
HUB-008,PKG-00943,ARRIVAL,2023-10-21 13:46:03
HUB-003,PKG-02279,DEPARTURE,2023-10-15 17:52:16
HUB-001,PKG-02045,DEPARTURE,2023-10-23 18:04:45
HUB-008,PKG-01689,DEPARTURE,2023-10-27 21:12:38
HUB-003,PKG-00139,DEPARTURE,2023-10-04 05:20:45
HUB-001,PKG-02103,ARRIVAL,2023-10-14 07:38:58
HUB-002,PKG-01879,ARRIVAL,2023-10-21 15:41:54
HUB-004,PKG-00224,DEPARTURE,2023-10-14 14:46:00
HUB-005,PKG-02225,DEPARTURE,2023-10-17 10:42:32
HUB-002,PKG-01530,ARRIVAL,2023-10-12 12:16:51
HUB-007,PKG-00367,DEPARTURE,2023-10-26 14:56:13
HUB-011,PKG-01941,ARRIVAL,2023-10-18 12:28:25
HUB-002,PKG-00703,ARRIVAL,2023-10-24 11:21:36
HUB-004,PKG-00033,DEPARTURE,2023-10-21 08:34:29
HUB-007,PKG-00042,ARRIVAL,2023-10-21 12:09:04
HUB-004,PKG-00181,DEPARTURE,2023-10-12 09:38:04
HUB-008,PKG-00828,ARRIVAL,2023-10-11 03:04:42
HUB-010,PKG-00207,ARRIVAL,2023-10-31 02:17:39
HUB-011,PKG-02182,DEPARTURE,2023-10-17 12:28:13
HUB-006,PKG-00622,ARRIVAL,2023-10-06 07:24:24
HUB-003,PKG-00602,DEPARTURE,2023-10-29 01:00:39
HUB-008,PKG-01208,ARRIVAL,2023-10-08 07:59:02
HUB-008,PKG-01606,ARRIVAL,2023-10-27 15:28:46
HUB-007,PKG-01648,DEPARTURE,2023-10-27 05:23:14
HUB-002,PKG-00111,DEPARTURE,2023-10-09 17:23:05
HUB-011,PKG-00617,ARRIVAL,2023-10-22 15:59:30
HUB-003,PKG-01866,ARRIVAL,2023-10-03 18:46:21
HUB-003,PKG-00007,DEPARTURE,2023-10-01 23:49:32
HUB-005,PKG-02103,ARRIVAL,2023-10-13 12:17:49
HUB-001,PKG-00976,DEPARTURE,2023-10-24 04:20:46
HUB-004,PKG-00207,DEPARTURE,2023-10-30 17:53:56
HUB-009,PKG-01433,ARRIVAL,2023-10-21 19:16:01
HUB-011,PKG-00609,DEPARTURE,2023-10-08 04:22:46
HUB-002,PKG-02089,ARRIVAL,2023-10-17 12:01:11
HUB-007,PKG-00365,ARRIVAL,2023-10-29 01:07:25
HUB-002,PKG-01784,DEPARTURE,2023-10-30 20:10:39
HUB-001,PKG-00318,ARRIVAL,2023-10-29 14:01:13
HUB-005,PKG-01920,ARRIVAL,2023-10-11 13:57:22
HUB-003,PKG-01132,DEPARTURE,2023-10-03 09:42:06
HUB-005,PKG-02031,DEPARTURE,2023-10-09 01:25:41
HUB-002,PKG-00001,DEPARTURE,2023-10-04 14:06:58
HUB-002,PKG-02198,DEPARTURE,2023-10-23 12:21:21
HUB-001,PKG-00821,ARRIVAL,2023-10-27 02:25:29
HUB-008,PKG-00947,DEPARTURE,2023-10-27 01:34:11
HUB-004,PKG-00935,ARRIVAL,2023-10-28 02:06:20
HUB-002,PKG-00431,DEPARTURE,2023-10-05 02:52:30
HUB-001,PKG-00465,DEPARTURE,2023-10-04 14:08:13
HUB-008,PKG-00520,DEPARTURE,2023-10-03 23:02:59
HUB-009,PKG-00800,DEPARTURE,2023-10-03 22:42:43
HUB-001,PKG-00225,ARRIVAL,2023-10-11 10:07:42
HUB-001,PKG-00716,ARRIVAL,2023-10-25 12:20:17
HUB-003,PKG-02236,ARRIVAL,2023-10-15 11:13:35
HUB-012,PKG-02115,ARRIVAL,2023-10-25 17:09:40
HUB-009,PKG-01419,ARRIVAL,2023-10-10 01:16:49
HUB-008,PKG-00608,DEPARTURE,2023-10-27 00:35:17
HUB-001,PKG-00876,DEPARTURE,2023-10-12 16:24:58
HUB-006,PKG-01055,ARRIVAL,2023-10-27 10:59:51
HUB-005,PKG-00843,DEPARTURE,2023-10-14 15:47:38
HUB-002,PKG-00448,ARRIVAL,2023-10-11 22:44:01
HUB-001,PKG-00335,DEPARTURE,2023-10-14 18:58:00
HUB-001,PKG-01385,DEPARTURE,2023-10-02 18:11:55
HUB-006,PKG-01746,ARRIVAL,2023-10-29 01:28:41
HUB-002,PKG-00125,ARRIVAL,2023-10-21 11:42:57
HUB-003,PKG-00498,DEPARTURE,2023-10-04 12:18:44
HUB-009,PKG-00916,ARRIVAL,2023-10-05 15:05:27
HUB-002,PKG-01726,DEPARTURE,2023-10-07 16:15:48
HUB-001,PKG-01689,DEPARTURE,2023-10-28 07:00:40
HUB-009,PKG-02101,DEPARTURE,2023-10-08 14:37:52
HUB-003,PKG-01753,ARRIVAL,2023-10-22 13:54:57
HUB-007,PKG-00137,DEPARTURE,2023-10-30 20:15:02
HUB-004,PKG-00532,DEPARTURE,2023-10-18 17:13:03
HUB-010,PKG-00250,ARRIVAL,2023-10-28 22:48:17
HUB-005,PKG-00327,ARRIVAL,2023-10-09 23:22:06
HUB-011,PKG-00659,ARRIVAL,2023-10-04 11:31:59
HUB-001,PKG-01488,DEPARTURE,2023-10-26 17:34:27
HUB-005,PKG-00985,ARRIVAL,2023-10-28 15:09:33
HUB-012,PKG-00505,ARRIVAL,2023-10-06 12:33:05
HUB-011,PKG-00531,DEPARTURE,2023-10-31 15:14:14
HUB-004,PKG-01762,ARRIVAL,2023-10-07 14:41:56
HUB-011,PKG-01534,ARRIVAL,2023-10-23 22:18:53
HUB-004,PKG-01652,DEPARTURE,2023-10-10 05:55:03
HUB-007,PKG-02233,DEPARTURE,2023-10-18 15:50:10
HUB-012,PKG-01428,ARRIVAL,2023-10-20 18:00:05
HUB-002,PKG-01926,DEPARTURE,2023-10-25 21:11:43
HUB-010,PKG-00381,ARRIVAL,2023-10-10 17:37:15
HUB-011,PKG-01706,DEPARTURE,2023-10-09 11:05:53
HUB-010,PKG-00799,ARRIVAL,2023-10-03 00:52:48
HUB-006,PKG-01727,DEPARTURE,2023-10-17 09:49:05
HUB-008,PKG-01908,DEPARTURE,2023-10-19 09:24:54
HUB-003,PKG-00200,ARRIVAL,2023-10-09 19:13:08
HUB-005,PKG-01460,DEPARTURE,2023-10-30 18:25:04
HUB-001,PKG-01638,ARRIVAL,2023-10-20 00:33:45
HUB-008,PKG-00217,DEPARTURE,2023-10-14 16:26:19
HUB-003,PKG-00289,DEPARTURE,2023-10-13 13:56:57
HUB-001,PKG-02103,DEPARTURE,2023-10-14 15:13:49
HUB-004,PKG-00803,ARRIVAL,2023-10-03 09:56:50
HUB-001,PKG-01404,ARRIVAL,2023-10-15 23:03:32
HUB-008,PKG-01749,DEPARTURE,2023-10-24 07:59:42
HUB-003,PKG-00209,DEPARTURE,2023-10-08 09:08:54
HUB-002,PKG-01995,DEPARTURE,2023-10-12 17:28:06
HUB-011,PKG-00841,ARRIVAL,2023-10-19 10:36:33
HUB-004,PKG-01263,DEPARTURE,2023-10-03 16:21:37
HUB-005,PKG-01480,DEPARTURE,2023-10-05 14:43:00
HUB-012,PKG-01982,ARRIVAL,2023-10-18 10:53:01
HUB-003,PKG-01244,ARRIVAL,2023-10-16 07:35:55
HUB-010,PKG-01380,DEPARTURE,2023-10-24 15:46:57
HUB-008,PKG-00225,ARRIVAL,2023-10-11 18:20:43
HUB-009,PKG-01327,DEPARTURE,2023-10-22 06:41:35
HUB-012,PKG-00603,ARRIVAL,2023-10-01 05:57:11
HUB-005,PKG-00572,ARRIVAL,2023-10-03 06:44:08
HUB-001,PKG-01651,DEPARTURE,2023-10-07 13:33:01
HUB-011,PKG-02379,DEPARTURE,2023-10-25 00:29:51
HUB-003,PKG-00379,ARRIVAL,2023-10-24 23:45:58
HUB-004,PKG-02178,ARRIVAL,2023-10-29 08:15:18
HUB-006,PKG-02291,ARRIVAL,2023-10-13 09:12:00
HUB-008,PKG-00738,ARRIVAL,2023-10-05 15:55:01
HUB-009,PKG-01227,DEPARTURE,2023-10-14 02:15:39
HUB-006,PKG-01746,DEPARTURE,2023-10-29 11:14:34
HUB-005,PKG-00315,DEPARTURE,2023-10-18 23:55:05
HUB-008,PKG-00982,DEPARTURE,2023-10-26 13:18:36
HUB-003,PKG-01337,ARRIVAL,2023-10-03 07:34:03
HUB-001,PKG-00926,ARRIVAL,2023-10-03 07:46:56
HUB-007,PKG-01356,ARRIVAL,2023-10-14 23:00:04
HUB-010,PKG-02196,DEPARTURE,2023-10-02 21:08:54
HUB-003,PKG-02005,ARRIVAL,2023-10-01 17:49:44
HUB-005,PKG-00290,ARRIVAL,2023-10-15 15:38:47
HUB-001,PKG-01441,DEPARTURE,2023-10-26 19:52:38
HUB-002,PKG-02355,DEPARTURE,2023-10-09 17:34:24
HUB-011,PKG-01917,DEPARTURE,2023-10-20 05:50:47
HUB-007,PKG-00312,DEPARTURE,2023-10-20 14:42:44
HUB-002,PKG-01051,ARRIVAL,2023-10-19 14:54:55
HUB-003,PKG-01012,DEPARTURE,2023-10-20 03:04:45
HUB-007,PKG-00510,ARRIVAL,2023-10-06 07:35:46
HUB-007,PKG-01473,DEPARTURE,2023-10-11 10:32:54
HUB-002,PKG-01431,ARRIVAL,2023-10-28 04:01:06
HUB-001,PKG-00071,DEPARTURE,2023-10-11 01:52:49
HUB-005,PKG-00458,ARRIVAL,2023-10-14 17:23:13
HUB-003,PKG-00973,DEPARTURE,2023-10-14 00:13:57
HUB-005,PKG-01952,DEPARTURE,2023-10-16 04:25:33
HUB-007,PKG-00259,DEPARTURE,2023-10-29 13:08:49
HUB-001,PKG-01003,DEPARTURE,2023-10-15 15:20:26
HUB-009,PKG-02366,DEPARTURE,2023-10-26 21:26:19
HUB-005,PKG-00405,DEPARTURE,2023-10-27 20:34:36
HUB-005,PKG-01234,DEPARTURE,2023-10-26 07:01:18
HUB-004,PKG-01212,DEPARTURE,2023-10-05 13:20:18
HUB-009,PKG-00298,DEPARTURE,2023-10-10 02:31:16
HUB-005,PKG-02192,DEPARTURE,2023-10-11 17:15:12
HUB-012,PKG-01672,ARRIVAL,2023-10-19 16:41:00
HUB-003,PKG-02217,DEPARTURE,2023-10-17 01:45:11
HUB-001,PKG-01588,ARRIVAL,2023-10-09 09:52:58
HUB-003,PKG-02344,DEPARTURE,2023-10-06 18:49:35
HUB-007,PKG-00630,DEPARTURE,2023-10-04 09:03:29
HUB-003,PKG-01872,DEPARTURE,2023-10-18 07:16:07
HUB-001,PKG-00910,ARRIVAL,2023-10-15 22:14:51
HUB-008,PKG-00371,ARRIVAL,2023-10-04 10:48:15
HUB-005,PKG-00099,ARRIVAL,2023-10-18 15:11:43
HUB-005,PKG-01826,DEPARTURE,2023-10-09 21:24:11
HUB-011,PKG-01644,DEPARTURE,2023-10-27 12:52:08
HUB-004,PKG-00100,DEPARTURE,2023-10-11 17:26:41
HUB-005,PKG-02138,SORTING,2023-10-25 17:42:13
HUB-009,PKG-02363,DEPARTURE,2023-10-24 15:31:37
HUB-003,PKG-01394,ARRIVAL,2023-10-23 02:08:16
HUB-002,PKG-02264,DEPARTURE,2023-10-30 23:53:16
HUB-007,PKG-00791,ARRIVAL,2023-10-01 22:49:23
HUB-002,PKG-02266,ARRIVAL,2023-10-20 18:54:20
HUB-004,PKG-01020,ARRIVAL,2023-10-05 14:43:27
HUB-006,PKG-00127,DEPARTURE,2023-10-08 19:18:13
HUB-002,PKG-00167,ARRIVAL,2023-10-17 06:06:27
HUB-005,PKG-00459,ARRIVAL,2023-10-11 14:50:29
HUB-008,PKG-01236,ARRIVAL,2023-10-19 11:20:13
HUB-001,PKG-01615,DEPARTURE,2023-10-10 19:32:26
HUB-005,PKG-00824,DEPARTURE,2023-10-15 05:26:25
HUB-002,PKG-00657,DEPARTURE,2023-10-26 18:47:11
HUB-006,PKG-02032,ARRIVAL,2023-10-21 11:02:21
HUB-004,PKG-00504,DEPARTURE,2023-10-19 05:53:30
HUB-007,PKG-01863,ARRIVAL,2023-10-12 20:26:42
HUB-006,PKG-01511,DEPARTURE,2023-10-04 09:24:06
HUB-003,PKG-02280,DEPARTURE,2023-10-03 09:33:20
HUB-002,PKG-01592,DEPARTURE,2023-10-10 21:32:55
HUB-003,PKG-00742,ARRIVAL,2023-10-19 14:21:16
HUB-008,PKG-01724,ARRIVAL,2023-10-13 13:38:19
HUB-003,PKG-02325,ARRIVAL,2023-10-27 09:54:42
HUB-006,PKG-01842,DEPARTURE,2023-10-25 09:41:20
HUB-008,PKG-00132,DEPARTURE,2023-10-29 01:54:50
HUB-001,PKG-01529,ARRIVAL,2023-10-11 08:45:40
HUB-005,PKG-00835,ARRIVAL,2023-10-13 09:48:16
HUB-004,PKG-01470,DEPARTURE,2023-10-16 01:02:39
HUB-004,PKG-01361,ARRIVAL,2023-10-23 08:45:09
HUB-008,PKG-00533,ARRIVAL,2023-10-20 06:25:28
HUB-002,PKG-00531,ARRIVAL,2023-10-30 13:04:57
HUB-002,PKG-02164,ARRIVAL,2023-10-21 23:00:26
HUB-005,PKG-01339,ARRIVAL,2023-10-10 00:27:40
HUB-001,PKG-01141,ARRIVAL,2023-10-23 10:36:49
HUB-005,PKG-01270,SORTING,2023-10-13 14:13:26
HUB-002,PKG-01453,SORTING,2023-10-16 12:27:35
HUB-001,PKG-01222,DEPARTURE,2023-10-19 20:37:56
HUB-002,PKG-01095,ARRIVAL,2023-10-23 15:27:22
HUB-004,PKG-00425,DEPARTURE,2023-10-24 13:50:27
HUB-003,PKG-02086,DEPARTURE,2023-10-06 12:14:12
HUB-001,PKG-00466,DEPARTURE,2023-10-05 15:12:21
HUB-001,PKG-01848,ARRIVAL,2023-10-05 17:41:47
HUB-001,PKG-00912,DEPARTURE,2023-10-27 01:30:38
HUB-004,PKG-00998,DEPARTURE,2023-10-11 13:13:15
HUB-005,PKG-00346,ARRIVAL,2023-10-19 09:12:06
HUB-011,PKG-01575,DEPARTURE,2023-10-25 06:09:48
HUB-010,PKG-01990,DEPARTURE,2023-10-22 13:22:25
HUB-001,PKG-00482,DEPARTURE,2023-10-25 13:57:03
HUB-005,PKG-00804,DEPARTURE,2023-10-19 18:57:52
HUB-001,PKG-02183,ARRIVAL,2023-10-05 08:50:25
HUB-004,PKG-01333,ARRIVAL,2023-10-26 16:51:52
HUB-007,PKG-01065,DEPARTURE,2023-10-19 15:46:04
HUB-005,PKG-00116,DEPARTURE,2023-10-15 01:55:42
HUB-012,PKG-00167,SORTING,2023-10-17 19:51:38
HUB-011,PKG-00804,ARRIVAL,2023-10-18 13:19:11
HUB-005,PKG-01369,ARRIVAL,2023-10-25 12:23:28
HUB-001,PKG-00012,DEPARTURE,2023-10-20 18:56:16
HUB-006,PKG-00069,ARRIVAL,2023-10-28 02:05:20
HUB-011,PKG-02106,DEPARTURE,2023-10-21 11:16:24
HUB-005,PKG-00388,DEPARTURE,2023-10-05 14:01:06
HUB-001,PKG-02230,ARRIVAL,2023-10-29 11:43:52
HUB-012,PKG-02136,DEPARTURE,2023-10-20 13:24:56
HUB-011,PKG-00823,DEPARTURE,2023-10-23 03:36:07
HUB-001,PKG-00789,DEPARTURE,2023-10-16 04:13:48
HUB-004,PKG-01233,DEPARTURE,2023-10-07 15:13:10
HUB-008,PKG-01178,ARRIVAL,2023-10-18 14:55:03
HUB-006,PKG-01687,ARRIVAL,2023-10-28 20:09:06
HUB-005,PKG-01923,ARRIVAL,2023-10-19 05:56:15
HUB-003,PKG-00245,ARRIVAL,2023-10-23 14:10:04
HUB-005,PKG-00691,DEPARTURE,2023-10-21 06:31:19
HUB-009,PKG-01266,DEPARTURE,2023-10-04 19:02:12
HUB-003,PKG-00274,ARRIVAL,2023-10-26 21:33:14
HUB-002,PKG-01491,DEPARTURE,2023-10-08 11:20:20
HUB-002,PKG-00978,ARRIVAL,2023-10-07 14:24:13
HUB-002,PKG-00138,ARRIVAL,2023-10-05 21:49:49
HUB-003,PKG-01163,DEPARTURE,2023-10-25 03:11:21
HUB-007,PKG-00576,DEPARTURE,2023-10-11 14:35:31
HUB-009,PKG-00271,DEPARTURE,2023-10-04 05:11:46
HUB-003,PKG-01192,DEPARTURE,2023-10-28 18:48:16
HUB-009,PKG-01633,ARRIVAL,2023-10-21 20:38:55
HUB-009,PKG-00139,ARRIVAL,2023-10-03 10:25:32
HUB-010,PKG-00247,ARRIVAL,2023-10-02 04:01:06
HUB-002,PKG-01898,DEPARTURE,2023-10-28 22:38:32
HUB-001,PKG-01682,DEPARTURE,2023-10-13 17:23:41
HUB-001,PKG-01595,ARRIVAL,2023-10-09 11:30:41
HUB-012,PKG-00560,ARRIVAL,2023-10-15 11:20:08
HUB-010,PKG-02363,ARRIVAL,2023-10-25 02:47:25
HUB-004,PKG-02259,ARRIVAL,2023-10-20 17:38:00
HUB-007,PKG-01505,DEPARTURE,2023-10-26 00:54:16
HUB-001,PKG-00267,DEPARTURE,2023-10-02 04:40:25
HUB-006,PKG-00401,ARRIVAL,2023-10-22 19:57:14
HUB-001,PKG-00165,ARRIVAL,2023-10-21 15:28:39
HUB-005,PKG-01328,ARRIVAL,2023-10-03 15:39:35
HUB-005,PKG-01074,DEPARTURE,2023-10-30 18:48:51
HUB-007,PKG-00494,ARRIVAL,2023-10-01 23:53:15
HUB-005,PKG-00041,DEPARTURE,2023-10-15 19:03:05
HUB-005,PKG-01514,ARRIVAL,2023-10-30 13:42:15
HUB-010,PKG-01186,DEPARTURE,2023-10-25 00:29:08
HUB-007,PKG-02055,DEPARTURE,2023-10-04 12:29:04
HUB-009,PKG-00301,DEPARTURE,2023-10-26 17:12:56
HUB-005,PKG-00459,DEPARTURE,2023-10-12 06:23:10
HUB-003,PKG-02317,ARRIVAL,2023-10-03 13:46:03
HUB-006,PKG-00517,ARRIVAL,2023-10-01 14:49:15
HUB-005,PKG-01426,ARRIVAL,2023-10-17 02:12:14
HUB-002,PKG-01823,DEPARTURE,2023-10-13 16:53:15
HUB-005,PKG-00824,ARRIVAL,2023-10-14 19:36:34
HUB-002,PKG-01298,DEPARTURE,2023-10-12 08:10:28
HUB-001,PKG-02309,DEPARTURE,2023-10-26 08:47:55
HUB-002,PKG-01637,ARRIVAL,2023-10-17 16:28:58
HUB-003,PKG-00502,ARRIVAL,2023-10-30 18:45:44
HUB-003,PKG-01973,ARRIVAL,2023-10-08 19:09:13
HUB-007,PKG-01286,DEPARTURE,2023-10-31 18:01:42
HUB-005,PKG-01773,ARRIVAL,2023-10-25 14:11:44
HUB-004,PKG-00801,ARRIVAL,2023-10-28 03:30:05
HUB-002,PKG-00047,DEPARTURE,2023-10-16 22:46:59
HUB-008,PKG-02377,DEPARTURE,2023-10-19 18:14:14
HUB-006,PKG-00778,DEPARTURE,2023-10-04 23:10:06
HUB-010,PKG-01623,DEPARTURE,2023-10-06 17:23:41
HUB-011,PKG-00479,ARRIVAL,2023-10-19 10:03:16
HUB-006,PKG-02289,SORTING,2023-10-13 07:28:31
HUB-012,PKG-01307,DEPARTURE,2023-10-21 18:09:39
HUB-006,PKG-01411,ARRIVAL,2023-10-06 16:52:43
HUB-002,PKG-00555,DEPARTURE,2023-10-24 09:42:03
HUB-010,PKG-02370,DEPARTURE,2023-10-04 13:55:51
HUB-007,PKG-01416,DEPARTURE,2023-10-16 14:19:10
HUB-006,PKG-01491,ARRIVAL,2023-10-09 07:25:40
HUB-008,PKG-02067,DEPARTURE,2023-10-20 01:38:27
HUB-007,PKG-01539,ARRIVAL,2023-10-04 08:39:01
HUB-010,PKG-00250,DEPARTURE,2023-10-29 05:33:45
HUB-005,PKG-02255,ARRIVAL,2023-10-07 12:20:01
HUB-001,PKG-01322,DEPARTURE,2023-10-02 14:15:25
HUB-011,PKG-00514,ARRIVAL,2023-10-08 08:48:59
HUB-005,PKG-01874,ARRIVAL,2023-10-23 08:12:40
HUB-006,PKG-01370,DEPARTURE,2023-10-14 02:31:14
HUB-006,PKG-02225,DEPARTURE,2023-10-17 21:51:22
HUB-001,PKG-02341,ARRIVAL,2023-10-28 16:42:13
HUB-004,PKG-01375,DEPARTURE,2023-10-27 04:44:43
HUB-002,PKG-00074,ARRIVAL,2023-10-06 10:13:09
HUB-001,PKG-01030,DEPARTURE,2023-10-22 16:12:09
HUB-007,PKG-00269,DEPARTURE,2023-10-30 14:26:52
HUB-001,PKG-00353,ARRIVAL,2023-10-20 05:18:50
HUB-004,PKG-01891,SORTING,2023-10-19 10:32:37
HUB-011,PKG-00277,ARRIVAL,2023-10-14 06:18:12
HUB-004,PKG-00574,ARRIVAL,2023-10-19 08:57:40
HUB-001,PKG-00738,DEPARTURE,2023-10-06 10:55:35
HUB-001,PKG-01825,DEPARTURE,2023-10-31 02:01:35
HUB-011,PKG-00138,DEPARTURE,2023-10-06 20:47:38
HUB-007,PKG-00819,DEPARTURE,2023-10-06 11:01:35
HUB-002,PKG-01108,DEPARTURE,2023-10-08 23:03:37
HUB-011,PKG-02070,DEPARTURE,2023-10-19 08:27:52
HUB-004,PKG-01829,DEPARTURE,2023-10-30 07:16:12
HUB-002,PKG-02230,ARRIVAL,2023-10-28 13:46:59
HUB-005,PKG-02232,ARRIVAL,2023-10-28 14:18:12
HUB-009,PKG-01860,DEPARTURE,2023-10-18 09:35:03
HUB-010,PKG-00589,ARRIVAL,2023-10-01 09:02:29
HUB-005,PKG-02266,DEPARTURE,2023-10-21 14:32:48
HUB-012,PKG-00228,ARRIVAL,2023-10-18 19:59:45
HUB-008,PKG-00573,ARRIVAL,2023-10-25 02:44:54
HUB-012,PKG-00886,DEPARTURE,2023-10-17 11:27:16
HUB-003,PKG-00110,DEPARTURE,2023-10-03 16:59:57
HUB-001,PKG-01783,ARRIVAL,2023-10-08 00:26:28
HUB-001,PKG-00754,DEPARTURE,2023-10-27 01:09:45
HUB-006,PKG-02292,DEPARTURE,2023-10-10 14:08:52
HUB-004,PKG-00044,DEPARTURE,2023-10-09 09:04:51
HUB-007,PKG-01867,ARRIVAL,2023-10-24 17:30:19
HUB-002,PKG-01575,DEPARTURE,0000-00-00 00:00:00
HUB-001,PKG-00159,ARRIVAL,2023-10-14 10:35:45
HUB-006,PKG-01638,ARRIVAL,2023-10-19 11:24:31
HUB-005,PKG-00059,DEPARTURE,2023-10-12 13:58:56
HUB-010,PKG-02262,ARRIVAL,2023-10-08 17:12:30
HUB-001,PKG-01117,ARRIVAL,2023-10-08 12:48:23
HUB-007,PKG-01626,DEPARTURE,2023-10-18 03:04:37
HUB-007,PKG-00415,DEPARTURE,2023-10-30 05:12:59
HUB-001,PKG-01546,ARRIVAL,2023-10-25 12:21:29
HUB-012,PKG-01108,ARRIVAL,2023-10-09 05:44:29
HUB-006,PKG-02289,DEPARTURE,2023-10-13 09:19:17
HUB-005,PKG-02315,DEPARTURE,2023-10-31 04:53:59
HUB-008,PKG-00463,DEPARTURE,2023-10-31 02:47:29
HUB-011,PKG-01663,DEPARTURE,2023-10-28 23:18:39
HUB-007,PKG-01031,ARRIVAL,2023-10-27 07:08:13
HUB-006,PKG-02221,DEPARTURE,2023-10-02 16:03:53
HUB-001,PKG-01515,ARRIVAL,2023-10-27 11:15:37
HUB-003,PKG-00700,DEPARTURE,2023-10-03 18:27:34
HUB-012,PKG-02342,DEPARTURE,2023-10-16 23:53:07
HUB-005,PKG-01211,DEPARTURE,2023-10-04 11:59:39
HUB-011,PKG-00894,ARRIVAL,2023-10-12 22:17:55
HUB-006,PKG-00933,DEPARTURE,2023-10-03 18:57:09
HUB-005,PKG-00577,ARRIVAL,2023-10-22 11:33:00
HUB-002,PKG-00666,ARRIVAL,2023-10-31 12:14:02
HUB-005,PKG-01768,DEPARTURE,2023-10-20 22:40:12
HUB-012,PKG-01878,DEPARTURE,2023-10-03 18:54:37
HUB-012,PKG-02335,ARRIVAL,2023-10-03 18:42:03
HUB-002,PKG-00003,DEPARTURE,2023-10-22 17:12:17
HUB-006,PKG-02255,DEPARTURE,2023-10-07 06:29:04
HUB-002,PKG-01671,DEPARTURE,2023-10-11 22:01:02
HUB-006,PKG-00615,ARRIVAL,2023-10-30 01:27:55
HUB-006,PKG-01232,ARRIVAL,2023-10-05 20:21:52
HUB-007,PKG-00679,ARRIVAL,2023-10-04 07:45:07
HUB-003,PKG-02272,DEPARTURE,2023-10-09 00:26:38
HUB-004,PKG-02024,DEPARTURE,2023-10-17 21:53:43
HUB-003,PKG-01350,DEPARTURE,2023-10-26 20:55:21
HUB-007,PKG-00797,DEPARTURE,2023-10-31 00:30:49
HUB-007,PKG-01893,DEPARTURE,2023-10-08 23:07:22
HUB-009,PKG-02047,ARRIVAL,2023-10-07 11:38:00
HUB-005,PKG-01702,DEPARTURE,2023-10-25 11:14:05
HUB-001,PKG-00868,ARRIVAL,2023-10-14 01:50:48
HUB-005,PKG-02227,DEPARTURE,2023-10-08 22:34:43
HUB-005,PKG-01457,DEPARTURE,2023-10-04 05:50:12
HUB-004,PKG-01294,DEPARTURE,2023-10-28 17:54:03
HUB-001,PKG-01733,ARRIVAL,2023-10-30 13:07:25
HUB-001,PKG-00497,ARRIVAL,2023-10-27 14:08:52
HUB-003,PKG-00743,DEPARTURE,2023-10-22 21:43:14
HUB-002,PKG-02286,ARRIVAL,2023-10-13 08:51:54
HUB-012,PKG-01554,DEPARTURE,2023-10-10 05:49:44
HUB-001,PKG-02163,ARRIVAL,2023-10-21 03:08:14
HUB-001,PKG-01472,ARRIVAL,2023-10-17 11:14:02
HUB-001,PKG-02307,ARRIVAL,2023-10-22 09:46:40
HUB-004,PKG-02239,DEPARTURE,2023-10-02 14:36:17
HUB-002,PKG-01666,ARRIVAL,2023-10-08 08:38:23
HUB-010,PKG-01557,ARRIVAL,2023-10-17 03:42:15
HUB-001,PKG-02130,DEPARTURE,2023-10-22 03:14:01
HUB-012,PKG-02281,ARRIVAL,2023-10-11 07:21:05
HUB-004,PKG-01348,ARRIVAL,2023-10-29 02:32:49
HUB-005,PKG-02187,DEPARTURE,2023-10-27 08:31:39
HUB-012,PKG-01679,DEPARTURE,2023-10-17 13:19:22
HUB-002,PKG-01290,DEPARTURE,2023-10-20 18:56:59
HUB-001,PKG-00003,ARRIVAL,2023-10-22 21:17:59
HUB-004,PKG-01728,ARRIVAL,2023-10-30 16:21:14
HUB-002,PKG-00761,ARRIVAL,2023-10-02 01:47:31
HUB-006,PKG-00127,ARRIVAL,2023-10-08 07:38:18
HUB-004,PKG-02348,ARRIVAL,2023-10-02 21:50:01
HUB-010,PKG-01475,ARRIVAL,2023-10-21 16:05:28
HUB-004,PKG-00044,SORTING,2023-10-09 07:28:50
HUB-007,PKG-01692,ARRIVAL,2023-10-23 15:20:54
HUB-012,PKG-00061,DEPARTURE,invalid_ts
HUB-003,PKG-01677,DEPARTURE,2023-10-01 18:29:03
HUB-003,PKG-01629,DEPARTURE,2023-10-03 15:39:10
HUB-001,PKG-01422,DEPARTURE,2023-10-11 12:05:17
HUB-007,PKG-00833,DEPARTURE,2023-10-18 00:15:45
HUB-005,PKG-01201,DEPARTURE,2023-10-07 21:41:28
HUB-010,PKG-01784,DEPARTURE,2023-10-31 14:00:25
HUB-001,PKG-02217,ARRIVAL,2023-10-17 13:33:32
HUB-004,PKG-00796,DEPARTURE,2023-10-06 20:32:50
HUB-005,PKG-01275,ARRIVAL,2023-10-23 16:40:37
HUB-012,PKG-00515,DEPARTURE,2023-10-07 21:45:19
HUB-006,PKG-02040,ARRIVAL,2023-10-09 05:22:12
HUB-008,PKG-01157,DEPARTURE,2023-10-24 21:32:20
HUB-005,PKG-00194,ARRIVAL,2023-10-16 22:46:17
HUB-004,PKG-00241,ARRIVAL,2023-10-30 12:19:36
HUB-007,PKG-00735,DEPARTURE,2023-10-12 03:38:21
HUB-006,PKG-01134,DEPARTURE,2023-10-22 01:48:45
HUB-005,PKG-01022,DEPARTURE,2023-10-26 13:57:52
HUB-002,PKG-01567,ARRIVAL,2023-10-30 11:29:40
HUB-001,PKG-01072,ARRIVAL,2023-10-18 09:50:05
HUB-011,PKG-01527,ARRIVAL,2023-10-21 09:32:33
HUB-002,PKG-00599,DEPARTURE,2023-10-25 17:59:36
HUB-009,PKG-01014,DEPARTURE,2023-10-05 05:09:09
HUB-005,PKG-00591,ARRIVAL,2023-10-06 07:27:11
HUB-007,PKG-01936,DEPARTURE,2023-10-13 17:49:18
HUB-006,PKG-01787,ARRIVAL,2023-10-15 03:06:02
HUB-004,PKG-00580,ARRIVAL,2023-10-13 02:03:00
HUB-005,PKG-01143,DEPARTURE,2023-10-16 19:31:52
HUB-008,PKG-02048,ARRIVAL,2023-10-14 22:48:56
HUB-005,PKG-01921,DEPARTURE,2023-10-09 23:13:13
HUB-005,PKG-00635,ARRIVAL,2023-10-14 14:57:49
HUB-005,PKG-01664,DEPARTURE,2023-10-02 03:59:34
HUB-007,PKG-00149,ARRIVAL,2023-10-30 11:33:37
HUB-005,PKG-01896,DEPARTURE,2023-10-31 01:55:45
HUB-006,PKG-02013,SORTING,2023-10-26 20:34:26
HUB-008,PKG-00681,ARRIVAL,2023-10-17 17:19:41
HUB-001,PKG-01935,ARRIVAL,2023-10-08 10:35:56
HUB-009,PKG-01646,SORTING,2023-10-19 19:02:38
HUB-001,PKG-02384,DEPARTURE,2023-10-18 22:29:34
HUB-007,PKG-01736,DEPARTURE,2023-10-29 09:47:18
HUB-011,PKG-01462,ARRIVAL,2023-10-11 11:37:24
HUB-008,PKG-01333,DEPARTURE,2023-10-26 14:24:01
HUB-003,PKG-01094,ARRIVAL,2023-10-24 18:18:41
HUB-003,PKG-00276,ARRIVAL,2023-10-22 17:16:23
HUB-009,PKG-00293,DEPARTURE,2023-10-06 16:43:58
HUB-002,PKG-00998,DEPARTURE,2023-10-10 22:17:06
HUB-004,PKG-01292,ARRIVAL,2023-10-17 16:46:25
HUB-008,PKG-00285,ARRIVAL,2023-10-07 12:39:05
HUB-001,PKG-02171,SORTING,2023-10-22 14:47:40
HUB-001,PKG-01877,DEPARTURE,2023-10-16 10:10:29
HUB-004,PKG-01409,DEPARTURE,2023-10-21 07:53:06
HUB-003,PKG-00829,DEPARTURE,2023-10-02 23:56:33
HUB-003,PKG-00955,ARRIVAL,2023-10-19 14:22:12
HUB-003,PKG-00799,DEPARTURE,2023-10-03 19:09:48
HUB-001,PKG-00380,DEPARTURE,2023-10-17 01:47:52
HUB-006,PKG-00606,DEPARTURE,2023-10-08 15:34:30
HUB-009,PKG-00830,DEPARTURE,2023-10-06 15:17:21
HUB-010,PKG-00060,DEPARTURE,2023-10-06 07:48:32
HUB-004,PKG-02314,ARRIVAL,2023-10-27 09:51:38
HUB-004,PKG-01986,ARRIVAL,2023-10-21 18:29:00
HUB-003,PKG-02062,ARRIVAL,2023-10-29 17:07:01
HUB-002,PKG-00270,DEPARTURE,2023-10-03 20:43:06
HUB-001,PKG-00027,DEPARTURE,2023-10-21 18:32:32
HUB-010,PKG-02281,ARRIVAL,2023-10-11 20:34:05
HUB-012,PKG-00747,DEPARTURE,2023-10-04 11:40:00
HUB-003,PKG-01098,ARRIVAL,2023-10-29 10:13:30
HUB-003,PKG-01424,DEPARTURE,2023-10-07 10:18:46
HUB-006,PKG-01700,DEPARTURE,2023-10-22 18:24:38
HUB-006,PKG-00295,DEPARTURE,2023-10-19 22:30:04
HUB-002,PKG-00822,DEPARTURE,2023-10-13 22:16:28
HUB-004,PKG-00203,ARRIVAL,2023-10-20 14:41:34
HUB-004,PKG-02331,ARRIVAL,2023-10-27 15:43:31
HUB-002,PKG-00978,DEPARTURE,2023-10-07 21:30:05
HUB-011,PKG-00771,ARRIVAL,2023-10-18 22:02:56
HUB-012,PKG-02342,ARRIVAL,2023-10-16 18:15:27
HUB-004,PKG-00930,DEPARTURE,2023-10-20 23:46:54
HUB-010,PKG-00589,DEPARTURE,2023-10-01 15:44:11
HUB-003,PKG-01260,SORTING,2023-10-10 21:42:16
HUB-002,PKG-01424,DEPARTURE,2023-10-08 03:24:57
HUB-005,PKG-00248,ARRIVAL,2023-10-09 00:34:59
HUB-007,PKG-01266,ARRIVAL,2023-10-04 21:12:51
HUB-003,PKG-00176,DEPARTURE,2023-10-24 23:37:48
HUB-007,PKG-00375,ARRIVAL,2023-10-08 05:14:03
HUB-003,PKG-02288,DEPARTURE,2023-10-26 07:49:01
HUB-002,PKG-00627,DEPARTURE,2023-10-10 13:08:37
HUB-004,PKG-01757,DEPARTURE,2023-10-21 11:03:26
HUB-002,PKG-00600,DEPARTURE,2023-10-08 18:12:26
HUB-005,PKG-02141,ARRIVAL,2023-10-08 09:56:55
HUB-001,PKG-02058,DEPARTURE,2023-10-29 23:26:30
HUB-001,PKG-00144,SORTING,2023-10-19 01:06:13
HUB-001,PKG-02061,ARRIVAL,2023-10-01 09:46:08
HUB-010,PKG-01312,ARRIVAL,2023-10-25 08:49:16
HUB-002,PKG-02186,DEPARTURE,2023-10-25 21:43:43
HUB-001,PKG-02214,ARRIVAL,2023-10-17 22:42:29
HUB-001,PKG-02302,DEPARTURE,2023-10-29 23:40:44
HUB-004,PKG-00648,DEPARTURE,2023-10-01 21:27:16
HUB-002,PKG-02029,SORTING,2023-10-23 06:16:22
HUB-005,PKG-02107,ARRIVAL,2023-10-16 13:17:09
HUB-001,PKG-01976,DEPARTURE,2023-10-24 10:03:06
HUB-003,PKG-01075,DEPARTURE,2023-10-23 10:03:41
HUB-003,PKG-00546,ARRIVAL,2023-10-23 06:24:03
HUB-002,PKG-01533,DEPARTURE,2023-10-09 22:28:25
HUB-003,PKG-01173,DEPARTURE,2023-10-21 02:28:11
HUB-003,PKG-00292,ARRIVAL,2023-10-24 14:03:28
HUB-005,PKG-01020,ARRIVAL,2023-10-06 03:22:13
HUB-009,PKG-01383,ARRIVAL,2023-10-02 14:49:03
HUB-006,PKG-00067,DEPARTURE,2023-10-20 15:32:54
HUB-001,PKG-00235,DEPARTURE,2023-10-28 18:08:44
HUB-010,PKG-02220,ARRIVAL,2023-10-29 22:15:42
HUB-011,PKG-00560,ARRIVAL,2023-10-16 00:57:53
HUB-003,PKG-01436,DEPARTURE,2023-10-27 05:26:15
HUB-001,PKG-01895,ARRIVAL,2023-10-18 22:23:03
HUB-001,PKG-00128,ARRIVAL,2023-10-08 10:31:24
HUB-004,PKG-00084,ARRIVAL,2023-10-21 22:56:30
HUB-011,PKG-01829,DEPARTURE,2023-10-29 12:04:33
HUB-002,PKG-00357,ARRIVAL,2023-10-12 16:32:32
HUB-002,PKG-00040,ARRIVAL,2023-10-20 12:32:47
HUB-012,PKG-02279,ARRIVAL,2023-10-15 22:02:55
HUB-004,PKG-01549,DEPARTURE,2023-10-13 18:39:21
HUB-009,PKG-00763,ARRIVAL,2023-10-07 02:34:20
HUB-003,PKG-01973,DEPARTURE,2023-10-08 22:52:00
HUB-003,PKG-00930,DEPARTURE,2023-10-21 15:12:11
HUB-001,PKG-00006,DEPARTURE,2023-10-15 17:46:29
HUB-010,PKG-00891,DEPARTURE,2023-10-17 00:27:23
HUB-005,PKG-01912,ARRIVAL,2023-10-08 13:30:40
HUB-011,PKG-01761,ARRIVAL,2023-10-31 04:24:09
HUB-010,PKG-02009,DEPARTURE,2023-10-24 17:12:45
HUB-001,PKG-00150,ARRIVAL,2023-10-17 14:29:58
HUB-011,PKG-01740,ARRIVAL,2023-10-09 17:28:05
HUB-002,PKG-01633,DEPARTURE,2023-10-22 15:10:54
HUB-005,PKG-01717,DEPARTURE,2023-10-08 21:38:15
HUB-001,PKG-01605,DEPARTURE,2023-10-26 18:53:38
HUB-004,PKG-01320,ARRIVAL,2023-10-08 11:42:00
HUB-002,PKG-01807,ARRIVAL,2023-10-19 02:02:10
HUB-001,PKG-00128,DEPARTURE,2023-10-08 15:31:12
HUB-002,PKG-00012,ARRIVAL,2023-10-20 21:45:27
HUB-010,PKG-01848,ARRIVAL,2023-10-06 09:28:34
HUB-003,PKG-01381,DEPARTURE,2023-10-05 03:10:42
HUB-002,PKG-00197,SORTING,2023-10-18 14:43:29
HUB-006,PKG-00624,ARRIVAL,2023-10-16 06:20:22
HUB-005,PKG-01551,ARRIVAL,2023-10-20 05:42:46
HUB-010,PKG-01725,DEPARTURE,2023-10-05 18:50:00
HUB-003,PKG-01507,ARRIVAL,2023-10-02 01:14:26
HUB-003,PKG-00097,DEPARTURE,2023-10-28 23:37:34
HUB-009,PKG-01258,ARRIVAL,2023-10-27 17:53:06
HUB-001,PKG-00427,DEPARTURE,2023-10-10 21:36:09
HUB-007,PKG-02346,DEPARTURE,2023-10-10 23:17:17
HUB-002,PKG-01138,ARRIVAL,2023-10-21 23:07:47
HUB-002,PKG-00415,ARRIVAL,2023-10-29 07:29:11
HUB-001,PKG-01269,DEPARTURE,2023-10-17 03:05:19
HUB-005,PKG-00405,ARRIVAL,2023-10-27 14:06:50
HUB-002,PKG-00397,DEPARTURE,2023-10-19 09:33:27
HUB-002,PKG-02289,DEPARTURE,2023-10-12 21:13:21
HUB-003,PKG-02201,ARRIVAL,2023-10-07 13:38:36
HUB-002,PKG-01538,ARRIVAL,2023-10-20 10:41:44
HUB-009,PKG-01270,ARRIVAL,2023-10-14 15:28:39
HUB-007,PKG-02052,ARRIVAL,2023-10-02 13:20:20
HUB-011,PKG-01399,ARRIVAL,2023-10-11 09:05:35
HUB-012,PKG-00229,DEPARTURE,2023-10-18 08:50:50
HUB-005,PKG-00321,DEPARTURE,2023-10-02 05:57:19
HUB-002,PKG-01755,ARRIVAL,2023-10-09 07:09:59
HUB-001,PKG-01736,DEPARTURE,2023-10-28 23:51:18
HUB-003,PKG-01010,DEPARTURE,2023-10-01 21:50:44
HUB-009,PKG-00320,ARRIVAL,2023-10-22 11:29:54
HUB-004,PKG-00475,ARRIVAL,2023-10-11 17:29:36
HUB-006,PKG-01587,DEPARTURE,2023-10-22 10:54:21
HUB-009,PKG-01791,ARRIVAL,2023-10-08 13:15:07
HUB-010,PKG-00596,DEPARTURE,2023-10-31 19:19:23
HUB-006,PKG-01457,ARRIVAL,2023-10-04 11:52:42
HUB-004,PKG-00008,ARRIVAL,2023-10-08 12:26:07
HUB-002,PKG-02078,ARRIVAL,2023-10-10 11:54:56
HUB-001,PKG-00287,DEPARTURE,2023-10-04 00:00:22
HUB-007,PKG-00952,ARRIVAL,2023-10-11 13:16:03
HUB-002,PKG-01550,DEPARTURE,2023-10-17 22:57:07
HUB-008,PKG-00566,ARRIVAL,2023-10-11 06:29:44
HUB-012,PKG-01159,ARRIVAL,2023-10-04 15:23:53
HUB-011,PKG-00896,ARRIVAL,2023-10-12 07:02:55
HUB-011,PKG-00590,ARRIVAL,2023-10-26 14:39:23
HUB-012,PKG-00517,DEPARTURE,2023-10-02 06:23:05
HUB-007,PKG-02055,ARRIVAL,2023-10-04 09:49:45
HUB-007,PKG-01363,ARRIVAL,2023-10-17 16:37:31
HUB-006,PKG-00895,DEPARTURE,2023-10-16 17:34:52
HUB-005,PKG-00256,ARRIVAL,2023-10-15 10:27:27
HUB-003,PKG-01716,ARRIVAL,2023-10-03 18:58:02
HUB-006,PKG-02297,DEPARTURE,2023-10-14 04:38:14
HUB-001,PKG-01726,DEPARTURE,2023-10-06 12:57:47
HUB-007,PKG-00390,ARRIVAL,2023-10-04 17:15:25
HUB-008,PKG-00023,ARRIVAL,2023-10-02 07:02:02
HUB-004,PKG-01051,DEPARTURE,2023-10-19 10:18:29
HUB-011,PKG-01959,DEPARTURE,2023-10-04 07:59:03
HUB-011,PKG-00154,DEPARTURE,2023-10-10 07:34:24
HUB-005,PKG-00753,DEPARTURE,2023-10-15 15:55:19
HUB-001,PKG-00068,DEPARTURE,2023-10-18 04:41:17
HUB-007,PKG-00404,ARRIVAL,2023-10-01 20:59:03
HUB-005,PKG-02149,DEPARTURE,2023-10-16 17:26:28
HUB-002,PKG-01891,DEPARTURE,2023-10-18 23:52:11
HUB-002,PKG-01415,ARRIVAL,2023-10-14 21:19:07
HUB-012,PKG-01648,DEPARTURE,2023-10-27 14:35:59
HUB-003,PKG-00969,DEPARTURE,2023-10-06 20:49:48
HUB-011,PKG-01558,DEPARTURE,2023-10-02 23:35:21
HUB-001,PKG-02168,ARRIVAL,2023-10-06 14:22:14
HUB-009,PKG-01559,ARRIVAL,2023-10-30 22:00:20
HUB-002,PKG-02089,DEPARTURE,2023-10-17 09:58:52
HUB-011,PKG-01865,ARRIVAL,2023-10-05 17:54:23
HUB-010,PKG-00585,ARRIVAL,2023-10-08 08:03:05
HUB-004,PKG-01378,ARRIVAL,2023-10-26 14:30:45
HUB-004,PKG-01837,DEPARTURE,2023-10-07 22:08:50
HUB-001,PKG-01504,ARRIVAL,2023-10-08 08:04:52
HUB-004,PKG-01598,ARRIVAL,2023-10-08 08:47:30
HUB-010,PKG-01160,ARRIVAL,2023-10-17 17:10:44
HUB-005,PKG-01763,ARRIVAL,2023-10-28 12:55:17
HUB-001,PKG-00731,DEPARTURE,2023-10-20 12:05:35
HUB-001,PKG-00003,DEPARTURE,2023-10-23 02:42:40
HUB-011,PKG-00579,ARRIVAL,2023-10-30 11:22:49
HUB-005,PKG-01638,ARRIVAL,2023-10-20 18:28:43
HUB-001,PKG-01544,ARRIVAL,2023-10-16 19:38:37
HUB-003,PKG-01585,DEPARTURE,2023-10-19 05:40:38
HUB-005,PKG-02187,ARRIVAL,2023-10-26 15:51:16
HUB-001,PKG-02359,ARRIVAL,2023-10-02 18:14:27
HUB-006,PKG-02223,DEPARTURE,2023-10-22 08:19:44
HUB-009,PKG-00368,DEPARTURE,2023-10-07 08:58:49
HUB-003,PKG-00418,ARRIVAL,2023-10-05 05:42:57
HUB-002,PKG-01968,ARRIVAL,2023-10-08 23:46:19
HUB-002,PKG-00047,ARRIVAL,2023-10-16 16:55:21
HUB-002,PKG-01931,ARRIVAL,2023-10-26 17:31:08
HUB-001,PKG-00162,ARRIVAL,2023-10-18 03:36:27
HUB-004,PKG-01707,ARRIVAL,2023-10-23 06:06:42
HUB-001,PKG-00888,SORTING,2023-10-15 11:32:30
HUB-004,PKG-00467,DEPARTURE,2023-10-14 17:14:13
HUB-011,PKG-02106,ARRIVAL,2023-10-20 22:46:49
HUB-003,PKG-00141,ARRIVAL,2023-10-02 08:41:18
HUB-006,PKG-00842,DEPARTURE,2023-10-22 06:16:16
HUB-003,PKG-01089,DEPARTURE,2023-10-14 11:44:02
HUB-010,PKG-01583,DEPARTURE,2023-10-30 09:45:58
HUB-011,PKG-00522,DEPARTURE,2023-10-19 23:57:48
HUB-004,PKG-01762,DEPARTURE,2023-10-07 18:25:17
HUB-001,PKG-00596,DEPARTURE,2023-10-31 05:30:24
HUB-006,PKG-00983,DEPARTURE,2023-10-09 16:03:30
HUB-002,PKG-00717,ARRIVAL,2023-10-21 12:42:44
HUB-007,PKG-00755,ARRIVAL,2023-10-11 11:12:32
HUB-009,PKG-00696,SORTING,2023-10-10 14:34:13
HUB-004,PKG-00505,ARRIVAL,2023-10-05 08:42:30
HUB-002,PKG-01836,DEPARTURE,2023-10-02 04:07:18
HUB-009,PKG-02223,SORTING,2023-10-20 21:52:51
HUB-001,PKG-01354,ARRIVAL,2023-10-03 11:52:35
HUB-011,PKG-00300,DEPARTURE,2023-10-12 14:36:19
HUB-005,PKG-00834,ARRIVAL,2023-10-16 11:50:07
HUB-008,PKG-00943,DEPARTURE,2023-10-21 17:43:41
HUB-009,PKG-00878,ARRIVAL,2023-10-15 04:15:18
HUB-007,PKG-01705,ARRIVAL,2023-10-07 08:42:31
HUB-008,PKG-00500,ARRIVAL,2023-10-09 17:26:19
HUB-006,PKG-00588,DEPARTURE,2023-10-31 07:18:17
HUB-003,PKG-01073,DEPARTURE,2023-10-04 05:11:08
HUB-001,PKG-00002,DEPARTURE,2023-10-28 07:23:18
HUB-011,PKG-01663,ARRIVAL,2023-10-28 12:45:16
HUB-005,PKG-00305,ARRIVAL,2023-10-26 09:50:39
HUB-008,PKG-01646,ARRIVAL,2023-10-20 01:42:19
HUB-007,PKG-01648,DEPARTURE,2023-10-27 05:23:14
HUB-011,PKG-00713,DEPARTURE,2023-10-26 04:06:10
HUB-003,PKG-01126,DEPARTURE,2023-10-07 19:51:16
HUB-008,PKG-01685,DEPARTURE,2023-10-17 11:52:26
HUB-002,PKG-01624,ARRIVAL,2023-10-07 16:28:31
HUB-004,PKG-00691,DEPARTURE,2023-10-21 14:59:30
HUB-001,PKG-01683,DEPARTURE,2023-10-04 18:13:23
HUB-005,PKG-00293,SORTING,2023-10-07 01:57:43
HUB-005,PKG-00931,ARRIVAL,2023-10-14 03:23:39
HUB-001,PKG-00129,ARRIVAL,2023-10-02 22:25:32
HUB-008,PKG-02015,ARRIVAL,2023-10-29 07:47:42
HUB-008,PKG-00952,DEPARTURE,2023-10-12 04:49:28
HUB-005,PKG-01717,ARRIVAL,2023-10-08 14:57:55
HUB-012,PKG-00701,DEPARTURE,2023-10-14 19:16:36
HUB-001,PKG-00510,ARRIVAL,2023-10-05 18:36:20
HUB-003,PKG-01677,ARRIVAL,2023-10-01 12:10:22
HUB-007,PKG-00737,ARRIVAL,2023-10-10 16:24:24
HUB-001,PKG-02278,DEPARTURE,2023-10-21 14:48:42
HUB-004,PKG-02087,ARRIVAL,2023-10-24 05:03:30
HUB-009,PKG-01034,ARRIVAL,2023-10-23 15:34:40
HUB-004,PKG-00843,DEPARTURE,2023-10-14 04:24:26
HUB-005,PKG-02323,ARRIVAL,2023-10-19 23:47:08
HUB-007,PKG-01698,DEPARTURE,2023-10-07 22:20:58
HUB-004,PKG-02399,ARRIVAL,2023-10-04 08:06:01
HUB-002,PKG-00894,DEPARTURE,2023-10-12 12:52:47
HUB-006,PKG-00669,DEPARTURE,2023-10-28 20:17:07
HUB-003,PKG-01504,DEPARTURE,2023-10-09 09:50:24
HUB-005,PKG-01246,DEPARTURE,2023-10-11 00:41:05
HUB-008,PKG-00884,ARRIVAL,2023-10-04 10:38:00
HUB-011,PKG-01019,DEPARTURE,2023-10-28 11:42:09
HUB-011,PKG-00707,ARRIVAL,2023-10-08 01:11:13
HUB-002,PKG-00754,ARRIVAL,2023-10-27 04:46:53
HUB-003,PKG-00502,DEPARTURE,2023-10-31 06:13:35
HUB-005,PKG-01165,DEPARTURE,2023-10-20 08:52:59
HUB-004,PKG-00879,ARRIVAL,2023-10-02 04:03:16
HUB-011,PKG-00281,DEPARTURE,2023-10-10 15:31:43
HUB-005,PKG-00036,DEPARTURE,2023-10-09 16:46:17
HUB-003,PKG-00055,ARRIVAL,2023-10-25 18:56:03
HUB-007,PKG-01492,ARRIVAL,2023-10-06 12:20:22
HUB-009,PKG-01816,ARRIVAL,2023-10-11 02:19:51
HUB-001,PKG-01045,ARRIVAL,2023-10-23 07:08:38
HUB-001,PKG-00182,DEPARTURE,2023-10-15 06:38:09
HUB-001,PKG-00816,ARRIVAL,2023-10-13 06:13:44
HUB-010,PKG-02305,DEPARTURE,2023-10-04 09:34:54
HUB-002,PKG-02047,ARRIVAL,2023-10-07 06:03:41
HUB-002,PKG-00754,DEPARTURE,2023-10-27 11:10:18
HUB-010,PKG-00994,DEPARTURE,2023-10-19 20:32:32
HUB-006,PKG-01356,DEPARTURE,2023-10-14 19:50:29
HUB-006,PKG-01040,DEPARTURE,2023-10-23 00:54:00
HUB-003,PKG-01280,ARRIVAL,2023-10-24 14:17:01
HUB-006,PKG-02076,DEPARTURE,2023-10-26 08:48:43
HUB-006,PKG-01121,ARRIVAL,2023-10-09 18:38:48
HUB-012,PKG-01410,ARRIVAL,2023-10-23 10:24:56
HUB-010,PKG-00520,DEPARTURE,2023-10-06 13:22:32
HUB-002,PKG-00031,ARRIVAL,2023-10-05 14:06:47
HUB-003,PKG-00415,ARRIVAL,2023-10-30 11:46:00
HUB-003,PKG-00297,ARRIVAL,2023-10-13 15:05:45
HUB-003,PKG-01248,ARRIVAL,2023-10-26 03:24:20
HUB-004,PKG-01831,DEPARTURE,2023-10-20 22:27:34
HUB-003,PKG-00312,ARRIVAL,2023-10-19 16:08:13
HUB-004,PKG-00382,DEPARTURE,2023-10-24 13:16:56
HUB-001,PKG-01265,ARRIVAL,2023-10-29 11:15:35
HUB-011,PKG-00277,DEPARTURE,2023-10-14 19:10:51
HUB-004,PKG-00630,ARRIVAL,2023-10-03 12:04:05
HUB-003,PKG-00732,ARRIVAL,2023-10-30 10:55:23
HUB-010,PKG-00232,DEPARTURE,2023-10-30 05:19:31
HUB-002,PKG-01778,ARRIVAL,2023-10-05 13:26:26
HUB-005,PKG-00669,ARRIVAL,2023-10-29 07:45:04
HUB-005,PKG-00832,DEPARTURE,2023-10-31 01:18:38
HUB-001,PKG-02252,DEPARTURE,2023-10-12 15:19:32
HUB-010,PKG-01869,DEPARTURE,2023-10-11 02:56:45
HUB-009,PKG-01282,DEPARTURE,2023-10-04 03:24:21
HUB-004,PKG-02338,DEPARTURE,2023-10-25 15:38:49
HUB-012,PKG-00320,DEPARTURE,2023-10-22 08:38:11
HUB-004,PKG-00691,ARRIVAL,2023-10-21 23:38:44
HUB-005,PKG-02286,DEPARTURE,2023-10-13 04:21:03
HUB-007,PKG-00625,ARRIVAL,2023-10-23 23:32:48
HUB-005,PKG-01230,DEPARTURE,2023-10-26 07:42:58
HUB-006,PKG-01599,DEPARTURE,2023-10-30 19:15:25
HUB-001,PKG-01654,DEPARTURE,2023-10-11 06:49:13
HUB-006,PKG-02220,DEPARTURE,2023-10-29 19:55:37
HUB-006,PKG-00453,SORTING,2023-10-24 17:09:32
HUB-010,PKG-01070,ARRIVAL,2023-10-26 18:45:06
HUB-009,PKG-01022,ARRIVAL,2023-10-26 18:31:07
HUB-008,PKG-01271,DEPARTURE,2023-10-06 02:34:11
HUB-005,PKG-00746,DEPARTURE,2023-11-01 20:38:12
HUB-001,PKG-02290,ARRIVAL,2023-10-09 07:41:06
HUB-004,PKG-01525,DEPARTURE,2023-10-22 14:31:59
HUB-001,PKG-00463,DEPARTURE,2023-10-30 16:50:52
HUB-001,PKG-00050,DEPARTURE,2023-10-19 21:37:37
HUB-003,PKG-01277,ARRIVAL,2023-10-09 19:33:06
HUB-001,PKG-00142,DEPARTURE,2023-10-21 07:12:40
HUB-001,PKG-02163,DEPARTURE,2023-10-21 09:19:41
HUB-002,PKG-00535,DEPARTURE,2023-10-29 00:30:26
HUB-011,PKG-01248,DEPARTURE,2023-10-25 15:37:38
HUB-002,PKG-02345,DEPARTURE,2023-10-31 12:31:06
HUB-006,PKG-01377,DEPARTURE,2023-10-03 14:50:23
HUB-003,PKG-01508,DEPARTURE,2023-10-23 05:57:52
HUB-008,PKG-01934,ARRIVAL,2023-10-09 15:11:29
HUB-001,PKG-02168,DEPARTURE,
HUB-005,PKG-02234,ARRIVAL,2023-10-10 16:13:01
HUB-001,PKG-02251,DEPARTURE,2023-10-30 21:55:37
HUB-002,PKG-02167,DEPARTURE,2023-10-29 05:45:20
HUB-001,PKG-02026,ARRIVAL,2023-10-04 10:10:53
HUB-009,PKG-01709,DEPARTURE,2023-10-18 17:31:34
HUB-007,PKG-01884,ARRIVAL,2023-10-22 14:55:39
HUB-001,PKG-01792,ARRIVAL,2023-10-26 10:50:15
HUB-005,PKG-01842,ARRIVAL,2023-10-24 13:28:12
HUB-007,PKG-01421,DEPARTURE,2023-10-30 13:07:27
HUB-003,PKG-02263,ARRIVAL,2023-10-22 11:33:43
HUB-007,PKG-02243,DEPARTURE,2023-10-18 18:53:09
HUB-007,PKG-01073,ARRIVAL,2023-10-04 08:34:30
HUB-009,PKG-01940,ARRIVAL,2023-10-16 15:28:52
HUB-011,PKG-00486,ARRIVAL,2023-10-18 15:15:45
HUB-005,PKG-01855,ARRIVAL,2023-10-16 07:23:49
HUB-005,PKG-01336,ARRIVAL,2023-10-16 18:23:44
HUB-001,PKG-00451,DEPARTURE,2023-10-08 11:55:50
HUB-012,PKG-00670,ARRIVAL,2023-10-05 23:52:50
HUB-004,PKG-02338,ARRIVAL,2023-10-25 11:21:38
HUB-005,PKG-01346,DEPARTURE,2023-10-10 19:04:30
HUB-004,PKG-02098,DEPARTURE,2023-10-09 15:47:28
HUB-007,PKG-02258,ARRIVAL,2023-10-18 16:10:56
HUB-003,PKG-01442,SORTING,2023-10-08 04:00:54
HUB-009,PKG-02006,DEPARTURE,2023-10-24 02:23:33
HUB-007,PKG-01904,ARRIVAL,2023-10-30 06:03:51
HUB-007,PKG-00981,ARRIVAL,2023-10-12 13:26:28
HUB-001,PKG-01128,ARRIVAL,2023-10-02 08:31:17
HUB-005,PKG-01559,ARRIVAL,2023-10-30 00:32:51
HUB-009,PKG-00054,DEPARTURE,2023-10-26 15:53:28
HUB-008,PKG-01290,DEPARTURE,2023-10-21 11:54:49
HUB-003,PKG-00063,DEPARTURE,2023-10-09 08:46:44
HUB-001,PKG-00299,SORTING,2023-10-08 16:02:54
HUB-006,PKG-02081,ARRIVAL,2023-10-25 20:54:58
HUB-006,PKG-00239,DEPARTURE,2023-10-23 22:57:31
HUB-001,PKG-01638,DEPARTURE,2023-10-20 07:26:56
HUB-002,PKG-00850,ARRIVAL,2023-10-14 08:54:19
HUB-003,PKG-00518,DEPARTURE,2023-10-28 01:33:26
HUB-006,PKG-01884,ARRIVAL,2023-10-23 07:35:53
HUB-002,PKG-02373,ARRIVAL,2023-10-28 12:36:05
HUB-002,PKG-00370,DEPARTURE,2023-10-11 21:05:58
HUB-001,PKG-01808,ARRIVAL,2023-10-13 05:45:55
HUB-001,PKG-00473,DEPARTURE,2023-10-25 04:18:44
HUB-006,PKG-00946,DEPARTURE,2023-10-07 16:29:02
HUB-004,PKG-01918,ARRIVAL,2023-10-21 20:19:52
HUB-005,PKG-02049,DEPARTURE,2023-10-13 21:13:20
HUB-005,PKG-02240,DEPARTURE,2023-10-05 00:16:45
HUB-004,PKG-00121,ARRIVAL,2023-10-22 05:00:37
HUB-004,PKG-01981,ARRIVAL,2023-10-06 11:38:49
HUB-003,PKG-00621,DEPARTURE,2023-10-28 21:58:04
HUB-011,PKG-02027,ARRIVAL,2023-10-18 21:56:53
HUB-002,PKG-00900,DEPARTURE,2023-10-24 13:49:51
HUB-008,PKG-00248,DEPARTURE,2023-10-08 19:19:45
HUB-010,PKG-00381,DEPARTURE,2023-10-10 21:55:15
HUB-007,PKG-02072,ARRIVAL,2023-10-17 14:59:06
HUB-001,PKG-00731,ARRIVAL,2023-10-20 17:32:52
HUB-005,PKG-01174,ARRIVAL,2023-10-20 10:23:04
HUB-009,PKG-01401,DEPARTURE,2023-10-04 07:22:49
HUB-004,PKG-00123,ARRIVAL,2023-10-09 09:04:40
HUB-002,PKG-00534,DEPARTURE,2023-10-11 02:27:29
HUB-012,PKG-01279,ARRIVAL,2023-10-13 09:52:32
HUB-001,PKG-01099,ARRIVAL,2023-10-31 00:42:12
HUB-006,PKG-02350,ARRIVAL,2023-10-19 05:28:34
HUB-002,PKG-01973,ARRIVAL,2023-10-08 11:44:53
HUB-002,PKG-02274,DEPARTURE,2023-10-27 22:51:15
HUB-003,PKG-01049,ARRIVAL,2023-10-20 14:54:22
HUB-002,PKG-02382,DEPARTURE,2023-10-10 11:45:35
HUB-012,PKG-01729,DEPARTURE,2023-10-12 16:35:56
HUB-005,PKG-00559,SORTING,2023-10-27 08:47:02
HUB-004,PKG-00422,ARRIVAL,2023-10-26 18:41:44
HUB-003,PKG-01256,DEPARTURE,2023-10-04 06:48:11
HUB-007,PKG-00617,DEPARTURE,2023-10-23 13:22:23
HUB-001,PKG-00981,DEPARTURE,2023-10-13 02:44:30
HUB-009,PKG-01419,DEPARTURE,2023-10-10 06:58:16
HUB-002,PKG-02380,ARRIVAL,2023-10-05 04:38:31
HUB-006,PKG-01198,ARRIVAL,2023-10-30 11:51:41
HUB-008,PKG-00669,DEPARTURE,2023-10-29 21:23:57
HUB-005,PKG-00683,ARRIVAL,2023-10-06 10:56:27
HUB-001,PKG-00773,ARRIVAL,2023-10-22 12:38:34
HUB-003,PKG-02362,DEPARTURE,2023-10-21 23:41:44
HUB-010,PKG-01138,ARRIVAL,2023-10-17 16:16:33
HUB-002,PKG-01678,ARRIVAL,2023-10-06 23:36:46
HUB-005,PKG-00236,SORTING,2023-10-20 14:50:46
HUB-003,PKG-01818,SORTING,2023-10-03 06:12:27
HUB-003,PKG-00512,DEPARTURE,2023-10-29 15:04:30
HUB-011,PKG-00177,ARRIVAL,2023-10-21 07:47:54
HUB-004,PKG-02223,DEPARTURE,2023-10-21 19:32:38
HUB-006,PKG-00678,ARRIVAL,2023-10-29 22:13:51
HUB-010,PKG-00141,DEPARTURE,2023-10-03 10:53:25
HUB-003,PKG-00023,ARRIVAL,2023-10-02 21:23:27
HUB-002,PKG-00703,DEPARTURE,2023-10-24 17:19:29
HUB-009,PKG-01892,ARRIVAL,2023-10-03 11:55:58
HUB-008,PKG-01408,DEPARTURE,2023-10-19 02:36:31
HUB-003,PKG-01121,ARRIVAL,2023-10-10 20:43:44
HUB-002,PKG-00370,ARRIVAL,2023-10-11 16:40:44
HUB-012,PKG-00090,DEPARTURE,2023-10-31 04:02:34
HUB-011,PKG-00565,DEPARTURE,2023-10-28 12:02:36
HUB-005,PKG-01888,DEPARTURE,2023-10-24 14:38:49
HUB-001,PKG-01861,DEPARTURE,2023-10-21 17:35:58
HUB-001,PKG-02199,DEPARTURE,2023-10-19 15:06:58
HUB-012,PKG-00641,ARRIVAL,2023-10-24 12:14:14
HUB-005,PKG-01043,ARRIVAL,2023-10-25 00:31:32
HUB-001,PKG-00481,DEPARTURE,2023-10-13 06:00:32
HUB-004,PKG-01066,ARRIVAL,2023-10-31 15:43:38
HUB-003,PKG-01970,ARRIVAL,2023-10-14 14:21:45
HUB-011,PKG-02125,DEPARTURE,2023-10-11 15:41:07
HUB-003,PKG-00995,ARRIVAL,2023-10-21 16:14:21
HUB-003,PKG-00072,ARRIVAL,2023-10-01 09:09:54
HUB-001,PKG-02104,ARRIVAL,2023-10-11 08:52:44
HUB-002,PKG-00217,DEPARTURE,2023-10-15 07:12:21
HUB-005,PKG-01096,SORTING,2023-10-16 23:02:46
HUB-009,PKG-02149,DEPARTURE,2023-10-15 20:03:50
HUB-011,PKG-00801,DEPARTURE,2023-10-29 01:38:53
HUB-002,PKG-00373,ARRIVAL,2023-10-19 04:49:56
HUB-011,PKG-01612,ARRIVAL,2023-10-17 03:24:39
HUB-004,PKG-01697,DEPARTURE,2023-10-12 05:25:39
HUB-005,PKG-00499,ARRIVAL,2023-10-25 13:36:06
HUB-003,PKG-01301,DEPARTURE,2023-10-16 19:37:13
HUB-011,PKG-01001,DEPARTURE,2023-10-23 16:31:57
HUB-004,PKG-00119,DEPARTURE,2023-10-03 14:29:31
HUB-006,PKG-01332,ARRIVAL,2023-10-21 03:47:55
HUB-009,PKG-00559,DEPARTURE,2023-10-26 10:22:33
HUB-008,PKG-00897,ARRIVAL,2023-10-03 08:47:32
HUB-012,PKG-00723,ARRIVAL,2023-10-22 16:49:21
HUB-005,PKG-01395,ARRIVAL,2023-10-12 17:35:15
HUB-002,PKG-01571,DEPARTURE,2023-10-01 18:34:15
HUB-011,PKG-01285,DEPARTURE,2023-10-30 18:43:30
HUB-004,PKG-00247,DEPARTURE,2023-10-05 14:54:54
HUB-009,PKG-00997,DEPARTURE,2023-10-10 13:48:30
HUB-005,PKG-01142,ARRIVAL,2023-10-13 10:36:57
HUB-003,PKG-00601,ARRIVAL,2023-10-24 20:27:05
HUB-002,PKG-01245,ARRIVAL,2023-10-19 17:20:07
HUB-001,PKG-02205,DEPARTURE,2023-10-29 04:27:06
HUB-002,PKG-02254,DEPARTURE,2023-10-02 18:49:14
HUB-007,PKG-02357,ARRIVAL,2023-10-19 04:26:49
HUB-004,PKG-01668,ARRIVAL,2023-10-30 16:57:25
HUB-010,PKG-00585,DEPARTURE,2023-10-08 14:57:32
HUB-006,PKG-02114,ARRIVAL,2023-10-16 09:30:06
HUB-007,PKG-00621,DEPARTURE,2023-10-29 19:57:15
HUB-005,PKG-02303,DEPARTURE,2023-10-29 14:21:43
HUB-009,PKG-00333,DEPARTURE,2023-10-27 21:33:36
HUB-011,PKG-01182,DEPARTURE,2023-10-19 19:13:06
HUB-002,PKG-00706,DEPARTURE,2023-10-15 01:33:09
HUB-005,PKG-01143,ARRIVAL,2023-10-15 08:18:22
HUB-002,PKG-00311,ARRIVAL,2023-10-31 03:55:10
HUB-004,PKG-00936,ARRIVAL,2023-10-02 20:00:10
HUB-004,PKG-01596,ARRIVAL,2023-10-08 04:40:56
HUB-003,PKG-01294,ARRIVAL,2023-10-28 22:23:03
HUB-010,PKG-02196,ARRIVAL,2023-10-02 14:41:38
HUB-010,PKG-01577,ARRIVAL,2023-10-19 12:26:37
HUB-008,PKG-00965,DEPARTURE,2023-10-20 02:39:36
HUB-012,PKG-01630,DEPARTURE,2023-10-06 08:49:44
HUB-012,PKG-02115,SORTING,2023-10-25 19:13:49
HUB-002,PKG-02217,DEPARTURE,2023-10-16 16:29:17
HUB-011,PKG-01402,ARRIVAL,2023-10-04 23:50:36
HUB-003,PKG-02020,DEPARTURE,2023-10-14 20:08:41
HUB-005,PKG-01409,ARRIVAL,2023-10-21 16:27:51
HUB-011,PKG-01446,ARRIVAL,2023-10-02 05:40:08
HUB-006,PKG-02267,DEPARTURE,2023-10-27 04:27:01
HUB-006,PKG-01841,ARRIVAL,2023-10-21 18:35:00
HUB-004,PKG-01111,DEPARTURE,2023-10-25 21:45:32
HUB-011,PKG-00759,ARRIVAL,2023-10-05 05:35:29
HUB-002,PKG-01557,ARRIVAL,2023-10-18 00:00:23
HUB-005,PKG-01434,SORTING,2023-10-31 07:18:49
HUB-012,PKG-01727,ARRIVAL,2023-10-16 11:12:44
HUB-002,PKG-01510,DEPARTURE,2023-10-19 11:34:09
HUB-004,PKG-00487,ARRIVAL,2023-10-06 07:49:06
HUB-005,PKG-00948,ARRIVAL,2023-10-29 04:29:22
HUB-005,PKG-00033,ARRIVAL,2023-10-20 13:33:24
HUB-006,PKG-00783,DEPARTURE,2023-10-08 23:10:55
HUB-003,PKG-02091,DEPARTURE,2023-10-04 02:47:23
HUB-007,PKG-01474,DEPARTURE,2023-10-03 08:41:35
HUB-012,PKG-01801,ARRIVAL,2023-10-10 14:03:30
HUB-006,PKG-00019,ARRIVAL,2023-10-13 19:43:27
HUB-008,PKG-01129,DEPARTURE,2023-10-15 22:52:00
HUB-003,PKG-01887,SORTING,2023-10-19 13:53:43
HUB-007,PKG-01856,DEPARTURE,2023-10-08 08:44:03
HUB-001,PKG-00863,ARRIVAL,2023-10-05 15:24:43
HUB-004,PKG-01757,SORTING,2023-10-21 09:08:54
HUB-003,PKG-01195,ARRIVAL,2023-10-21 06:11:47
HUB-011,PKG-00410,DEPARTURE,2023-10-22 17:54:24
HUB-005,PKG-01497,DEPARTURE,2023-10-05 07:40:20
HUB-005,PKG-00733,DEPARTURE,2023-10-28 11:35:31
HUB-006,PKG-01269,SORTING,2023-10-16 14:10:04
HUB-012,PKG-01042,DEPARTURE,2023-10-03 10:49:19
HUB-006,PKG-00504,DEPARTURE,2023-10-18 21:32:48
HUB-012,PKG-01307,ARRIVAL,2023-10-21 11:17:47
HUB-004,PKG-00798,ARRIVAL,2023-10-30 19:45:57
HUB-011,PKG-01665,ARRIVAL,2023-10-14 12:54:48
HUB-002,PKG-01151,ARRIVAL,2023-10-27 15:27:31
HUB-010,PKG-01748,ARRIVAL,2023-10-20 00:30:49
HUB-005,PKG-01426,SORTING,2023-10-17 05:31:34
HUB-001,PKG-01529,SORTING,2023-10-11 11:39:39
HUB-001,PKG-00865,ARRIVAL,2023-10-04 01:48:07
HUB-012,PKG-01826,DEPARTURE,2023-10-10 09:52:24
HUB-011,PKG-01310,ARRIVAL,2023-10-05 03:23:42
HUB-004,PKG-01154,DEPARTURE,2023-10-14 14:57:50
HUB-008,PKG-01449,ARRIVAL,2023-10-23 13:18:37
HUB-003,PKG-00326,DEPARTURE,2023-10-02 14:47:23
HUB-007,PKG-01889,DEPARTURE,2023-10-08 14:35:53
HUB-004,PKG-01796,ARRIVAL,2023-10-16 17:54:59
HUB-004,PKG-01770,SORTING,2023-10-05 18:39:37
HUB-004,PKG-01664,ARRIVAL,2023-10-02 07:19:13
HUB-006,PKG-01913,ARRIVAL,2023-10-23 10:36:13
HUB-008,PKG-00700,DEPARTURE,2023-10-04 06:12:18
HUB-012,PKG-01581,DEPARTURE,2023-10-03 17:22:11
HUB-005,PKG-02312,ARRIVAL,2023-10-07 13:43:34
HUB-001,PKG-01318,ARRIVAL,2023-10-04 15:30:16
HUB-009,PKG-02361,ARRIVAL,2023-10-04 09:55:46
HUB-001,PKG-01041,ARRIVAL,2023-10-14 08:32:58
HUB-006,PKG-01357,DEPARTURE,2023-10-20 23:25:38
HUB-001,PKG-00070,ARRIVAL,2023-10-12 16:50:44
HUB-003,PKG-00797,SORTING,2023-10-31 16:02:54
HUB-007,PKG-00467,DEPARTURE,0000-00-00 00:00:00
HUB-006,PKG-01040,ARRIVAL,2023-10-22 17:26:29
HUB-011,PKG-02291,DEPARTURE,2023-10-14 07:29:15
HUB-008,PKG-02112,DEPARTURE,2023-10-17 12:43:38
HUB-012,PKG-01712,DEPARTURE,2023-10-18 07:49:52
HUB-001,PKG-00586,ARRIVAL,2023-10-01 22:14:19
HUB-004,PKG-00498,ARRIVAL,2023-10-04 17:09:23
HUB-004,PKG-02242,ARRIVAL,2023-10-24 08:19:46
HUB-004,PKG-01572,DEPARTURE,2023-10-19 02:48:57
HUB-005,PKG-00697,ARRIVAL,2023-10-18 06:51:29
HUB-007,PKG-01698,ARRIVAL,2023-10-07 17:33:14
HUB-004,PKG-02059,DEPARTURE,2023-10-22 10:02:29
HUB-002,PKG-01173,ARRIVAL,2023-10-21 09:58:28
HUB-006,PKG-02030,ARRIVAL,2023-10-20 17:01:47
HUB-007,PKG-00301,ARRIVAL,2023-10-27 04:42:10
HUB-001,PKG-00761,DEPARTURE,2023-10-01 16:46:26
HUB-006,PKG-02319,ARRIVAL,2023-10-01 13:18:19
HUB-011,PKG-00302,ARRIVAL,2023-10-02 22:26:02
HUB-002,PKG-00217,ARRIVAL,2023-10-14 19:25:34
HUB-004,PKG-01345,DEPARTURE,2023-10-26 08:39:27
HUB-010,PKG-01211,DEPARTURE,2023-10-03 23:13:05
HUB-002,PKG-01538,DEPARTURE,2023-10-20 16:20:12
HUB-003,PKG-02349,ARRIVAL,2023-10-19 10:58:57
HUB-009,PKG-02323,DEPARTURE,2023-10-19 15:08:06
HUB-012,PKG-02336,DEPARTURE,2023-10-15 14:08:39
HUB-012,PKG-00418,ARRIVAL,2023-10-03 18:39:21
HUB-006,PKG-01326,ARRIVAL,2023-10-13 12:16:07
HUB-002,PKG-01159,ARRIVAL,2023-10-05 08:36:06
HUB-007,PKG-01021,ARRIVAL,2023-10-10 12:11:02
HUB-001,PKG-00596,ARRIVAL,2023-10-31 02:28:41
HUB-009,PKG-01261,DEPARTURE,2023-10-29 19:27:13
HUB-009,PKG-02363,ARRIVAL,2023-10-24 11:28:43
HUB-003,PKG-00075,ARRIVAL,2023-10-03 06:22:08
HUB-006,PKG-00849,DEPARTURE,2023-10-25 23:17:59
HUB-001,PKG-00806,DEPARTURE,2023-10-12 15:01:36
HUB-004,PKG-02023,DEPARTURE,2023-10-27 05:09:10
HUB-002,PKG-01611,DEPARTURE,2023-10-28 09:32:31
HUB-006,PKG-00206,ARRIVAL,2023-10-29 11:24:19
HUB-005,PKG-01650,ARRIVAL,2023-10-18 17:26:58
HUB-004,PKG-00592,DEPARTURE,2023-10-05 10:32:14
HUB-010,PKG-01691,ARRIVAL,2023-10-26 08:52:03
HUB-006,PKG-01444,ARRIVAL,2023-10-26 09:21:39
HUB-012,PKG-00280,ARRIVAL,2023-10-17 12:40:58
HUB-005,PKG-01036,SORTING,2023-10-24 02:02:14
HUB-006,PKG-01753,DEPARTURE,2023-10-23 13:13:49
HUB-002,PKG-01162,ARRIVAL,2023-10-29 14:52:55
HUB-004,PKG-02297,ARRIVAL,2023-10-14 14:59:54
HUB-012,PKG-00515,ARRIVAL,2023-10-07 18:08:08
HUB-003,PKG-02186,ARRIVAL,2023-10-26 15:20:43
HUB-012,PKG-02068,DEPARTURE,2023-10-02 19:31:46
HUB-003,PKG-02397,DEPARTURE,2023-10-08 19:00:38
HUB-003,PKG-00633,ARRIVAL,2023-10-21 15:13:27
HUB-012,PKG-00711,ARRIVAL,2023-10-13 02:03:26
HUB-011,PKG-01309,ARRIVAL,2023-10-23 21:38:36
HUB-006,PKG-01357,ARRIVAL,2023-10-20 18:33:45
HUB-002,PKG-02395,DEPARTURE,2023-10-14 00:03:56
HUB-012,PKG-02281,SORTING,2023-10-11 10:05:19
HUB-002,PKG-01091,DEPARTURE,2023-10-28 09:52:21
HUB-008,PKG-02175,ARRIVAL,2023-10-16 22:30:58
HUB-008,PKG-01129,ARRIVAL,2023-10-15 17:02:46
HUB-006,PKG-02080,ARRIVAL,2023-10-03 11:13:22
HUB-008,PKG-01944,SORTING,2023-10-22 09:48:24
HUB-002,PKG-00199,DEPARTURE,2023-10-09 12:41:30
HUB-009,PKG-01947,DEPARTURE,2023-10-05 11:35:29
HUB-008,PKG-01060,ARRIVAL,2023-10-13 05:35:49
HUB-012,PKG-01830,ARRIVAL,2023-10-23 10:07:56
HUB-001,PKG-01628,ARRIVAL,2023-10-23 15:21:26
HUB-007,PKG-01889,ARRIVAL,2023-10-08 09:15:02
HUB-011,PKG-00049,ARRIVAL,2023-10-18 15:57:17
HUB-012,PKG-01224,DEPARTURE,2023-10-01 17:36:05
HUB-003,PKG-02092,ARRIVAL,2023-10-27 07:57:14
HUB-007,PKG-00419,DEPARTURE,2023-10-27 11:51:40
HUB-005,PKG-00816,ARRIVAL,2023-10-12 04:36:06
HUB-001,PKG-00583,ARRIVAL,2023-10-27 11:24:52
HUB-005,PKG-02368,DEPARTURE,2023-10-11 17:49:59
HUB-002,PKG-00121,ARRIVAL,2023-10-21 13:02:28
HUB-012,PKG-00124,ARRIVAL,2023-10-27 20:28:14
HUB-003,PKG-01059,DEPARTURE,2023-10-27 18:42:24
HUB-012,PKG-01970,ARRIVAL,2023-10-15 10:53:18
HUB-009,PKG-00522,ARRIVAL,2023-10-20 05:46:57
HUB-006,PKG-00402,ARRIVAL,2023-10-13 19:14:12
HUB-009,PKG-00170,DEPARTURE,2023-10-07 15:14:20
HUB-012,PKG-00179,DEPARTURE,2023-10-23 12:01:05
HUB-004,PKG-01187,DEPARTURE,2023-10-19 13:14:35
HUB-008,PKG-00547,DEPARTURE,2023-10-03 13:46:46
HUB-003,PKG-01773,DEPARTURE,2023-10-26 07:36:43
HUB-010,PKG-01034,DEPARTURE,2023-10-24 09:44:02
HUB-011,PKG-00362,DEPARTURE,2023-10-14 18:40:32
HUB-005,PKG-01450,DEPARTURE,2023-10-04 13:46:08
HUB-008,PKG-00540,ARRIVAL,2023-10-17 11:27:03
HUB-011,PKG-00706,DEPARTURE,2023-10-16 03:11:42
HUB-004,PKG-01374,DEPARTURE,2023-10-23 19:00:48
HUB-009,PKG-00619,ARRIVAL,2023-10-02 12:23:29
HUB-003,PKG-02125,DEPARTURE,2023-10-10 23:18:26
HUB-004,PKG-02056,DEPARTURE,2023-10-31 09:44:57
HUB-008,PKG-00695,DEPARTURE,2023-10-25 08:30:42
HUB-009,PKG-02118,DEPARTURE,2023-10-26 22:06:10
HUB-012,PKG-01852,DEPARTURE,2023-10-06 13:02:56
HUB-005,PKG-00334,DEPARTURE,2023-10-11 10:35:38
HUB-005,PKG-00978,DEPARTURE,2023-10-07 09:15:16
HUB-008,PKG-01769,ARRIVAL,2023-10-17 13:06:44
HUB-012,PKG-01183,DEPARTURE,2023-10-27 02:33:17
HUB-012,PKG-01750,ARRIVAL,2023-10-17 11:47:51
HUB-006,PKG-00401,DEPARTURE,2023-10-23 00:58:11
HUB-003,PKG-01627,SORTING,2023-10-20 14:26:49
HUB-001,PKG-00439,DEPARTURE,2023-10-10 17:33:22
HUB-011,PKG-00828,ARRIVAL,2023-10-10 09:42:34
HUB-011,PKG-00411,ARRIVAL,2023-10-23 16:30:26
HUB-003,PKG-00697,SORTING,2023-10-17 20:26:20
HUB-003,PKG-00428,ARRIVAL,2023-10-31 12:31:56
HUB-004,PKG-02365,DEPARTURE,2023-10-02 10:14:48
HUB-008,PKG-02142,DEPARTURE,2023-10-21 14:12:07
HUB-005,PKG-01964,DEPARTURE,2023-10-21 19:41:46
HUB-004,PKG-01981,DEPARTURE,2023-10-06 17:15:14
HUB-003,PKG-00098,ARRIVAL,2023-10-21 10:42:24
HUB-009,PKG-00859,DEPARTURE,2023-10-20 18:11:54
HUB-005,PKG-01215,DEPARTURE,2023-10-15 23:18:36
HUB-002,PKG-01744,ARRIVAL,2023-10-07 14:19:02
HUB-005,PKG-00063,ARRIVAL,2023-10-07 08:12:14
HUB-005,PKG-01722,DEPARTURE,2023-10-29 20:36:57
HUB-008,PKG-02364,DEPARTURE,2023-10-22 04:21:53
HUB-004,PKG-00053,DEPARTURE,2023-10-11 18:48:25
HUB-011,PKG-00310,DEPARTURE,2023-10-26 05:45:26
HUB-010,PKG-02050,ARRIVAL,2023-10-16 18:58:09
HUB-005,PKG-02354,ARRIVAL,2023-10-28 16:05:45
HUB-002,PKG-01388,ARRIVAL,2023-10-26 14:56:27
HUB-001,PKG-01231,DEPARTURE,2023-10-22 21:33:35
HUB-012,PKG-00904,DEPARTURE,2023-10-27 02:27:17
HUB-004,PKG-00768,DEPARTURE,2023-10-09 00:21:01
HUB-007,PKG-01626,ARRIVAL,2023-10-17 18:42:26
HUB-008,PKG-01202,ARRIVAL,2023-10-10 07:26:51
HUB-009,PKG-01035,ARRIVAL,2023-10-15 08:04:20
HUB-002,PKG-00870,DEPARTURE,2023-10-07 15:39:38
HUB-006,PKG-02068,DEPARTURE,2023-10-02 02:35:50
HUB-010,PKG-02056,DEPARTURE,2023-10-30 19:46:01
HUB-005,PKG-00330,ARRIVAL,2023-10-02 16:32:11
HUB-011,PKG-01941,DEPARTURE,2023-10-18 16:53:24
HUB-008,PKG-00949,ARRIVAL,2023-10-06 08:07:18
HUB-002,PKG-01341,DEPARTURE,2023-10-24 19:53:49
HUB-008,PKG-01765,ARRIVAL,2023-10-20 13:44:21
HUB-001,PKG-01904,DEPARTURE,2023-10-29 19:15:28
HUB-009,PKG-00392,ARRIVAL,2023-10-18 13:45:52
HUB-003,PKG-02193,DEPARTURE,2023-10-07 15:44:04
HUB-006,PKG-00313,DEPARTURE,2023-10-04 20:50:57
HUB-001,PKG-01455,ARRIVAL,2023-10-22 09:10:05
HUB-002,PKG-01531,ARRIVAL,2023-10-12 19:21:46
HUB-002,PKG-00153,ARRIVAL,2023-10-30 11:23:52
HUB-005,PKG-01353,ARRIVAL,2023-10-25 21:30:48
HUB-001,PKG-00898,ARRIVAL,2023-10-18 08:08:54
HUB-012,PKG-01262,ARRIVAL,2023-10-05 13:17:26
HUB-001,PKG-02329,ARRIVAL,2023-10-02 06:11:26
HUB-002,PKG-00580,DEPARTURE,2023-10-12 15:34:20
HUB-011,PKG-00901,SORTING,2023-10-16 23:35:54
HUB-006,PKG-00230,ARRIVAL,2023-10-20 09:23:13
HUB-008,PKG-00915,DEPARTURE,2023-10-29 20:50:06
HUB-007,PKG-01103,DEPARTURE,2023-10-03 01:41:57
HUB-008,PKG-01780,DEPARTURE,2023-10-18 20:03:11
HUB-009,PKG-02208,DEPARTURE,2023-10-13 09:12:42
HUB-006,PKG-01198,DEPARTURE,2023-10-30 20:27:59
HUB-004,PKG-00399,ARRIVAL,2023-10-16 04:15:25
HUB-006,PKG-01999,SORTING,2023-10-26 13:06:31
HUB-011,PKG-00035,ARRIVAL,2023-10-15 10:17:32
HUB-009,PKG-00914,DEPARTURE,2023-10-25 00:59:10
HUB-003,PKG-00142,DEPARTURE,2023-10-20 16:20:24
HUB-005,PKG-00410,ARRIVAL,2023-10-21 15:52:12
HUB-005,PKG-01653,DEPARTURE,2023-10-21 18:06:37
HUB-004,PKG-01248,DEPARTURE,2023-10-25 00:55:11
HUB-008,PKG-01600,DEPARTURE,2023-10-18 02:10:33
HUB-011,PKG-02033,DEPARTURE,2023-10-31 06:30:31
HUB-002,PKG-00811,ARRIVAL,2023-10-12 13:13:24
HUB-002,PKG-00019,ARRIVAL,2023-10-13 08:39:36
HUB-004,PKG-00153,ARRIVAL,2023-10-31 11:23:35
HUB-011,PKG-01839,ARRIVAL,2023-10-02 22:13:36
HUB-009,PKG-01950,ARRIVAL,2023-10-09 09:27:38
HUB-006,PKG-02372,DEPARTURE,2023-10-13 15:12:52
HUB-002,PKG-02286,DEPARTURE,2023-10-13 12:34:54
HUB-008,PKG-02175,DEPARTURE,2023-10-17 04:24:51
HUB-008,PKG-01090,DEPARTURE,2023-10-05 04:47:19
HUB-006,PKG-01520,ARRIVAL,2023-10-30 12:53:48
HUB-009,PKG-02037,ARRIVAL,2023-10-26 00:25:39
HUB-003,PKG-01708,ARRIVAL,2023-10-27 12:21:25
HUB-002,PKG-00818,ARRIVAL,2023-10-20 11:18:34
HUB-004,PKG-00452,DEPARTURE,2023-10-05 07:19:04
HUB-003,PKG-00536,DEPARTURE,2023-10-13 16:35:01
HUB-004,PKG-00516,DEPARTURE,2023-10-16 14:59:41
HUB-005,PKG-00794,DEPARTURE,2023-10-07 23:52:14
HUB-009,PKG-01828,DEPARTURE,2023-10-14 15:01:43
HUB-001,PKG-01825,ARRIVAL,2023-10-30 19:01:39
HUB-008,PKG-01674,DEPARTURE,2023-10-06 16:42:22
HUB-003,PKG-01934,ARRIVAL,2023-10-09 20:53:35
HUB-007,PKG-02085,ARRIVAL,2023-10-28 15:46:18
HUB-012,PKG-00124,DEPARTURE,2023-10-28 02:45:38
HUB-007,PKG-02346,ARRIVAL,2023-10-10 17:24:34
HUB-003,PKG-00362,DEPARTURE,2023-10-13 12:47:51
HUB-011,PKG-01815,ARRIVAL,2023-10-30 14:20:39
HUB-010,PKG-01255,DEPARTURE,2023-10-06 03:54:14
HUB-008,PKG-01757,ARRIVAL,2023-10-21 20:06:09
HUB-001,PKG-01373,ARRIVAL,2023-10-25 04:13:24
HUB-002,PKG-01468,ARRIVAL,2023-10-25 18:09:57
HUB-006,PKG-02088,ARRIVAL,2023-10-13 00:17:26
HUB-002,PKG-00574,ARRIVAL,2023-10-18 18:44:43
HUB-012,PKG-02281,DEPARTURE,2023-10-11 12:49:32
HUB-004,PKG-00852,DEPARTURE,2023-10-27 11:19:36
HUB-003,PKG-02234,DEPARTURE,2023-10-11 11:11:12
HUB-003,PKG-00924,DEPARTURE,2023-10-30 21:36:59
HUB-008,PKG-00680,ARRIVAL,2023-10-27 10:03:47
HUB-005,PKG-01520,ARRIVAL,2023-10-29 13:16:38
HUB-002,PKG-00666,DEPARTURE,2023-10-31 17:25:18
HUB-009,PKG-01336,ARRIVAL,2023-10-16 08:58:50
HUB-002,PKG-00373,DEPARTURE,2023-10-19 10:16:31
HUB-002,PKG-01948,ARRIVAL,2023-10-07 10:37:01
HUB-004,PKG-01123,ARRIVAL,2023-10-22 04:41:07
HUB-005,PKG-01589,ARRIVAL,2023-10-09 22:56:30
HUB-003,PKG-00297,DEPARTURE,2023-10-13 19:41:53
HUB-011,PKG-01507,DEPARTURE,2023-10-01 18:13:02
HUB-007,PKG-01927,ARRIVAL,2023-10-15 12:05:18
HUB-002,PKG-01355,ARRIVAL,2023-10-10 11:57:38
HUB-005,PKG-00927,ARRIVAL,2023-10-25 07:49:57
HUB-004,PKG-00557,DEPARTURE,2023-10-20 17:20:20
HUB-006,PKG-00934,ARRIVAL,2023-10-21 23:35:27
HUB-005,PKG-01693,ARRIVAL,2023-10-20 09:12:11
HUB-004,PKG-01985,ARRIVAL,2023-10-17 03:35:19
HUB-002,PKG-00557,DEPARTURE,2023-10-21 09:51:46
HUB-012,PKG-01590,DEPARTURE,2023-10-06 22:05:48
HUB-001,PKG-01053,ARRIVAL,2023-10-23 01:05:19
HUB-002,PKG-00157,DEPARTURE,2023-10-28 12:40:37
HUB-012,PKG-02033,DEPARTURE,2023-10-30 14:30:48
HUB-007,PKG-00919,ARRIVAL,2023-10-13 21:21:19
HUB-002,PKG-00457,DEPARTURE,2023-10-17 05:57:38
HUB-006,PKG-00597,DEPARTURE,2023-10-12 01:48:05
HUB-006,PKG-00043,ARRIVAL,2023-10-30 12:05:27
HUB-004,PKG-01409,ARRIVAL,2023-10-21 04:36:41
HUB-006,PKG-00013,DEPARTURE,2023-10-15 13:02:16
HUB-005,PKG-01407,DEPARTURE,2023-10-23 22:04:14
HUB-003,PKG-02280,DEPARTURE,2023-10-03 09:33:20
HUB-009,PKG-01433,DEPARTURE,2023-10-21 22:56:34
HUB-001,PKG-00373,DEPARTURE,2023-10-19 00:20:33
HUB-004,PKG-01946,ARRIVAL,2023-10-11 11:15:50
HUB-009,PKG-00195,ARRIVAL,2023-10-17 07:47:40
HUB-002,PKG-00138,DEPARTURE,2023-10-06 02:21:05
HUB-006,PKG-01326,DEPARTURE,2023-10-13 17:42:03
HUB-010,PKG-01247,ARRIVAL,2023-10-13 05:20:41
HUB-005,PKG-01223,ARRIVAL,2023-10-03 16:22:52
HUB-003,PKG-00044,ARRIVAL,2023-10-08 16:33:26
HUB-002,PKG-02154,DEPARTURE,2023-10-29 21:09:22
HUB-005,PKG-00330,DEPARTURE,2023-10-03 10:24:29
HUB-004,PKG-02298,ARRIVAL,2023-10-03 02:57:48
HUB-007,PKG-00082,ARRIVAL,2023-10-04 08:25:23
HUB-009,PKG-00542,ARRIVAL,2023-10-08 18:13:19
HUB-006,PKG-00902,ARRIVAL,2023-10-11 09:54:59
HUB-008,PKG-00714,DEPARTURE,2023-10-25 17:11:44
HUB-005,PKG-01526,ARRIVAL,2023-10-17 20:08:46
HUB-012,PKG-02174,ARRIVAL,2023-10-06 12:48:09
HUB-005,PKG-01862,ARRIVAL,2023-10-23 01:53:59
HUB-004,PKG-00656,DEPARTURE,2023-10-11 14:00:05
HUB-002,PKG-00478,DEPARTURE,2023-10-25 12:28:42
HUB-002,PKG-00966,ARRIVAL,2023-10-21 08:41:06
HUB-007,PKG-01066,DEPARTURE,2023-10-31 11:54:44
HUB-007,PKG-01742,DEPARTURE,2023-10-22 12:58:41
HUB-005,PKG-01401,DEPARTURE,2023-10-05 00:13:16
HUB-002,PKG-00776,DEPARTURE,2023-10-18 03:04:51
HUB-002,PKG-00907,ARRIVAL,2023-10-03 14:09:46
HUB-002,PKG-00299,ARRIVAL,2023-10-09 03:28:01
HUB-001,PKG-01791,DEPARTURE,2023-10-09 04:39:00
HUB-001,PKG-01490,ARRIVAL,2023-10-24 01:28:54
HUB-001,PKG-01282,ARRIVAL,2023-10-03 16:01:34
HUB-002,PKG-00159,DEPARTURE,2023-10-14 04:45:46
HUB-010,PKG-01329,DEPARTURE,2023-10-05 16:07:11
HUB-004,PKG-00801,DEPARTURE,2023-10-28 08:32:09
HUB-004,PKG-00820,DEPARTURE,2023-10-21 07:44:32
HUB-012,PKG-00149,ARRIVAL,2023-10-30 03:30:19
HUB-012,PKG-01681,DEPARTURE,2023-10-05 01:36:56
HUB-001,PKG-01464,DEPARTURE,2023-10-18 20:59:17
HUB-004,PKG-02324,DEPARTURE,2023-10-30 14:15:30
HUB-012,PKG-01778,DEPARTURE,2023-10-05 05:16:04
HUB-006,PKG-02180,ARRIVAL,2023-10-03 17:18:19
HUB-010,PKG-01969,DEPARTURE,2023-10-06 18:11:48
HUB-011,PKG-01897,ARRIVAL,2023-10-29 06:51:01
HUB-006,PKG-00578,DEPARTURE,2023-10-06 18:31:08
HUB-008,PKG-00917,SORTING,2023-10-09 17:09:05
HUB-003,PKG-00079,DEPARTURE,2023-10-18 20:33:20
HUB-006,PKG-01299,DEPARTURE,2023-10-14 06:05:31
HUB-001,PKG-01473,DEPARTURE,2023-10-11 00:53:52
HUB-001,PKG-01736,ARRIVAL,2023-10-28 12:57:46
HUB-006,PKG-01464,DEPARTURE,2023-10-18 06:02:32
HUB-003,PKG-01718,DEPARTURE,2023-10-18 23:36:35
HUB-001,PKG-01857,ARRIVAL,2023-10-02 21:03:47
HUB-003,PKG-02292,ARRIVAL,2023-10-11 01:39:24
HUB-003,PKG-01397,DEPARTURE,2023-10-26 06:18:35
HUB-002,PKG-00811,DEPARTURE,2023-10-12 17:10:38
HUB-010,PKG-00838,ARRIVAL,2023-10-03 14:14:49
HUB-003,PKG-00959,ARRIVAL,2023-10-02 15:04:22
HUB-002,PKG-00938,DEPARTURE,2023-10-02 16:40:53
HUB-012,PKG-02235,ARRIVAL,2023-10-11 13:54:55
HUB-001,PKG-00513,DEPARTURE,2023-10-26 13:38:13
HUB-005,PKG-00793,ARRIVAL,2023-10-05 07:36:39
HUB-004,PKG-02325,ARRIVAL,2023-10-26 10:47:28
HUB-005,PKG-00528,ARRIVAL,2023-10-07 11:26:57
HUB-003,PKG-01584,DEPARTURE,2023-10-12 11:04:26
HUB-002,PKG-01323,DEPARTURE,2023-10-09 12:56:39
HUB-009,PKG-01304,ARRIVAL,2023-10-09 23:33:11
HUB-011,PKG-02189,DEPARTURE,2023-10-29 18:17:27
HUB-011,PKG-00864,ARRIVAL,2023-10-16 22:45:07
HUB-006,PKG-01131,DEPARTURE,2023-10-28 04:16:35
HUB-007,PKG-00404,DEPARTURE,2023-10-02 03:12:51
HUB-003,PKG-00509,SORTING,2023-10-23 23:50:33
HUB-003,PKG-01549,ARRIVAL,2023-10-14 15:49:23
HUB-006,PKG-00494,DEPARTURE,2023-10-01 12:45:50
HUB-003,PKG-01875,DEPARTURE,2023-10-23 05:44:02
HUB-005,PKG-01198,DEPARTURE,2023-10-31 16:41:39
HUB-002,PKG-00822,ARRIVAL,2023-10-13 18:08:27
HUB-003,PKG-01748,DEPARTURE,2023-10-19 21:40:08
HUB-011,PKG-02094,DEPARTURE,2023-10-03 16:11:49
HUB-003,PKG-02320,SORTING,2023-10-04 20:28:19
HUB-011,PKG-01314,DEPARTURE,2023-10-17 22:48:05
HUB-007,PKG-00913,ARRIVAL,2023-10-15 14:11:24
HUB-002,PKG-02379,DEPARTURE,2023-10-23 22:43:54
HUB-004,PKG-01105,DEPARTURE,2023-10-02 19:33:26
HUB-007,PKG-00782,DEPARTURE,2023-10-28 09:29:54
HUB-004,PKG-01518,ARRIVAL,2023-10-30 12:17:01
HUB-008,PKG-02078,DEPARTURE,2023-10-09 20:32:18
HUB-002,PKG-00012,DEPARTURE,2023-10-21 04:09:49
HUB-008,PKG-02178,DEPARTURE,2023-10-28 16:28:12
HUB-007,PKG-01047,DEPARTURE,2023-10-14 15:40:19
HUB-006,PKG-01196,ARRIVAL,2023-10-17 10:30:16
HUB-008,PKG-02283,DEPARTURE,2023-10-29 21:49:23
HUB-008,PKG-00324,DEPARTURE,2023-10-18 17:51:23
HUB-005,PKG-01275,SORTING,2023-10-23 22:47:55
HUB-001,PKG-01518,DEPARTURE,2023-10-31 02:49:31
HUB-008,PKG-00947,ARRIVAL,2023-10-26 21:45:31
HUB-001,PKG-02151,ARRIVAL,2023-10-08 14:56:42
HUB-009,PKG-01925,ARRIVAL,2023-10-26 13:08:39
HUB-006,PKG-02248,ARRIVAL,2023-10-17 03:18:30
HUB-008,PKG-00935,ARRIVAL,2023-10-27 18:43:38
HUB-007,PKG-00435,DEPARTURE,2023-10-19 19:07:23
HUB-008,PKG-00278,DEPARTURE,2023-10-06 19:29:02
HUB-006,PKG-00060,ARRIVAL,2023-10-06 14:25:34
HUB-007,PKG-00423,DEPARTURE,2023-10-15 00:05:52
HUB-004,PKG-01007,ARRIVAL,2023-10-28 08:45:22
HUB-011,PKG-01748,DEPARTURE,2023-10-21 08:05:23
HUB-009,PKG-00170,ARRIVAL,2023-10-07 12:45:21
HUB-001,PKG-02151,DEPARTURE,2023-10-08 19:04:00
HUB-012,PKG-00334,ARRIVAL,2023-10-10 17:54:36
HUB-004,PKG-01733,ARRIVAL,2023-10-31 02:33:16
HUB-007,PKG-01009,DEPARTURE,2023-10-21 06:22:07
HUB-002,PKG-00751,DEPARTURE,2023-10-04 15:14:18
HUB-002,PKG-00162,DEPARTURE,2023-10-17 12:50:53
HUB-009,PKG-01284,ARRIVAL,2023-10-03 22:18:39
HUB-007,PKG-00121,DEPARTURE,2023-10-22 22:55:59
HUB-001,PKG-01819,DEPARTURE,2023-10-19 05:53:45
HUB-001,PKG-00162,DEPARTURE,2023-10-18 08:53:06
HUB-004,PKG-01477,ARRIVAL,2023-10-23 03:59:20
HUB-009,PKG-01261,ARRIVAL,2023-10-29 12:45:47
HUB-005,PKG-01921,ARRIVAL,2023-10-09 14:26:35
HUB-002,PKG-01842,ARRIVAL,2023-10-25 12:48:03
HUB-001,PKG-01253,DEPARTURE,2023-10-28 14:39:27
HUB-006,PKG-01999,ARRIVAL,2023-10-26 10:31:20
HUB-001,PKG-00469,ARRIVAL,2023-10-24 14:06:31
HUB-003,PKG-00507,DEPARTURE,2023-10-23 17:58:19
HUB-006,PKG-01059,ARRIVAL,2023-10-28 05:10:38
HUB-009,PKG-01797,ARRIVAL,2023-10-16 23:17:02
HUB-004,PKG-00646,DEPARTURE,2023-10-16 09:12:43
HUB-004,PKG-00943,DEPARTURE,2023-10-22 01:00:21
HUB-005,PKG-00187,DEPARTURE,2023-10-29 07:37:33
HUB-009,PKG-01076,ARRIVAL,2023-10-14 11:55:11
HUB-002,PKG-01304,DEPARTURE,2023-10-09 14:12:33
HUB-001,PKG-02341,DEPARTURE,2023-10-28 22:15:08
HUB-001,PKG-02216,ARRIVAL,2023-10-29 15:08:20
HUB-004,PKG-01839,ARRIVAL,2023-10-03 11:54:04
HUB-002,PKG-01961,DEPARTURE,2023-10-28 06:25:39
HUB-011,PKG-01905,DEPARTURE,2023-10-23 06:53:53
HUB-008,PKG-01875,ARRIVAL,2023-10-23 16:23:15
HUB-011,PKG-00078,DEPARTURE,2023-10-08 02:36:19
HUB-005,PKG-00818,DEPARTURE,2023-10-21 22:48:44
HUB-007,PKG-01599,DEPARTURE,2023-10-29 22:29:42
HUB-002,PKG-02179,ARRIVAL,N/A
HUB-008,PKG-01068,ARRIVAL,2023-10-10 21:40:36
HUB-002,PKG-00679,ARRIVAL,2023-10-05 04:57:12
HUB-010,PKG-01413,DEPARTURE,2023-10-13 10:51:06
HUB-002,PKG-01502,ARRIVAL,2023-10-07 16:33:36
HUB-002,PKG-00220,ARRIVAL,2023-10-30 04:47:16
HUB-002,PKG-00107,DEPARTURE,2023-10-05 17:51:21
HUB-006,PKG-00622,DEPARTURE,2023-10-06 11:23:26
HUB-005,PKG-02116,DEPARTURE,2023-10-03 16:49:49
HUB-003,PKG-01582,DEPARTURE,2023-10-20 14:48:33
HUB-002,PKG-00931,ARRIVAL,2023-10-14 22:51:37
HUB-005,PKG-02312,DEPARTURE,2023-10-08 03:17:24
HUB-006,PKG-01291,ARRIVAL,2023-10-02 12:07:31
HUB-005,PKG-01779,DEPARTURE,2023-10-26 22:45:18
HUB-001,PKG-02164,ARRIVAL,2023-10-22 10:41:39
HUB-011,PKG-01787,DEPARTURE,2023-10-14 15:51:11
HUB-006,PKG-00384,ARRIVAL,2023-10-17 06:31:09
HUB-001,PKG-01214,DEPARTURE,2023-10-19 20:15:32
HUB-010,PKG-01389,DEPARTURE,2023-10-08 05:50:13
HUB-003,PKG-01251,ARRIVAL,2023-10-27 09:33:49
HUB-003,PKG-01244,DEPARTURE,2023-10-16 13:51:57
HUB-003,PKG-01854,DEPARTURE,2023-10-09 11:50:21
HUB-003,PKG-00031,DEPARTURE,2023-10-05 11:39:28
HUB-006,PKG-00399,DEPARTURE,2023-10-15 23:12:18
HUB-002,PKG-02218,DEPARTURE,2023-10-27 04:03:08
HUB-007,PKG-02043,DEPARTURE,2023-10-30 17:52:24
HUB-003,PKG-01785,ARRIVAL,2023-10-18 17:01:54
HUB-001,PKG-00883,DEPARTURE,2023-10-05 12:16:04
HUB-004,PKG-02029,ARRIVAL,2023-10-22 13:05:53
HUB-001,PKG-00424,ARRIVAL,2023-10-09 22:15:38
HUB-004,PKG-01020,DEPARTURE,2023-10-05 19:28:39
HUB-003,PKG-01132,ARRIVAL,2023-10-02 23:09:23
HUB-006,PKG-01093,SORTING,2023-10-04 13:43:26
HUB-004,PKG-01043,DEPARTURE,2023-10-24 20:15:28
HUB-005,PKG-00700,DEPARTURE,2023-10-06 01:03:17
HUB-001,PKG-00665,ARRIVAL,2023-10-28 14:52:31
HUB-009,PKG-02366,ARRIVAL,2023-10-26 13:07:58
HUB-010,PKG-00433,DEPARTURE,2023-10-26 00:25:11
HUB-010,PKG-02197,DEPARTURE,2023-10-31 09:54:58
HUB-003,PKG-00079,ARRIVAL,2023-10-18 15:07:17
HUB-004,PKG-00422,DEPARTURE,2023-10-27 00:06:40
HUB-003,PKG-00007,ARRIVAL,2023-10-01 16:53:51
HUB-008,PKG-00324,SORTING,2023-10-18 14:53:41
HUB-001,PKG-02237,DEPARTURE,2023-13-45 99:00:00
HUB-004,PKG-02111,ARRIVAL,2023-10-14 12:18:21
HUB-005,PKG-01086,DEPARTURE,2023-10-10 03:56:11
HUB-012,PKG-02279,SORTING,2023-10-16 00:21:47
HUB-004,PKG-01219,DEPARTURE,2023-10-30 17:23:19
HUB-001,PKG-00182,ARRIVAL,2023-10-14 22:09:01
HUB-004,PKG-01907,ARRIVAL,2023-10-04 11:22:31
HUB-003,PKG-02085,ARRIVAL,2023-10-27 12:16:10
HUB-004,PKG-00778,DEPARTURE,2023-10-05 05:49:34
HUB-012,PKG-00776,ARRIVAL,2023-10-17 12:51:38
HUB-003,PKG-00636,ARRIVAL,2023-10-17 13:31:24
HUB-005,PKG-01992,ARRIVAL,2023-10-19 22:51:41
HUB-004,PKG-00277,ARRIVAL,2023-10-15 00:36:32
HUB-004,PKG-00172,ARRIVAL,2023-10-06 08:43:31
HUB-006,PKG-00527,ARRIVAL,2023-10-12 08:48:01
HUB-011,PKG-00270,ARRIVAL,2023-10-04 14:22:27
HUB-005,PKG-01200,ARRIVAL,2023-10-14 08:44:58
HUB-001,PKG-02108,DEPARTURE,2023-10-25 03:59:28
HUB-004,PKG-00524,DEPARTURE,2023-10-01 20:28:03
HUB-005,PKG-00893,DEPARTURE,2023-10-19 19:05:12
HUB-002,PKG-01422,DEPARTURE,2023-10-10 22:19:47
HUB-003,PKG-01899,ARRIVAL,2023-10-18 22:58:13
HUB-005,PKG-02334,ARRIVAL,2023-10-05 21:59:54
HUB-006,PKG-00782,ARRIVAL,2023-10-28 18:55:15
HUB-007,PKG-01391,DEPARTURE,2023-10-22 08:55:11
HUB-007,PKG-01184,ARRIVAL,2023-10-27 06:33:30
HUB-003,PKG-00678,DEPARTURE,2023-10-29 17:42:05
HUB-012,PKG-02334,DEPARTURE,2023-10-06 17:49:26
HUB-002,PKG-00464,ARRIVAL,2023-10-24 16:31:08
HUB-002,PKG-01384,DEPARTURE,2023-10-15 08:38:36
HUB-003,PKG-00907,ARRIVAL,2023-10-03 01:36:01
HUB-004,PKG-00443,DEPARTURE,2023-10-29 14:46:01
HUB-012,PKG-01864,ARRIVAL,2023-10-25 15:48:41
HUB-003,PKG-01192,ARRIVAL,2023-10-28 10:07:24
HUB-012,PKG-02300,DEPARTURE,2023-10-15 15:07:50
HUB-008,PKG-00285,DEPARTURE,2023-10-07 15:51:21
HUB-012,PKG-01071,ARRIVAL,2023-10-26 10:07:08
HUB-002,PKG-02017,ARRIVAL,2023-10-28 19:57:53
HUB-009,PKG-01797,DEPARTURE,2023-10-17 03:23:42
HUB-005,PKG-02176,ARRIVAL,2023-10-25 01:13:44
HUB-001,PKG-01584,DEPARTURE,2023-10-12 05:08:13
HUB-007,PKG-00552,DEPARTURE,2023-10-27 01:25:06
HUB-004,PKG-00879,DEPARTURE,2023-10-02 09:37:23
HUB-012,PKG-01970,DEPARTURE,2023-10-15 15:56:24
HUB-005,PKG-01427,ARRIVAL,2023-10-06 00:45:56
HUB-006,PKG-02088,DEPARTURE,2023-10-13 05:46:53
HUB-004,PKG-02087,DEPARTURE,2023-10-24 12:01:01
HUB-005,PKG-00173,DEPARTURE,2023-10-24 06:14:16
HUB-001,PKG-01644,DEPARTURE,2023-10-26 12:13:08
HUB-006,PKG-02117,DEPARTURE,2023-10-20 11:00:07
HUB-001,PKG-02259,ARRIVAL,2023-10-20 07:26:06
HUB-007,PKG-00748,DEPARTURE,2023-10-31 02:37:34
HUB-011,PKG-02302,ARRIVAL,2023-10-30 05:05:18
HUB-006,PKG-01324,ARRIVAL,2023-10-28 20:40:52
HUB-001,PKG-01687,ARRIVAL,2023-10-29 05:59:18
HUB-007,PKG-01384,DEPARTURE,2023-10-15 18:39:09
HUB-001,PKG-02124,DEPARTURE,2023-10-16 04:30:25
HUB-001,PKG-01358,DEPARTURE,2023-10-08 19:51:49
HUB-005,PKG-01442,DEPARTURE,2023-10-07 16:30:48
HUB-008,PKG-00870,DEPARTURE,2023-10-07 04:06:25
HUB-007,PKG-00287,DEPARTURE,2023-10-04 05:30:28
HUB-001,PKG-00145,DEPARTURE,2023-10-03 23:37:29
HUB-004,PKG-01043,ARRIVAL,2023-10-24 13:36:53
HUB-006,PKG-02155,DEPARTURE,2023-10-16 11:56:18
HUB-006,PKG-01642,ARRIVAL,2023-10-31 11:56:33
HUB-004,PKG-01728,DEPARTURE,2023-10-30 23:19:43
HUB-002,PKG-01408,ARRIVAL,2023-10-18 12:53:15
HUB-001,PKG-01335,DEPARTURE,2023-10-13 13:11:10
HUB-007,PKG-01505,ARRIVAL,2023-10-25 18:00:51
HUB-001,PKG-01021,DEPARTURE,2023-10-10 01:04:54
HUB-002,PKG-02109,DEPARTURE,2023-10-11 21:25:36
HUB-008,PKG-00852,ARRIVAL,2023-10-27 11:34:53
HUB-010,PKG-02258,DEPARTURE,2023-10-19 06:39:44
HUB-004,PKG-01320,DEPARTURE,2023-10-08 15:46:44
HUB-005,PKG-00503,ARRIVAL,2023-10-01 11:30:04
HUB-002,PKG-00550,ARRIVAL,2023-10-04 11:27:05
HUB-005,PKG-01245,DEPARTURE,2023-10-20 19:35:00
HUB-005,PKG-00410,DEPARTURE,2023-10-22 02:22:14
HUB-002,PKG-01650,ARRIVAL,2023-10-19 04:35:07
HUB-007,PKG-02015,ARRIVAL,2023-10-30 04:06:48
HUB-007,PKG-01979,ARRIVAL,2023-10-14 09:44:50
HUB-004,PKG-00039,ARRIVAL,2023-10-08 22:29:07
HUB-004,PKG-01253,ARRIVAL,2023-10-28 20:48:34
HUB-005,PKG-01485,DEPARTURE,2023-10-13 14:44:02
HUB-005,PKG-02396,ARRIVAL,2023-10-21 09:42:32
HUB-010,PKG-00746,DEPARTURE,2023-11-01 06:16:26
HUB-002,PKG-00003,ARRIVAL,2023-10-22 13:05:54
HUB-011,PKG-02182,ARRIVAL,2023-10-17 13:22:48
HUB-004,PKG-02259,DEPARTURE,2023-10-20 21:22:08
HUB-007,PKG-02381,DEPARTURE,2023-10-08 11:28:14
HUB-001,PKG-01229,DEPARTURE,2023-10-08 18:02:48
HUB-012,PKG-00960,DEPARTURE,2023-10-13 13:00:42
HUB-001,PKG-00096,DEPARTURE,2023-10-05 20:23:25
HUB-004,PKG-01317,DEPARTURE,2023-10-10 13:12:11
HUB-009,PKG-01131,ARRIVAL,2023-10-28 13:59:28
HUB-011,PKG-02339,DEPARTURE,2023-10-26 15:29:47
HUB-001,PKG-00544,ARRIVAL,2023-10-11 14:46:30
HUB-001,PKG-00438,DEPARTURE,2023-10-20 14:36:27
HUB-002,PKG-01424,ARRIVAL,2023-10-07 19:48:23
HUB-007,PKG-02114,ARRIVAL,2023-10-15 17:08:38
HUB-005,PKG-00559,ARRIVAL,2023-10-26 21:40:57
HUB-010,PKG-01767,ARRIVAL,2023-10-16 23:06:59
HUB-011,PKG-01761,SORTING,2023-10-31 11:28:12
HUB-007,PKG-02321,ARRIVAL,2023-10-12 03:20:30
HUB-001,PKG-00166,ARRIVAL,2023-10-24 22:46:58
HUB-004,PKG-00828,ARRIVAL,2023-10-09 16:17:54
HUB-005,PKG-01799,ARRIVAL,2023-10-11 20:43:28
HUB-007,PKG-00263,ARRIVAL,2023-10-16 18:47:12
HUB-001,PKG-01780,ARRIVAL,2023-10-19 07:09:37
HUB-003,PKG-00222,ARRIVAL,2023-10-30 15:49:21
HUB-003,PKG-00726,DEPARTURE,2023-10-07 17:16:56
HUB-006,PKG-00837,DEPARTURE,2023-10-19 00:06:56
HUB-005,PKG-01908,DEPARTURE,2023-10-18 18:06:23
HUB-007,PKG-02356,ARRIVAL,2023-10-06 06:01:26
HUB-002,PKG-01611,ARRIVAL,2023-10-28 02:58:40
HUB-002,PKG-00658,DEPARTURE,2023-10-17 01:53:18
HUB-006,PKG-01524,ARRIVAL,2023-10-14 13:50:59
HUB-002,PKG-01451,DEPARTURE,2023-10-15 21:29:47
HUB-006,PKG-02265,DEPARTURE,2023-10-09 14:28:14
HUB-002,PKG-00413,ARRIVAL,2023-10-29 12:55:50
HUB-006,PKG-01580,ARRIVAL,2023-10-03 09:29:24
HUB-010,PKG-00471,DEPARTURE,2023-10-23 18:50:22
HUB-001,PKG-02063,DEPARTURE,2023-10-20 20:47:33
HUB-008,PKG-00460,DEPARTURE,2023-10-03 07:09:30
HUB-012,PKG-00457,DEPARTURE,2023-10-16 16:53:32
HUB-009,PKG-00948,ARRIVAL,2023-10-28 13:01:15
HUB-002,PKG-01513,DEPARTURE,2023-10-23 02:10:12
HUB-001,PKG-00467,DEPARTURE,2023-10-15 22:26:00
HUB-005,PKG-00565,DEPARTURE,2023-10-27 23:52:45
HUB-002,PKG-01140,ARRIVAL,2023-10-12 15:53:41
HUB-011,PKG-00093,DEPARTURE,2023-10-26 18:32:50
HUB-001,PKG-01836,DEPARTURE,2023-10-02 16:36:05
HUB-001,PKG-01996,ARRIVAL,N/A
HUB-009,PKG-01491,DEPARTURE,2023-10-09 02:24:32
HUB-001,PKG-01160,ARRIVAL,2023-10-21 10:52:42
HUB-012,PKG-00172,ARRIVAL,2023-10-05 16:08:26
HUB-004,PKG-02113,ARRIVAL,2023-10-09 13:01:30
HUB-003,PKG-02310,DEPARTURE,2023-10-29 16:20:01
HUB-001,PKG-00896,ARRIVAL,2023-10-11 10:36:00
HUB-012,PKG-01906,DEPARTURE,2023-10-17 00:31:29
HUB-002,PKG-00363,ARRIVAL,2023-10-15 17:51:15
HUB-002,PKG-02097,DEPARTURE,2023-10-06 16:41:50
HUB-001,PKG-02048,DEPARTURE,2023-10-15 15:32:30
HUB-003,PKG-02305,ARRIVAL,2023-10-03 14:14:01
HUB-012,PKG-02002,ARRIVAL,2023-10-19 17:48:56
HUB-004,PKG-00329,ARRIVAL,2023-10-16 03:26:16
HUB-003,PKG-01009,DEPARTURE,2023-10-20 20:28:36
HUB-001,PKG-00709,DEPARTURE,2023-10-05 10:54:06
HUB-009,PKG-00980,DEPARTURE,2023-10-18 12:20:50
HUB-002,PKG-01469,ARRIVAL,2023-10-03 22:21:32
HUB-005,PKG-00948,DEPARTURE,2023-10-30 03:19:59
HUB-012,PKG-00961,ARRIVAL,2023-10-25 15:35:27
HUB-001,PKG-01375,DEPARTURE,2023-10-26 15:41:03
HUB-004,PKG-00768,ARRIVAL,2023-10-08 18:13:30
HUB-004,PKG-01329,ARRIVAL,2023-10-04 12:29:41
HUB-008,PKG-00368,DEPARTURE,2023-10-06 16:54:41
HUB-003,PKG-02165,ARRIVAL,2023-10-21 21:02:55
HUB-002,PKG-00476,ARRIVAL,2023-10-08 18:19:47
HUB-010,PKG-02244,DEPARTURE,2023-10-14 08:30:29
HUB-005,PKG-01458,ARRIVAL,2023-10-25 20:26:14
HUB-003,PKG-00115,ARRIVAL,2023-10-02 00:46:31
HUB-009,PKG-00023,ARRIVAL,2023-10-01 16:24:54
HUB-006,PKG-01093,ARRIVAL,2023-10-04 11:57:39
HUB-012,PKG-01432,ARRIVAL,2023-10-10 06:30:42
HUB-008,PKG-01772,DEPARTURE,2023-10-04 06:26:03
HUB-008,PKG-01179,SORTING,2023-10-21 22:36:16
HUB-003,PKG-01038,DEPARTURE,2023-10-22 12:15:07
HUB-002,PKG-02060,DEPARTURE,2023-10-10 17:13:01
HUB-006,PKG-00196,ARRIVAL,2023-10-21 10:00:10
HUB-004,PKG-00688,ARRIVAL,2023-10-12 11:59:22
HUB-001,PKG-00264,DEPARTURE,2023-10-12 05:56:59
HUB-001,PKG-01399,ARRIVAL,2023-10-12 08:17:07
HUB-003,PKG-01532,DEPARTURE,2023-10-31 09:23:32
HUB-004,PKG-01505,DEPARTURE,2023-10-26 09:54:36
HUB-002,PKG-00190,ARRIVAL,2023-10-07 05:28:27
HUB-002,PKG-02091,ARRIVAL,2023-10-04 07:45:52
HUB-005,PKG-01421,SORTING,2023-10-30 23:58:45
HUB-007,PKG-01631,ARRIVAL,2023-10-16 19:55:25
HUB-008,PKG-00477,DEPARTURE,2023-10-30 11:54:28
HUB-006,PKG-00013,ARRIVAL,2023-10-15 09:04:00
HUB-003,PKG-00422,ARRIVAL,2023-10-27 06:20:50
HUB-003,PKG-01816,DEPARTURE,2023-10-10 16:45:44
HUB-001,PKG-02083,ARRIVAL,2023-10-20 21:37:21
HUB-008,PKG-00322,DEPARTURE,2023-10-26 08:03:03
HUB-008,PKG-00765,DEPARTURE,2023-10-13 20:34:05
HUB-001,PKG-01952,ARRIVAL,2023-10-16 13:14:48
HUB-002,PKG-02340,ARRIVAL,2023-10-05 05:53:12
HUB-002,PKG-01346,DEPARTURE,2023-10-09 22:33:21
HUB-006,PKG-01463,ARRIVAL,2023-10-16 22:28:54
HUB-008,PKG-00670,ARRIVAL,2023-10-04 23:48:28
HUB-003,PKG-01287,ARRIVAL,2023-10-22 08:35:23
HUB-002,PKG-01102,DEPARTURE,2023-10-23 11:03:11
HUB-008,PKG-01535,ARRIVAL,2023-10-20 09:10:40
HUB-001,PKG-02215,DEPARTURE,2023-10-17 11:31:39
HUB-005,PKG-00918,ARRIVAL,2023-10-20 00:57:27
HUB-003,PKG-02002,ARRIVAL,2023-10-20 04:00:57
HUB-002,PKG-02345,ARRIVAL,2023-10-31 05:08:53
HUB-006,PKG-00517,DEPARTURE,2023-10-01 18:00:47
HUB-002,PKG-01316,DEPARTURE,2023-10-06 01:28:20
HUB-005,PKG-01817,DEPARTURE,2023-10-12 00:23:26
HUB-005,PKG-00268,ARRIVAL,2023-10-18 00:54:03
HUB-005,PKG-00115,ARRIVAL,2023-10-01 09:58:05
HUB-005,PKG-00529,ARRIVAL,2023-10-12 01:40:07
HUB-007,PKG-00005,DEPARTURE,2023-10-19 15:02:13
HUB-004,PKG-01362,DEPARTURE,2023-10-29 18:32:59
HUB-002,PKG-00105,ARRIVAL,2023-10-22 21:03:06
HUB-008,PKG-02322,DEPARTURE,2023-10-04 00:39:16
HUB-002,PKG-02287,DEPARTURE,2023-10-13 02:56:48
HUB-012,PKG-00418,DEPARTURE,2023-10-04 02:41:15
HUB-011,PKG-00078,ARRIVAL,2023-10-07 15:49:36
HUB-009,PKG-01500,DEPARTURE,2023-10-27 07:33:25
HUB-004,PKG-01402,ARRIVAL,2023-10-04 08:56:16
HUB-011,PKG-01993,ARRIVAL,2023-10-19 12:01:55
HUB-003,PKG-02070,SORTING,2023-10-18 14:26:11
HUB-001,PKG-02159,ARRIVAL,2023-10-08 18:35:18
HUB-003,PKG-00439,ARRIVAL,2023-10-10 23:51:23
HUB-010,PKG-00821,DEPARTURE,2023-10-28 09:25:07
HUB-012,PKG-00317,ARRIVAL,2023-10-29 02:27:15
HUB-002,PKG-00734,ARRIVAL,2023-10-17 08:03:50
HUB-006,PKG-02032,SORTING,2023-10-21 13:52:26
HUB-008,PKG-01606,DEPARTURE,2023-10-27 20:24:11
HUB-012,PKG-02065,ARRIVAL,2023-10-21 18:15:02
HUB-003,PKG-00819,DEPARTURE,2023-10-04 19:16:01
HUB-012,PKG-01763,ARRIVAL,2023-10-29 13:20:00
HUB-007,PKG-01000,DEPARTURE,2023-10-25 10:37:25
HUB-012,PKG-01268,ARRIVAL,2023-10-25 10:05:32
HUB-003,PKG-01382,DEPARTURE,2023-10-26 00:19:20
HUB-005,PKG-00293,ARRIVAL,2023-10-06 23:38:07
HUB-002,PKG-01170,ARRIVAL,2023-10-12 13:06:47
HUB-001,PKG-00319,DEPARTURE,2023-10-30 03:16:10
HUB-004,PKG-00348,ARRIVAL,2023-10-10 11:23:00
HUB-001,PKG-01206,ARRIVAL,2023-10-16 11:27:16
HUB-006,PKG-00908,DEPARTURE,2023-10-10 16:12:14
HUB-007,PKG-00827,DEPARTURE,2023-10-19 16:23:10
HUB-009,PKG-02202,DEPARTURE,2023-10-06 18:12:06
HUB-004,PKG-01664,DEPARTURE,2023-10-02 10:59:10
HUB-005,PKG-01342,DEPARTURE,2023-10-02 02:12:23
HUB-001,PKG-02385,ARRIVAL,2023-10-27 00:16:39
HUB-001,PKG-00899,DEPARTURE,2023-10-05 13:53:16
HUB-005,PKG-01182,ARRIVAL,2023-10-18 16:58:56
HUB-009,PKG-02025,ARRIVAL,2023-10-10 18:27:46
HUB-003,PKG-00110,ARRIVAL,2023-10-03 11:38:38
HUB-002,PKG-01565,ARRIVAL,2023-10-06 18:02:31
HUB-001,PKG-01565,ARRIVAL,2023-10-07 09:56:57
HUB-001,PKG-01206,DEPARTURE,2023-10-16 15:24:34
HUB-001,PKG-00519,ARRIVAL,2023-10-17 22:01:53
HUB-002,PKG-02379,ARRIVAL,2023-10-23 13:46:08
HUB-001,PKG-00454,DEPARTURE,2023-10-29 14:17:16
HUB-004,PKG-02138,ARRIVAL,2023-10-25 03:37:26
HUB-007,PKG-00823,DEPARTURE,2023-10-22 13:00:28
HUB-001,PKG-00323,ARRIVAL,2023-10-28 14:46:18
HUB-009,PKG-00020,ARRIVAL,2023-10-22 04:19:14
HUB-004,PKG-00748,ARRIVAL,2023-10-31 06:42:36
HUB-001,PKG-01719,ARRIVAL,2023-10-28 17:10:38
HUB-008,PKG-00700,ARRIVAL,2023-10-04 01:40:36
HUB-012,PKG-00836,DEPARTURE,2023-10-06 17:38:02
HUB-011,PKG-00281,DEPARTURE,2023-10-10 15:31:43
HUB-002,PKG-01586,SORTING,2023-10-07 20:50:22
HUB-008,PKG-00545,DEPARTURE,2023-10-15 13:13:07
HUB-002,PKG-00599,ARRIVAL,2023-10-25 13:26:46
HUB-009,PKG-00822,ARRIVAL,2023-10-14 01:38:56
HUB-002,PKG-01931,DEPARTURE,2023-10-27 03:04:02
HUB-006,PKG-01431,ARRIVAL,2023-10-27 13:37:27
HUB-011,PKG-00762,DEPARTURE,2023-10-29 23:17:30
HUB-005,PKG-01104,ARRIVAL,2023-10-24 13:56:09
HUB-004,PKG-00270,ARRIVAL,2023-10-04 00:04:57
HUB-001,PKG-02004,DEPARTURE,2023-10-11 11:54:14
HUB-005,PKG-01928,ARRIVAL,2023-10-15 06:46:01
HUB-010,PKG-02318,DEPARTURE,2023-10-07 01:35:00
HUB-012,PKG-01410,DEPARTURE,2023-10-23 15:25:36
HUB-007,PKG-00246,ARRIVAL,2023-10-18 07:05:59
HUB-006,PKG-01190,ARRIVAL,2023-10-18 12:58:47
HUB-003,PKG-00116,DEPARTURE,2023-10-15 19:25:39
HUB-002,PKG-01050,ARRIVAL,2023-10-03 15:36:37
HUB-001,PKG-00631,ARRIVAL,2023-10-26 09:07:35
HUB-005,PKG-01027,ARRIVAL,2023-10-08 19:55:17
HUB-010,PKG-02144,ARRIVAL,2023-10-11 19:42:00
HUB-001,PKG-00910,DEPARTURE,2023-10-16 01:53:29
HUB-011,PKG-01476,DEPARTURE,2023-10-25 09:43:08
HUB-010,PKG-00159,DEPARTURE,2023-10-13 18:59:06
HUB-006,PKG-01255,ARRIVAL,2023-10-06 15:31:56
HUB-002,PKG-02326,ARRIVAL,2023-10-22 04:23:25
HUB-001,PKG-01288,DEPARTURE,2023-10-22 00:05:43
HUB-001,PKG-01280,DEPARTURE,2023-10-25 01:07:52
HUB-008,PKG-01996,ARRIVAL,2023-10-21 02:12:47
HUB-005,PKG-00254,ARRIVAL,2023-10-21 02:01:50
HUB-003,PKG-01136,DEPARTURE,2023-10-22 00:25:28
HUB-009,PKG-02367,ARRIVAL,2023-10-10 16:40:34
HUB-005,PKG-00618,ARRIVAL,2023-10-03 04:49:56
HUB-005,PKG-00528,DEPARTURE,2023-10-07 20:17:10
HUB-006,PKG-00603,ARRIVAL,2023-10-01 17:05:50
HUB-003,PKG-00155,DEPARTURE,2023-10-29 21:34:00
HUB-003,PKG-00372,ARRIVAL,2023-10-03 06:32:30
HUB-011,PKG-00065,ARRIVAL,2023-10-15 09:39:47
HUB-003,PKG-00478,DEPARTURE,2023-10-25 22:19:57
HUB-011,PKG-01462,DEPARTURE,2023-10-12 02:00:09
HUB-009,PKG-00987,ARRIVAL,2023-10-09 11:07:54
HUB-001,PKG-01205,DEPARTURE,2023-10-13 12:28:49
HUB-009,PKG-01117,ARRIVAL,2023-10-07 23:31:44
HUB-001,PKG-02385,DEPARTURE,2023-10-27 05:33:35
HUB-003,PKG-01629,ARRIVAL,2023-10-03 10:46:38
HUB-002,PKG-00242,DEPARTURE,2023-10-10 08:13:56
HUB-011,PKG-01131,ARRIVAL,2023-10-27 08:25:53
HUB-004,PKG-01482,ARRIVAL,2023-10-19 04:59:47
HUB-011,PKG-00022,ARRIVAL,2023-10-25 23:19:14
HUB-004,PKG-02358,ARRIVAL,2023-10-26 16:52:11
HUB-001,PKG-00353,DEPARTURE,2023-10-20 08:37:59
HUB-002,PKG-00100,DEPARTURE,2023-10-12 01:41:46
HUB-004,PKG-01625,DEPARTURE,2023-10-25 20:21:42
HUB-005,PKG-01336,DEPARTURE,2023-10-17 07:35:57
HUB-001,PKG-01805,DEPARTURE,2023-10-08 12:21:57
HUB-008,PKG-01222,DEPARTURE,2023-10-20 05:24:35
HUB-012,PKG-00056,ARRIVAL,2023-10-02 10:00:13
HUB-005,PKG-01577,ARRIVAL,2023-10-21 18:57:15
HUB-011,PKG-02094,ARRIVAL,2023-10-03 04:33:47
HUB-007,PKG-01302,DEPARTURE,2023-10-02 05:03:01
HUB-003,PKG-02076,DEPARTURE,2023-10-25 21:59:26
HUB-005,PKG-01186,ARRIVAL,2023-10-25 08:19:16
HUB-003,PKG-02135,DEPARTURE,2023-10-15 12:46:18
HUB-001,PKG-00001,DEPARTURE,2023-10-05 03:30:26
HUB-012,PKG-00995,ARRIVAL,2023-10-22 12:28:42
HUB-001,PKG-01395,DEPARTURE,2023-10-12 15:16:28
HUB-008,PKG-01749,SORTING,2023-10-24 06:02:50
HUB-009,PKG-00668,DEPARTURE,2023-10-19 13:22:14
HUB-007,PKG-01047,ARRIVAL,2023-10-14 08:44:54
HUB-007,PKG-02183,ARRIVAL,2023-10-06 03:03:04
HUB-004,PKG-00605,DEPARTURE,2023-10-05 11:17:41
HUB-009,PKG-01553,DEPARTURE,2023-10-13 13:36:24
HUB-004,PKG-01771,ARRIVAL,2023-10-14 10:29:28
HUB-001,PKG-01425,DEPARTURE,2023-10-24 09:21:07
HUB-003,PKG-00737,DEPARTURE,2023-10-11 13:03:37
HUB-002,PKG-02246,ARRIVAL,2023-10-10 06:05:42
HUB-007,PKG-00053,DEPARTURE,2023-10-12 04:55:04
HUB-011,PKG-00327,ARRIVAL,2023-10-09 13:46:27
HUB-008,PKG-00642,ARRIVAL,2023-10-07 17:34:39
HUB-002,PKG-00393,ARRIVAL,2023-10-06 15:48:02
HUB-001,PKG-02256,ARRIVAL,2023-10-12 09:05:40
HUB-004,PKG-01937,DEPARTURE,2023-10-26 19:08:47
HUB-003,PKG-01549,DEPARTURE,2023-10-15 00:46:54
HUB-005,PKG-01012,ARRIVAL,2023-10-19 02:16:03
HUB-004,PKG-00821,SORTING,2023-10-27 14:36:15
HUB-003,PKG-01693,DEPARTURE,2023-10-21 10:21:58
HUB-001,PKG-00417,ARRIVAL,2023-10-18 11:53:26
HUB-009,PKG-00858,DEPARTURE,2023-10-24 15:38:01
HUB-005,PKG-01817,ARRIVAL,2023-10-11 09:35:10
HUB-009,PKG-01601,DEPARTURE,2023-10-31 01:07:44
HUB-006,PKG-00424,DEPARTURE,2023-10-09 06:36:17
HUB-001,PKG-00002,ARRIVAL,2023-10-28 04:22:38
HUB-003,PKG-01850,ARRIVAL,2023-10-11 08:08:58
HUB-002,PKG-00299,DEPARTURE,2023-10-08 20:06:12
HUB-008,PKG-01757,DEPARTURE,2023-10-21 22:48:23
HUB-006,PKG-00323,DEPARTURE,2023-10-29 15:51:47
HUB-004,PKG-00966,DEPARTURE,2023-10-21 04:42:10
HUB-001,PKG-01887,ARRIVAL,2023-10-20 05:18:57
HUB-003,PKG-01294,DEPARTURE,2023-10-29 08:38:20
HUB-005,PKG-01284,DEPARTURE,2023-10-03 05:27:33
HUB-005,PKG-02152,ARRIVAL,2023-10-03 20:49:34
HUB-003,PKG-00671,DEPARTURE,2023-10-04 23:38:30
HUB-009,PKG-01848,DEPARTURE,2023-10-07 09:34:41
HUB-007,PKG-00617,SORTING,2023-10-23 09:31:45
HUB-005,PKG-00618,DEPARTURE,2023-10-03 12:47:23
HUB-009,PKG-01237,ARRIVAL,2023-10-08 16:16:37
HUB-004,PKG-01039,DEPARTURE,2023-10-08 16:26:28
HUB-008,PKG-02038,ARRIVAL,2023-10-02 04:56:11
HUB-005,PKG-00564,ARRIVAL,2023-10-09 14:10:01
HUB-003,PKG-00550,DEPARTURE,2023-10-04 03:00:56
HUB-003,PKG-00507,ARRIVAL,2023-10-23 11:03:36
HUB-008,PKG-01086,DEPARTURE,2023-10-10 17:59:25
HUB-008,PKG-01952,ARRIVAL,2023-10-15 13:18:13
HUB-009,PKG-00619,DEPARTURE,2023-10-02 17:36:34
HUB-002,PKG-02091,DEPARTURE,2023-10-04 13:18:11
HUB-001,PKG-01330,DEPARTURE,2023-10-19 18:30:13
HUB-003,PKG-00055,DEPARTURE,2023-10-25 23:06:51
HUB-005,PKG-00613,ARRIVAL,2023-10-30 23:02:47
HUB-003,PKG-00415,SORTING,2023-10-30 14:30:45
HUB-003,PKG-02322,ARRIVAL,2023-10-04 07:08:34
HUB-001,PKG-01837,DEPARTURE,2023-10-08 11:24:59
HUB-002,PKG-01754,ARRIVAL,2023-10-12 19:40:41
HUB-008,PKG-01112,SORTING,2023-10-28 07:42:57
HUB-006,PKG-01981,DEPARTURE,2023-10-08 00:14:45
HUB-009,PKG-01022,DEPARTURE,2023-10-26 22:59:22
HUB-001,PKG-01873,ARRIVAL,2023-10-28 13:24:28
HUB-002,PKG-01029,ARRIVAL,2023-10-28 13:14:05
HUB-004,PKG-00893,DEPARTURE,2023-10-19 01:55:43
HUB-003,PKG-02292,DEPARTURE,2023-10-11 17:18:40
HUB-001,PKG-02399,DEPARTURE,2023-10-04 23:09:29
HUB-004,PKG-00648,ARRIVAL,2023-10-01 18:51:12
HUB-005,PKG-00361,DEPARTURE,2023-10-03 09:28:06
HUB-011,PKG-02027,DEPARTURE,2023-10-19 05:29:18
HUB-001,PKG-00553,DEPARTURE,2023-10-12 18:53:21
HUB-001,PKG-01473,ARRIVAL,2023-10-10 20:57:04
HUB-003,PKG-01550,DEPARTURE,2023-10-18 10:19:08
HUB-005,PKG-02057,SORTING,2023-10-05 15:23:11
HUB-008,PKG-01821,DEPARTURE,2023-10-10 15:26:44
HUB-005,PKG-00537,ARRIVAL,2023-10-19 21:53:47
HUB-006,PKG-01185,ARRIVAL,2023-10-31 10:55:27
HUB-004,PKG-01907,DEPARTURE,2023-10-04 17:28:53
HUB-006,PKG-00381,ARRIVAL,2023-10-09 20:15:23
HUB-004,PKG-02308,ARRIVAL,2023-10-08 00:41:50
HUB-011,PKG-00310,ARRIVAL,N/A
HUB-004,PKG-01151,ARRIVAL,2023-10-28 03:35:28
HUB-001,PKG-01456,DEPARTURE,2023-10-26 20:12:56
HUB-002,PKG-02186,ARRIVAL,2023-10-25 15:08:58
HUB-003,PKG-00340,DEPARTURE,2023-10-25 18:30:44
HUB-001,PKG-01229,ARRIVAL,2023-10-08 14:03:57
HUB-001,PKG-01373,DEPARTURE,2023-10-25 08:05:56
HUB-001,PKG-01207,ARRIVAL,2023-10-05 05:48:40
HUB-004,PKG-02134,DEPARTURE,2023-10-15 17:45:25
HUB-001,PKG-00198,DEPARTURE,2023-10-22 20:00:04
HUB-010,PKG-02156,DEPARTURE,2023-10-04 18:40:32
HUB-004,PKG-00345,ARRIVAL,2023-10-11 00:10:15
HUB-009,PKG-01433,DEPARTURE,2023-10-21 22:56:34
HUB-003,PKG-01410,ARRIVAL,2023-10-24 09:43:08
HUB-011,PKG-00590,DEPARTURE,2023-10-27 00:47:02
HUB-003,PKG-01287,DEPARTURE,2023-10-22 19:50:03
HUB-011,PKG-02203,ARRIVAL,2023-10-21 14:21:27
HUB-011,PKG-00186,ARRIVAL,2023-10-18 13:30:41
HUB-002,PKG-02347,ARRIVAL,2023-10-16 12:30:15
HUB-011,PKG-00011,ARRIVAL,2023-10-29 17:38:50
HUB-002,PKG-01113,ARRIVAL,2023-10-01 20:09:10
HUB-006,PKG-01774,ARRIVAL,2023-10-15 11:38:15
HUB-007,PKG-00915,ARRIVAL,2023-10-29 08:27:50
HUB-003,PKG-00742,DEPARTURE,2023-10-20 12:07:55
HUB-012,PKG-00575,ARRIVAL,2023-10-25 13:11:01
HUB-005,PKG-00683,DEPARTURE,2023-10-06 16:46:35
HUB-011,PKG-02279,ARRIVAL,2023-10-16 09:43:29
HUB-003,PKG-00654,ARRIVAL,2023-10-06 04:07:50
HUB-003,PKG-00145,DEPARTURE,2023-10-04 20:08:33
HUB-003,PKG-01658,DEPARTURE,2023-10-02 23:04:50
HUB-003,PKG-02209,ARRIVAL,2023-10-07 17:18:50
HUB-005,PKG-02361,DEPARTURE,2023-10-06 04:23:51
HUB-011,PKG-01539,ARRIVAL,2023-10-04 20:29:24
HUB-003,PKG-00289,ARRIVAL,2023-10-13 08:26:07
HUB-010,PKG-00232,ARRIVAL,2023-10-29 20:16:40
HUB-005,PKG-02107,DEPARTURE,2023-10-16 20:48:16
HUB-007,PKG-02383,ARRIVAL,2023-10-06 13:37:15
HUB-003,PKG-02150,DEPARTURE,2023-10-14 13:53:45
HUB-002,PKG-00664,DEPARTURE,2023-10-03 00:50:31
HUB-008,PKG-01996,DEPARTURE,2023-10-21 05:13:55
HUB-011,PKG-00742,ARRIVAL,2023-10-20 23:03:53
HUB-002,PKG-02176,ARRIVAL,2023-10-24 11:23:57
HUB-005,PKG-00780,ARRIVAL,2023-10-16 01:46:32
HUB-007,PKG-01628,DEPARTURE,2023-10-24 06:37:05
HUB-011,PKG-01741,DEPARTURE,2023-10-16 05:04:45
HUB-001,PKG-01418,ARRIVAL,2023-10-11 17:13:04
HUB-008,PKG-01920,ARRIVAL,2023-10-10 12:32:21
HUB-012,PKG-01600,ARRIVAL,2023-10-18 08:42:09
HUB-005,PKG-00123,DEPARTURE,2023-10-10 15:07:18
HUB-004,PKG-00932,ARRIVAL,2023-10-28 09:06:52
HUB-006,PKG-02013,ARRIVAL,2023-10-26 17:52:21
HUB-012,PKG-00089,DEPARTURE,2023-10-22 04:20:04
HUB-005,PKG-00233,DEPARTURE,2023-10-02 23:57:36
HUB-002,PKG-00355,DEPARTURE,2023-10-07 14:39:01
HUB-006,PKG-02320,DEPARTURE,2023-10-05 16:21:36
HUB-002,PKG-01110,DEPARTURE,2023-10-26 15:47:52
HUB-001,PKG-01191,ARRIVAL,2023-10-18 09:39:51
HUB-002,PKG-00756,DEPARTURE,2023-10-05 05:54:41
HUB-009,PKG-01346,DEPARTURE,2023-10-11 05:48:18
HUB-003,PKG-01465,ARRIVAL,2023-10-07 13:25:02
HUB-005,PKG-01417,ARRIVAL,2023-10-08 12:35:47
HUB-001,PKG-00959,DEPARTURE,2023-10-03 08:23:48
HUB-006,PKG-00173,ARRIVAL,2023-10-24 16:42:39
HUB-004,PKG-01797,DEPARTURE,2023-10-18 14:33:34
HUB-008,PKG-00852,DEPARTURE,2023-10-27 16:50:10
HUB-002,PKG-00338,ARRIVAL,2023-10-26 10:20:56
HUB-007,PKG-02353,ARRIVAL,2023-10-10 16:52:24
HUB-005,PKG-00374,DEPARTURE,2023-10-25 09:19:14
HUB-008,PKG-01884,ARRIVAL,2023-10-23 15:40:28
HUB-007,PKG-01560,DEPARTURE,2023-10-14 17:32:03
HUB-006,PKG-01954,ARRIVAL,2023-10-13 07:26:42
HUB-002,PKG-00439,DEPARTURE,2023-10-11 16:27:42
HUB-002,PKG-01015,ARRIVAL,2023-10-08 07:14:46
HUB-006,PKG-01069,DEPARTURE,2023-10-25 22:07:49
HUB-012,PKG-00061,ARRIVAL,2023-10-02 05:41:12
HUB-002,PKG-00912,DEPARTURE,2023-10-27 10:22:23
HUB-009,PKG-02293,ARRIVAL,2023-10-18 05:43:20
HUB-005,PKG-01635,ARRIVAL,2023-10-06 04:08:20
HUB-012,PKG-00108,ARRIVAL,2023-10-02 15:10:21
HUB-001,PKG-01933,ARRIVAL,2023-10-19 12:43:24
HUB-002,PKG-01087,DEPARTURE,2023-10-26 17:54:23
HUB-006,PKG-01058,ARRIVAL,2023-10-01 16:11:16
HUB-002,PKG-02098,DEPARTURE,2023-10-10 06:08:05
HUB-007,PKG-01863,DEPARTURE,2023-10-13 00:48:51
HUB-005,PKG-00387,DEPARTURE,2023-10-25 11:33:12
HUB-003,PKG-02280,ARRIVAL,2023-10-03 01:11:22
HUB-005,PKG-01800,ARRIVAL,2023-10-24 07:18:11
HUB-007,PKG-01162,DEPARTURE,2023-10-30 09:47:31
HUB-002,PKG-00886,ARRIVAL,2023-10-16 17:10:27
HUB-002,PKG-01291,ARRIVAL,2023-10-03 08:11:52
HUB-001,PKG-01006,DEPARTURE,2023-10-18 19:25:55
HUB-003,PKG-01309,ARRIVAL,2023-10-24 21:09:57
HUB-004,PKG-00315,DEPARTURE,2023-10-18 16:32:27
HUB-010,PKG-00780,DEPARTURE,2023-10-15 22:32:29
HUB-006,PKG-01278,ARRIVAL,2023-10-15 17:55:37
HUB-009,PKG-01846,DEPARTURE,2023-10-06 00:56:12
HUB-008,PKG-01236,DEPARTURE,2023-10-19 15:01:49
HUB-001,PKG-01813,ARRIVAL,2023-10-03 14:17:54
HUB-005,PKG-00549,ARRIVAL,2023-10-11 20:42:13
HUB-009,PKG-01131,DEPARTURE,2023-10-28 18:05:48
HUB-004,PKG-01512,DEPARTURE,2023-10-23 20:51:51
HUB-007,PKG-01712,DEPARTURE,2023-10-17 18:31:14
HUB-005,PKG-00700,ARRIVAL,2023-10-04 15:46:12
HUB-005,PKG-01394,ARRIVAL,2023-10-23 16:09:45
HUB-002,PKG-01491,ARRIVAL,2023-10-08 04:20:13
HUB-006,PKG-02104,DEPARTURE,2023-10-12 09:17:02
HUB-006,PKG-02097,ARRIVAL,2023-10-07 03:56:15
HUB-001,PKG-00259,ARRIVAL,2023-10-29 22:57:15
HUB-003,PKG-00516,DEPARTURE,2023-10-17 08:29:06
HUB-001,PKG-02399,ARRIVAL,2023-10-04 17:50:24
HUB-004,PKG-01349,ARRIVAL,2023-10-21 06:15:12
HUB-004,PKG-00721,ARRIVAL,2023-10-27 13:15:56
HUB-003,PKG-00728,ARRIVAL,2023-10-22 10:29:36
HUB-008,PKG-00311,DEPARTURE,2023-10-31 00:22:54
HUB-004,PKG-00960,ARRIVAL,2023-10-12 19:44:47
HUB-003,PKG-01541,ARRIVAL,2023-10-20 15:57:15
HUB-010,PKG-02009,ARRIVAL,2023-10-24 12:12:32
HUB-001,PKG-00297,DEPARTURE,2023-10-14 05:29:29
HUB-005,PKG-00268,DEPARTURE,2023-10-18 23:40:10
HUB-005,PKG-01586,SORTING,2023-10-07 02:25:19
HUB-008,PKG-01371,ARRIVAL,2023-10-31 08:39:48
HUB-001,PKG-01581,ARRIVAL,2023-10-02 18:28:00
HUB-012,PKG-02297,ARRIVAL,2023-10-14 22:14:37
HUB-002,PKG-01304,DEPARTURE,2023-10-09 14:12:33
HUB-006,PKG-00892,DEPARTURE,2023-10-09 20:14:59
HUB-001,PKG-00076,DEPARTURE,2023-10-05 22:19:23
HUB-002,PKG-01095,DEPARTURE,2023-10-24 02:12:46
HUB-012,PKG-01233,ARRIVAL,2023-10-06 17:59:48
HUB-002,PKG-00351,DEPARTURE,2023-10-28 17:19:09
HUB-005,PKG-01074,SORTING,2023-10-30 15:05:39
HUB-002,PKG-01526,ARRIVAL,2023-10-18 13:33:57
HUB-006,PKG-02160,DEPARTURE,2023-10-16 17:06:07
HUB-001,PKG-02073,DEPARTURE,2023-10-10 02:50:26
HUB-008,PKG-00093,ARRIVAL,2023-10-27 02:01:25
HUB-001,PKG-01617,ARRIVAL,2023-10-19 23:46:04
HUB-001,PKG-00542,ARRIVAL,2023-10-09 22:21:16
HUB-001,PKG-01117,SORTING,2023-10-08 17:21:51
HUB-002,PKG-01743,DEPARTURE,2023-10-23 16:01:28
HUB-010,PKG-00446,ARRIVAL,2023-10-18 01:22:46
HUB-005,PKG-00479,ARRIVAL,2023-10-18 12:11:16
HUB-001,PKG-01322,ARRIVAL,2023-10-02 10:27:41
HUB-005,PKG-00309,DEPARTURE,2023-10-17 23:07:51
HUB-009,PKG-01833,ARRIVAL,2023-10-06 06:53:04
HUB-004,PKG-00100,ARRIVAL,2023-10-11 12:49:18
HUB-009,PKG-02334,DEPARTURE,2023-10-07 08:52:49
HUB-003,PKG-01260,ARRIVAL,2023-10-10 17:04:05
HUB-002,PKG-00284,ARRIVAL,2023-10-23 07:51:11
HUB-005,PKG-00285,ARRIVAL,2023-10-06 13:10:34
HUB-005,PKG-01716,DEPARTURE,2023-10-02 14:45:11
HUB-006,PKG-00693,SORTING,2023-10-17 18:01:02
HUB-001,PKG-01602,ARRIVAL,2023-10-16 16:36:30
HUB-003,PKG-01544,ARRIVAL,2023-10-16 01:49:01
HUB-006,PKG-00416,DEPARTURE,2023-10-03 06:05:14
HUB-007,PKG-00833,ARRIVAL,2023-10-17 10:18:23
HUB-002,PKG-00390,DEPARTURE,2023-10-05 17:38:23
HUB-003,PKG-00484,DEPARTURE,2023-10-10 14:31:17
HUB-002,PKG-01656,DEPARTURE,2023-10-20 04:24:59
HUB-003,PKG-01887,ARRIVAL,2023-10-19 10:08:13
HUB-012,PKG-00715,ARRIVAL,2023-10-09 17:25:34
HUB-004,PKG-01410,DEPARTURE,2023-10-24 03:43:43
HUB-002,PKG-00850,DEPARTURE,2023-10-14 16:32:07
HUB-006,PKG-02146,ARRIVAL,2023-10-29 10:18:52
HUB-002,PKG-02073,DEPARTURE,2023-10-10 22:19:20
HUB-001,PKG-00452,DEPARTURE,2023-10-04 20:28:28
HUB-012,PKG-01681,ARRIVAL,2023-10-04 23:02:50
HUB-004,PKG-00331,DEPARTURE,2023-10-19 14:53:37
HUB-011,PKG-02091,DEPARTURE,2023-10-05 06:00:28
HUB-007,PKG-00269,ARRIVAL,2023-10-30 10:01:31
HUB-002,PKG-02337,ARRIVAL,2023-10-08 06:22:51
HUB-004,PKG-00832,ARRIVAL,2023-10-31 10:30:07
HUB-005,PKG-00719,ARRIVAL,2023-10-13 22:23:39
HUB-002,PKG-01360,DEPARTURE,2023-10-07 19:23:02
HUB-012,PKG-00083,DEPARTURE,2023-10-24 21:17:27
HUB-011,PKG-01475,DEPARTURE,2023-10-22 10:43:31
HUB-002,PKG-00709,DEPARTURE,2023-10-04 14:24:13
HUB-003,PKG-00487,ARRIVAL,2023-10-06 23:34:56
HUB-011,PKG-01654,DEPARTURE,2023-10-10 15:17:59
HUB-005,PKG-00587,ARRIVAL,2023-10-11 19:26:33
HUB-003,PKG-02086,ARRIVAL,2023-10-06 09:08:46
HUB-001,PKG-01935,DEPARTURE,2023-10-08 14:33:19
HUB-005,PKG-00868,DEPARTURE,2023-10-13 01:23:35
HUB-007,PKG-01257,ARRIVAL,2023-10-12 14:36:14
HUB-001,PKG-01117,DEPARTURE,2023-10-08 21:55:18
HUB-011,PKG-00327,DEPARTURE,2023-10-09 20:07:15
HUB-001,PKG-00997,DEPARTURE,2023-10-10 20:54:04
HUB-006,PKG-01377,ARRIVAL,2023-10-03 08:06:08
HUB-006,PKG-01219,DEPARTURE,2023-10-30 02:34:06
HUB-001,PKG-02108,ARRIVAL,2023-10-24 21:51:33
HUB-003,PKG-02390,ARRIVAL,2023-10-30 14:32:46
HUB-002,PKG-00380,SORTING,2023-10-18 07:31:14
HUB-006,PKG-00191,ARRIVAL,2023-10-14 06:52:49
HUB-001,PKG-02092,ARRIVAL,2023-10-26 17:13:17
HUB-007,PKG-01207,ARRIVAL,2023-10-04 10:02:05
HUB-004,PKG-02096,ARRIVAL,2023-10-07 12:33:25
HUB-001,PKG-00912,ARRIVAL,2023-10-26 21:58:20
HUB-011,PKG-01139,DEPARTURE,2023-10-07 04:09:10
HUB-006,PKG-00239,ARRIVAL,2023-10-23 12:07:01
HUB-009,PKG-00536,DEPARTURE,2023-10-13 02:22:42
HUB-005,PKG-00187,ARRIVAL,2023-10-28 23:43:10
HUB-004,PKG-00685,DEPARTURE,2023-10-24 23:20:19
HUB-005,PKG-02323,DEPARTURE,2023-10-20 12:48:51
HUB-003,PKG-00471,ARRIVAL,2023-10-24 04:39:48
HUB-003,PKG-01881,DEPARTURE,2023-10-15 09:14:15
HUB-004,PKG-02298,DEPARTURE,2023-10-03 07:53:23
HUB-005,PKG-02133,DEPARTURE,2023-10-08 18:04:57
HUB-009,PKG-01553,ARRIVAL,2023-10-13 10:25:02
HUB-012,PKG-02002,DEPARTURE,2023-10-19 22:47:07
HUB-002,PKG-02393,DEPARTURE,2023-10-20 20:06:58
HUB-003,PKG-00608,ARRIVAL,2023-10-27 09:01:41
HUB-003,PKG-02142,DEPARTURE,2023-10-21 02:15:57
HUB-003,PKG-00203,DEPARTURE,2023-10-21 11:55:12
HUB-007,PKG-01815,DEPARTURE,2023-10-31 16:16:55
HUB-009,PKG-00642,DEPARTURE,2023-10-08 04:07:36
HUB-006,PKG-01599,ARRIVAL,2023-10-30 12:44:49
HUB-004,PKG-01209,DEPARTURE,2023-10-20 20:55:34
HUB-001,PKG-01052,ARRIVAL,2023-10-11 11:18:15
HUB-001,PKG-01863,ARRIVAL,2023-10-12 14:50:13
HUB-003,PKG-01271,DEPARTURE,2023-10-05 15:04:14
HUB-006,PKG-02068,ARRIVAL,2023-10-01 22:04:21
HUB-004,PKG-00374,DEPARTURE,2023-10-24 10:31:35
HUB-001,PKG-01570,DEPARTURE,2023-10-16 20:34:27
HUB-001,PKG-01744,ARRIVAL,2023-10-07 22:12:04
HUB-005,PKG-00840,ARRIVAL,2023-10-15 21:38:52
HUB-012,PKG-01584,DEPARTURE,2023-10-11 19:20:13
HUB-001,PKG-00032,ARRIVAL,2023-10-28 09:30:07
HUB-004,PKG-01146,ARRIVAL,2023-10-17 17:06:02
HUB-006,PKG-01830,DEPARTURE,2023-10-23 22:04:04
HUB-001,PKG-02388,DEPARTURE,2023-10-06 18:59:11
HUB-006,PKG-01877,ARRIVAL,2023-10-16 19:02:14
HUB-005,PKG-01838,ARRIVAL,2023-10-23 04:32:46
HUB-004,PKG-00268,DEPARTURE,2023-10-17 20:08:12
HUB-001,PKG-02206,DEPARTURE,2023-10-29 17:33:18
HUB-006,PKG-00676,DEPARTURE,2023-10-03 03:39:16
HUB-007,PKG-00908,ARRIVAL,2023-10-10 23:47:03
HUB-012,PKG-01531,ARRIVAL,2023-10-13 11:25:21
HUB-008,PKG-00416,ARRIVAL,2023-10-02 13:08:15
HUB-012,PKG-01600,DEPARTURE,2023-10-18 14:02:25
HUB-001,PKG-00198,ARRIVAL,2023-10-22 14:47:52
HUB-002,PKG-00542,ARRIVAL,2023-10-09 05:54:15
HUB-001,PKG-00066,ARRIVAL,2023-10-09 14:13:53
HUB-005,PKG-01684,DEPARTURE,2023-10-12 05:43:51
HUB-001,PKG-01682,ARRIVAL,2023-10-13 08:49:51
HUB-002,PKG-00496,DEPARTURE,2023-10-19 12:33:48
HUB-001,PKG-00437,DEPARTURE,2023-10-18 01:19:58
HUB-008,PKG-01068,DEPARTURE,2023-10-11 00:05:28
HUB-001,PKG-01005,ARRIVAL,2023-10-22 09:40:17
HUB-007,PKG-00490,ARRIVAL,2023-10-17 15:20:12
HUB-002,PKG-00121,DEPARTURE,2023-10-21 20:54:27
HUB-006,PKG-00983,ARRIVAL,2023-10-09 09:21:56
HUB-012,PKG-01242,ARRIVAL,2023-10-13 12:39:22
HUB-002,PKG-00540,ARRIVAL,2023-10-16 18:36:47
HUB-007,PKG-02258,DEPARTURE,2023-10-18 22:50:04
HUB-003,PKG-00739,DEPARTURE,2023-10-15 16:16:08
HUB-012,PKG-02065,DEPARTURE,2023-10-22 00:35:33
HUB-011,PKG-01455,DEPARTURE,2023-10-23 11:27:27
HUB-011,PKG-01905,ARRIVAL,2023-10-22 16:26:21
HUB-005,PKG-01629,ARRIVAL,2023-10-03 20:25:05
HUB-003,PKG-01991,DEPARTURE,2023-10-21 02:36:51
HUB-002,PKG-01932,ARRIVAL,2023-10-05 19:29:00
HUB-001,PKG-00082,DEPARTURE,2023-10-05 00:44:14
HUB-004,PKG-01048,ARRIVAL,2023-10-12 18:39:47
HUB-004,PKG-01002,ARRIVAL,2023-10-21 12:44:47
HUB-011,PKG-00304,DEPARTURE,2023-10-13 03:30:16
HUB-001,PKG-00221,DEPARTURE,2023-10-13 03:20:18
HUB-012,PKG-01894,ARRIVAL,2023-10-03 11:40:53
HUB-012,PKG-00056,DEPARTURE,2023-10-02 14:02:38
HUB-001,PKG-00679,DEPARTURE,2023-10-05 00:53:08
HUB-004,PKG-01525,ARRIVAL,2023-10-22 10:36:45
HUB-001,PKG-01941,DEPARTURE,2023-10-19 03:18:10
HUB-002,PKG-00835,ARRIVAL,2023-10-13 22:18:35
HUB-004,PKG-00121,DEPARTURE,2023-10-22 10:57:05
HUB-003,PKG-00920,ARRIVAL,2023-10-23 00:27:51
HUB-006,PKG-02153,DEPARTURE,2023-10-12 12:13:34
HUB-008,PKG-00917,DEPARTURE,2023-10-09 19:42:37
HUB-003,PKG-02288,ARRIVAL,2023-10-25 15:40:08
HUB-004,PKG-01796,DEPARTURE,2023-10-16 22:31:44
HUB-005,PKG-02316,DEPARTURE,2023-10-24 00:06:03
HUB-001,PKG-01634,DEPARTURE,2023-10-28 02:09:22
HUB-001,PKG-02395,ARRIVAL,2023-10-13 10:35:07
HUB-006,PKG-00653,ARRIVAL,2023-10-14 04:34:48
HUB-006,PKG-01587,ARRIVAL,0000-00-00 00:00:00
HUB-002,PKG-01321,ARRIVAL,2023-10-25 00:40:35
HUB-011,PKG-01798,ARRIVAL,2023-10-24 05:35:17
HUB-004,PKG-01993,ARRIVAL,2023-10-20 04:55:29
HUB-012,PKG-00476,ARRIVAL,2023-10-09 20:15:42
HUB-012,PKG-00279,ARRIVAL,2023-10-28 03:09:42
HUB-005,PKG-00248,DEPARTURE,2023-10-09 10:55:51
HUB-009,PKG-00901,ARRIVAL,2023-10-16 08:54:10
HUB-004,PKG-01447,DEPARTURE,2023-10-26 10:17:58
HUB-010,PKG-01848,DEPARTURE,2023-10-06 17:11:42
HUB-007,PKG-01184,DEPARTURE,2023-10-27 11:12:58
HUB-001,PKG-01776,ARRIVAL,2023-10-16 16:21:12
HUB-004,PKG-00798,DEPARTURE,2023-10-30 23:44:53
HUB-006,PKG-01085,ARRIVAL,2023-10-19 14:22:14
HUB-012,PKG-01679,ARRIVAL,2023-10-17 07:57:20
HUB-002,PKG-00380,ARRIVAL,2023-10-18 03:55:15
HUB-008,PKG-02250,DEPARTURE,2023-10-26 08:16:00
HUB-002,PKG-01888,ARRIVAL,2023-10-24 21:42:10
HUB-007,PKG-00223,ARRIVAL,
HUB-005,PKG-00881,DEPARTURE,2023-10-28 19:55:20
HUB-011,PKG-00022,DEPARTURE,2023-10-26 05:08:24
HUB-003,PKG-02076,ARRIVAL,2023-10-25 16:57:58
HUB-002,PKG-00613,DEPARTURE,2023-10-30 12:04:02
HUB-011,PKG-01766,DEPARTURE,2023-10-04 20:51:50
HUB-002,PKG-00412,SORTING,2023-10-02 15:35:54
HUB-009,PKG-01282,ARRIVAL,2023-10-04 00:03:12
HUB-008,PKG-00324,ARRIVAL,2023-10-18 11:56:00
HUB-003,PKG-02135,ARRIVAL,2023-10-15 04:54:01
HUB-006,PKG-00807,DEPARTURE,2023-10-12 02:10:36
HUB-011,PKG-02024,ARRIVAL,2023-10-16 14:54:06
HUB-007,PKG-01106,DEPARTURE,2023-10-15 04:54:32
HUB-003,PKG-00313,DEPARTURE,2023-10-05 11:37:37
HUB-002,PKG-00886,DEPARTURE,2023-10-16 23:30:36
HUB-002,PKG-00379,DEPARTURE,2023-10-25 19:45:44
HUB-004,PKG-01961,ARRIVAL,2023-10-29 15:51:52
HUB-008,PKG-02250,ARRIVAL,2023-10-26 05:37:02
HUB-002,PKG-01711,DEPARTURE,2023-10-25 17:45:55
HUB-012,PKG-02108,DEPARTURE,2023-10-24 10:34:41
HUB-012,PKG-00472,DEPARTURE,2023-10-04 11:02:16
HUB-006,PKG-00902,DEPARTURE,2023-10-11 14:09:05
HUB-004,PKG-01146,SORTING,2023-10-17 18:46:45
HUB-001,PKG-00845,ARRIVAL,2023-10-11 05:39:54
HUB-001,PKG-01394,SORTING,2023-10-22 16:13:02
HUB-008,PKG-01534,DEPARTURE,2023-10-23 17:07:53
HUB-012,PKG-00677,DEPARTURE,2023-10-29 08:06:47
HUB-007,PKG-02026,DEPARTURE,2023-10-06 00:01:55
HUB-005,PKG-00338,ARRIVAL,2023-10-27 03:21:46
HUB-005,PKG-00756,DEPARTURE,2023-10-04 20:27:01
HUB-005,PKG-01174,DEPARTURE,2023-10-21 16:52:03
HUB-004,PKG-00721,DEPARTURE,2023-10-27 17:50:37
HUB-004,PKG-00875,DEPARTURE,2023-10-04 12:34:36
HUB-008,PKG-01913,DEPARTURE,2023-10-24 02:52:24
HUB-005,PKG-00175,DEPARTURE,2023-10-09 10:15:25
HUB-003,PKG-02230,DEPARTURE,2023-10-29 06:34:01
HUB-009,PKG-00542,DEPARTURE,2023-10-08 22:11:38
HUB-007,PKG-01593,ARRIVAL,2023-10-05 16:12:16
HUB-001,PKG-02349,ARRIVAL,2023-10-19 22:38:46
HUB-008,PKG-00786,DEPARTURE,2023-10-20 09:38:00
HUB-006,PKG-00364,DEPARTURE,2023-10-05 07:33:15
HUB-003,PKG-00052,ARRIVAL,2023-10-16 18:54:25
HUB-003,PKG-02043,ARRIVAL,2023-10-29 22:46:20
HUB-004,PKG-01912,ARRIVAL,2023-10-09 08:28:44
HUB-002,PKG-01601,DEPARTURE,2023-10-30 13:31:52
HUB-005,PKG-02034,ARRIVAL,2023-10-21 14:34:18
HUB-002,PKG-01596,ARRIVAL,2023-10-07 18:20:13
HUB-002,PKG-00556,DEPARTURE,2023-10-06 21:07:02
HUB-006,PKG-00354,ARRIVAL,2023-10-06 18:56:09
HUB-004,PKG-01549,ARRIVAL,2023-10-13 15:15:15
HUB-001,PKG-01305,DEPARTURE,2023-10-04 21:52:26
HUB-007,PKG-01497,ARRIVAL,2023-10-05 13:50:08
HUB-007,PKG-00301,DEPARTURE,2023-10-27 10:12:53
HUB-001,PKG-01455,DEPARTURE,2023-10-22 14:46:16
HUB-007,PKG-01414,DEPARTURE,2023-10-08 07:54:19
HUB-003,PKG-02384,DEPARTURE,2023-10-18 15:42:45
HUB-005,PKG-01547,DEPARTURE,2023-10-27 01:37:22
HUB-004,PKG-00294,ARRIVAL,2023-10-19 17:43:31
HUB-012,PKG-02253,ARRIVAL,2023-10-25 12:33:25
HUB-002,PKG-01108,ARRIVAL,2023-10-08 15:37:41
HUB-010,PKG-02281,DEPARTURE,2023-10-12 11:32:36
HUB-002,PKG-00282,DEPARTURE,2023-10-25 22:37:03
HUB-001,PKG-00666,ARRIVAL,2023-11-01 03:08:15
HUB-009,PKG-00934,DEPARTURE,N/A
HUB-002,PKG-00535,ARRIVAL,2023-10-28 13:37:00
HUB-002,PKG-01812,ARRIVAL,2023-10-06 14:04:52
HUB-002,PKG-00031,DEPARTURE,2023-10-05 22:54:38
HUB-003,PKG-01306,DEPARTURE,2023-10-07 00:42:31
HUB-005,PKG-00383,DEPARTURE,2023-10-20 08:08:12
HUB-002,PKG-01756,ARRIVAL,2023-10-05 17:48:24
HUB-008,PKG-02061,DEPARTURE,2023-10-01 23:42:31
HUB-006,PKG-02179,DEPARTURE,2023-10-12 00:07:06
HUB-010,PKG-00873,DEPARTURE,2023-10-31 04:48:30
HUB-003,PKG-01020,DEPARTURE,2023-10-05 05:38:37
HUB-008,PKG-02182,ARRIVAL,2023-10-17 04:13:52
HUB-007,PKG-00974,ARRIVAL,2023-10-17 11:23:52
HUB-006,PKG-01727,ARRIVAL,2023-10-16 23:33:10
HUB-005,PKG-00063,DEPARTURE,2023-10-07 15:44:21
HUB-010,PKG-01433,DEPARTURE,2023-10-22 23:40:48
HUB-004,PKG-01733,DEPARTURE,2023-10-31 07:25:00
HUB-005,PKG-01400,ARRIVAL,2023-10-24 15:20:03
HUB-001,PKG-01961,ARRIVAL,2023-10-28 12:18:37
HUB-005,PKG-00097,DEPARTURE,2023-10-28 09:47:26
HUB-002,PKG-01641,ARRIVAL,2023-10-27 21:34:19
HUB-003,PKG-01239,ARRIVAL,2023-10-22 15:00:38
HUB-008,PKG-02139,SORTING,2023-10-23 08:46:43
HUB-002,PKG-01086,DEPARTURE,2023-10-09 15:50:12
HUB-001,PKG-01246,DEPARTURE,2023-10-10 10:52:14
HUB-004,PKG-01022,DEPARTURE,2023-10-25 16:10:34
HUB-008,PKG-01749,ARRIVAL,2023-10-24 04:05:59
HUB-011,PKG-00999,ARRIVAL,2023-10-18 20:05:30
HUB-001,PKG-00898,DEPARTURE,2023-10-18 13:03:36
HUB-011,PKG-01406,ARRIVAL,2023-10-05 17:55:42
HUB-002,PKG-01564,DEPARTURE,2023-10-25 18:10:32
HUB-006,PKG-01684,ARRIVAL,2023-10-12 11:04:41
HUB-002,PKG-00574,DEPARTURE,2023-10-18 21:09:34
HUB-003,PKG-01448,DEPARTURE,2023-10-13 04:22:13
HUB-008,PKG-00287,ARRIVAL,2023-10-04 07:48:02
HUB-008,PKG-00109,ARRIVAL,2023-10-08 12:09:24
HUB-009,PKG-00328,DEPARTURE,2023-10-23 04:01:55
HUB-002,PKG-01352,DEPARTURE,2023-10-22 17:16:54
HUB-001,PKG-01484,ARRIVAL,2023-10-17 16:08:32
HUB-003,PKG-01448,ARRIVAL,2023-10-12 11:41:29
HUB-012,PKG-00056,SORTING,2023-10-02 12:01:25
HUB-007,PKG-00994,DEPARTURE,2023-10-20 04:57:20
HUB-004,PKG-01397,ARRIVAL,2023-10-25 05:56:36
HUB-008,PKG-02373,ARRIVAL,2023-10-28 23:37:44
HUB-006,PKG-00682,DEPARTURE,2023-10-09 21:12:19
HUB-007,PKG-00451,DEPARTURE,2023-10-07 21:29:10
HUB-001,PKG-00965,DEPARTURE,2023-10-19 16:52:01
HUB-011,PKG-00360,ARRIVAL,2023-10-06 06:50:43
HUB-002,PKG-00637,ARRIVAL,2023-10-31 08:30:23
HUB-002,PKG-02382,ARRIVAL,2023-10-10 06:44:05
HUB-001,PKG-02049,ARRIVAL,2023-10-15 00:51:14
HUB-001,PKG-01779,DEPARTURE,2023-10-27 07:52:11
HUB-006,PKG-01589,ARRIVAL,2023-10-09 11:14:19
HUB-005,PKG-00881,ARRIVAL,2023-10-28 13:28:50
HUB-003,PKG-00990,DEPARTURE,2023-10-24 13:23:39
HUB-012,PKG-00171,ARRIVAL,2023-10-24 23:53:37
HUB-007,PKG-00860,ARRIVAL,2023-10-31 10:23:35
HUB-004,PKG-02134,ARRIVAL,2023-10-15 12:03:41
HUB-006,PKG-01341,ARRIVAL,2023-10-23 18:11:35
HUB-005,PKG-01908,ARRIVAL,2023-10-18 12:41:19
HUB-002,PKG-02306,SORTING,2023-10-01 11:19:19
HUB-003,PKG-01130,DEPARTURE,2023-10-08 20:47:45
HUB-001,PKG-01419,DEPARTURE,2023-10-09 21:08:42
HUB-004,PKG-02222,ARRIVAL,2023-10-27 04:14:18
HUB-003,PKG-00423,ARRIVAL,2023-10-13 10:11:52
HUB-001,PKG-00433,ARRIVAL,2023-10-25 11:40:11
HUB-002,PKG-01147,ARRIVAL,2023-10-13 18:10:09
HUB-006,PKG-01535,DEPARTURE,2023-10-19 21:38:24
HUB-010,PKG-00644,ARRIVAL,2023-10-26 10:56:33
HUB-002,PKG-00117,DEPARTURE,2023-10-05 05:42:18
HUB-006,PKG-01753,ARRIVAL,31/10/2023 25:61:00
HUB-006,PKG-00771,ARRIVAL,2023-10-18 07:39:51
HUB-001,PKG-00876,ARRIVAL,2023-10-12 09:20:26
HUB-006,PKG-02325,DEPARTURE,2023-10-26 22:23:05
HUB-004,PKG-00889,DEPARTURE,2023-10-16 07:58:16
HUB-011,PKG-01412,ARRIVAL,2023-10-29 20:03:19
HUB-004,PKG-00941,ARRIVAL,2023-10-11 12:07:08
HUB-004,PKG-01846,ARRIVAL,2023-10-06 22:41:58
HUB-005,PKG-01889,ARRIVAL,2023-10-08 17:46:13
HUB-007,PKG-01811,DEPARTURE,2023-10-23 17:30:22
HUB-010,PKG-01227,DEPARTURE,2023-10-14 16:33:05
HUB-004,PKG-02022,ARRIVAL,2023-10-22 18:54:17
HUB-006,PKG-00184,DEPARTURE,2023-10-20 20:30:48
HUB-005,PKG-00941,ARRIVAL,2023-10-11 23:04:15
HUB-002,PKG-00842,DEPARTURE,2023-10-21 20:13:58
HUB-001,PKG-01193,DEPARTURE,2023-10-07 13:24:40
HUB-007,PKG-01391,ARRIVAL,2023-10-22 00:59:34
HUB-011,PKG-01883,ARRIVAL,2023-10-26 02:41:13
HUB-009,PKG-00367,ARRIVAL,2023-10-27 02:13:31
HUB-001,PKG-02335,DEPARTURE,2023-10-03 15:37:09
HUB-009,PKG-01373,DEPARTURE,2023-10-26 01:15:18
HUB-005,PKG-01521,ARRIVAL,2023-10-05 13:59:22
HUB-003,PKG-01223,ARRIVAL,2023-10-04 09:52:44
HUB-008,PKG-00368,ARRIVAL,2023-10-06 12:46:10
HUB-012,PKG-00090,ARRIVAL,2023-10-30 23:13:42
HUB-006,PKG-02327,ARRIVAL,2023-10-22 12:58:11
HUB-005,PKG-00929,ARRIVAL,2023-10-11 13:08:52
HUB-002,PKG-01852,DEPARTURE,2023-10-05 23:01:44
HUB-004,PKG-00152,DEPARTURE,2023-10-30 18:12:05
HUB-005,PKG-01862,DEPARTURE,2023-10-23 05:46:14
HUB-005,PKG-02378,ARRIVAL,2023-10-01 06:56:01
HUB-005,PKG-00374,ARRIVAL,2023-10-24 21:35:28
HUB-008,PKG-01292,ARRIVAL,2023-10-18 06:20:16
HUB-007,PKG-01403,DEPARTURE,2023-10-22 22:52:59
HUB-002,PKG-02381,ARRIVAL,2023-10-07 22:16:10
HUB-007,PKG-02270,ARRIVAL,2023-10-03 09:10:08
HUB-009,PKG-01090,DEPARTURE,2023-10-04 20:53:15
HUB-009,PKG-01046,DEPARTURE,2023-10-28 21:49:19
HUB-001,PKG-01076,ARRIVAL,
HUB-007,PKG-00027,DEPARTURE,2023-10-22 08:51:17
HUB-006,PKG-01018,SORTING,2023-10-27 19:23:49
HUB-005,PKG-01916,ARRIVAL,2023-10-10 18:48:33
HUB-006,PKG-02242,DEPARTURE,2023-10-24 06:13:06
HUB-007,PKG-01911,DEPARTURE,2023-10-06 06:57:40
HUB-006,PKG-01997,DEPARTURE,2023-10-02 04:52:44
HUB-004,PKG-00687,DEPARTURE,2023-10-09 10:15:25
HUB-005,PKG-02064,ARRIVAL,2023-10-04 09:06:08
HUB-009,PKG-01786,ARRIVAL,2023-10-24 02:16:17
HUB-003,PKG-00216,DEPARTURE,2023-10-30 18:12:12
HUB-006,PKG-00114,ARRIVAL,2023-10-13 04:31:27
HUB-006,PKG-01085,DEPARTURE,2023-10-19 19:55:12
HUB-007,PKG-00494,DEPARTURE,2023-10-02 08:07:39
HUB-008,PKG-01104,DEPARTURE,invalid_ts
HUB-009,PKG-00420,DEPARTURE,2023-10-21 06:10:01
HUB-005,PKG-02013,DEPARTURE,2023-10-27 14:31:41
HUB-007,PKG-00590,DEPARTURE,2023-10-27 11:44:38
HUB-008,PKG-00020,DEPARTURE,2023-10-22 19:07:15
HUB-006,PKG-01951,ARRIVAL,2023-10-15 16:10:28
HUB-005,PKG-00025,ARRIVAL,2023-10-12 13:41:02
HUB-001,PKG-00801,DEPARTURE,2023-10-27 19:49:36
HUB-002,PKG-00787,DEPARTURE,2023-10-27 01:01:24
HUB-004,PKG-02379,DEPARTURE,2023-10-25 10:56:51
HUB-007,PKG-02085,DEPARTURE,2023-10-28 19:56:07
HUB-006,PKG-00026,ARRIVAL,2023-10-24 14:45:07
HUB-004,PKG-01333,DEPARTURE,2023-10-26 19:57:20
HUB-001,PKG-01354,DEPARTURE,2023-10-03 14:56:24
HUB-001,PKG-01028,SORTING,2023-10-13 01:20:55
HUB-008,PKG-00278,ARRIVAL,2023-10-06 15:50:16
HUB-011,PKG-00810,DEPARTURE,2023-10-02 23:41:38
HUB-001,PKG-00492,ARRIVAL,2023-10-07 09:45:11
HUB-006,PKG-00837,ARRIVAL,2023-10-18 17:50:31
HUB-005,PKG-01920,DEPARTURE,2023-10-12 05:52:01
HUB-009,PKG-01237,DEPARTURE,2023-10-09 00:50:11
HUB-007,PKG-01452,DEPARTURE,2023-10-16 09:54:16
HUB-003,PKG-02081,ARRIVAL,2023-10-25 11:02:06
HUB-002,PKG-01948,DEPARTURE,2023-10-07 15:18:46
HUB-002,PKG-00929,DEPARTURE,2023-10-12 22:02:38
HUB-012,PKG-02153,DEPARTURE,2023-10-12 00:31:41
HUB-007,PKG-01692,DEPARTURE,2023-10-23 22:21:52
HUB-005,PKG-02298,ARRIVAL,2023-10-02 11:11:53
HUB-005,PKG-00856,DEPARTURE,2023-10-25 23:45:08
HUB-008,PKG-00286,DEPARTURE,2023-10-14 23:52:01
HUB-004,PKG-00966,ARRIVAL,2023-10-20 20:42:51
HUB-011,PKG-01987,ARRIVAL,2023-10-12 23:48:24
HUB-001,PKG-01324,ARRIVAL,2023-10-27 09:44:47
HUB-009,PKG-00328,ARRIVAL,2023-10-22 20:50:52
HUB-006,PKG-00895,ARRIVAL,2023-10-16 13:01:08
HUB-006,PKG-00842,ARRIVAL,2023-10-21 22:41:22
HUB-002,PKG-01671,ARRIVAL,2023-10-11 15:35:53
HUB-003,PKG-02111,DEPARTURE,2023-10-14 07:45:32
HUB-004,PKG-01931,DEPARTURE,2023-10-27 09:41:49
HUB-003,PKG-00349,DEPARTURE,2023-10-29 18:43:04
HUB-010,PKG-00994,ARRIVAL,2023-10-19 14:04:13
HUB-002,PKG-00558,DEPARTURE,2023-10-16 17:07:12
HUB-003,PKG-00976,DEPARTURE,2023-10-23 15:33:33
HUB-001,PKG-00631,DEPARTURE,2023-10-26 12:59:58
HUB-003,PKG-02255,ARRIVAL,2023-10-06 11:59:49
HUB-005,PKG-02026,ARRIVAL,2023-10-04 23:09:52
HUB-009,PKG-01270,DEPARTURE,2023-10-14 21:28:13
HUB-008,PKG-01132,SORTING,2023-10-02 14:59:12
HUB-009,PKG-02210,DEPARTURE,2023-10-08 17:10:50
HUB-003,PKG-01595,DEPARTURE,2023-10-10 07:25:51
HUB-008,PKG-01914,DEPARTURE,2023-10-22 06:50:26
HUB-009,PKG-00456,DEPARTURE,2023-10-19 16:48:48
HUB-003,PKG-01004,DEPARTURE,2023-10-06 06:08:53
HUB-002,PKG-00766,ARRIVAL,2023-10-30 18:22:37
HUB-012,PKG-00108,DEPARTURE,2023-10-02 21:25:58
HUB-001,PKG-01805,ARRIVAL,2023-10-08 04:34:17
HUB-005,PKG-00710,ARRIVAL,2023-10-05 17:39:57
HUB-007,PKG-01570,DEPARTURE,2023-10-17 12:07:26
HUB-011,PKG-01251,ARRIVAL,2023-10-26 18:50:36
HUB-008,PKG-01033,SORTING,2023-10-30 20:28:08
HUB-010,PKG-01138,DEPARTURE,2023-10-21 14:54:55
HUB-002,PKG-02154,ARRIVAL,2023-10-29 12:58:03
HUB-007,PKG-00304,DEPARTURE,2023-10-12 06:19:21
HUB-002,PKG-00833,DEPARTURE,2023-10-18 07:26:05
HUB-002,PKG-00229,ARRIVAL,2023-10-17 12:16:56
HUB-007,PKG-00988,DEPARTURE,2023-10-11 02:59:33
HUB-004,PKG-01092,DEPARTURE,2023-10-25 22:04:02
HUB-003,PKG-00238,ARRIVAL,2023-10-07 16:44:13
HUB-001,PKG-00164,DEPARTURE,2023-10-17 03:03:14
HUB-004,PKG-01710,DEPARTURE,2023-10-11 19:49:47
HUB-003,PKG-01545,ARRIVAL,2023-10-26 08:25:50
HUB-005,PKG-01716,ARRIVAL,2023-10-01 09:06:00
HUB-005,PKG-02141,DEPARTURE,2023-10-08 20:13:41
HUB-005,PKG-00440,ARRIVAL,2023-10-14 05:53:39
HUB-007,PKG-01062,DEPARTURE,2023-10-06 06:38:27
HUB-005,PKG-01971,ARRIVAL,2023-10-11 12:45:40
HUB-003,PKG-01026,DEPARTURE,2023-10-06 21:54:09
HUB-010,PKG-00167,ARRIVAL,2023-10-18 01:38:54
HUB-003,PKG-01545,DEPARTURE,2023-10-26 13:03:52
HUB-003,PKG-02070,ARRIVAL,2023-10-18 10:53:40
HUB-003,PKG-00372,DEPARTURE,2023-10-03 15:53:12
HUB-001,PKG-02301,ARRIVAL,2023-10-12 10:19:03
HUB-003,PKG-01012,ARRIVAL,2023-10-19 18:44:48
HUB-003,PKG-01514,ARRIVAL,2023-10-29 16:43:01
HUB-003,PKG-00087,ARRIVAL,2023-10-10 13:44:45
HUB-001,PKG-00473,SORTING,2023-10-25 03:10:24
HUB-006,PKG-01855,DEPARTURE,2023-10-17 15:48:42
HUB-001,PKG-00113,DEPARTURE,2023-10-07 16:29:12
HUB-003,PKG-01986,DEPARTURE,2023-10-21 13:02:27
HUB-012,PKG-00523,ARRIVAL,2023-10-19 12:32:34
HUB-007,PKG-00586,ARRIVAL,2023-10-01 11:09:21
HUB-002,PKG-01583,ARRIVAL,2023-10-29 14:06:27
HUB-011,PKG-00868,ARRIVAL,2023-10-13 11:01:44
HUB-005,PKG-01502,DEPARTURE,2023-10-07 12:42:25
HUB-009,PKG-02074,DEPARTURE,2023-10-04 03:59:42
HUB-002,PKG-00947,DEPARTURE,2023-10-26 02:46:28
HUB-007,PKG-00223,DEPARTURE,2023-10-14 01:49:56
HUB-012,PKG-01611,DEPARTURE,2023-10-27 16:19:39
HUB-006,PKG-00841,ARRIVAL,2023-10-20 02:57:24
HUB-010,PKG-00961,ARRIVAL,2023-10-26 07:09:22
HUB-003,PKG-02253,ARRIVAL,2023-10-24 14:34:06
HUB-001,PKG-00480,DEPARTURE,2023-10-17 20:28:24
HUB-002,PKG-00741,DEPARTURE,2023-10-24 12:46:30
HUB-002,PKG-02336,DEPARTURE,2023-10-14 22:23:51
HUB-004,PKG-01378,DEPARTURE,2023-10-26 18:36:04
HUB-004,PKG-00382,ARRIVAL,2023-10-24 10:39:50
HUB-004,PKG-01037,ARRIVAL,2023-10-23 13:02:55
HUB-008,PKG-01054,DEPARTURE,2023-10-03 15:00:38
HUB-001,PKG-01324,DEPARTURE,2023-10-27 16:40:16
HUB-006,PKG-01670,DEPARTURE,2023-10-15 06:56:32
HUB-012,PKG-00149,DEPARTURE,2023-10-30 08:21:27
HUB-003,PKG-00593,ARRIVAL,2023-10-21 03:58:27
HUB-003,PKG-01271,ARRIVAL,2023-10-05 07:12:22
HUB-004,PKG-01241,DEPARTURE,2023-10-09 09:43:39
HUB-010,PKG-01994,ARRIVAL,2023-10-04 18:15:00
HUB-005,PKG-00261,ARRIVAL,2023-10-10 03:13:20
HUB-002,PKG-00305,ARRIVAL,2023-10-25 16:54:38
HUB-011,PKG-00400,ARRIVAL,2023-10-28 10:23:25
HUB-002,PKG-00470,DEPARTURE,2023-10-04 06:20:27
HUB-005,PKG-00955,DEPARTURE,2023-10-20 06:19:56
HUB-006,PKG-01484,DEPARTURE,2023-10-18 07:38:45
HUB-011,PKG-00896,DEPARTURE,2023-10-12 16:29:24
HUB-002,PKG-00201,ARRIVAL,2023-10-13 15:39:16
HUB-005,PKG-01573,ARRIVAL,2023-10-22 09:21:12
HUB-008,PKG-01685,ARRIVAL,2023-10-17 08:39:31
HUB-006,PKG-01454,SORTING,2023-10-12 21:50:40
HUB-001,PKG-00197,ARRIVAL,2023-10-18 04:59:06
HUB-002,PKG-01641,SORTING,2023-10-28 04:01:21
HUB-009,PKG-01034,DEPARTURE,2023-10-23 19:29:04
HUB-001,PKG-00889,DEPARTURE,2023-10-16 21:23:38
HUB-001,PKG-00335,ARRIVAL,2023-10-14 13:40:14
HUB-003,PKG-01166,ARRIVAL,2023-10-29 14:00:06
HUB-002,PKG-01137,ARRIVAL,2023-10-28 16:15:28
HUB-002,PKG-01649,ARRIVAL,2023-10-17 15:20:42
HUB-001,PKG-01459,DEPARTURE,2023-10-09 13:19:35
HUB-011,PKG-01459,ARRIVAL,2023-10-09 21:51:44
HUB-002,PKG-02385,ARRIVAL,2023-10-27 11:51:22
HUB-003,PKG-00906,ARRIVAL,2023-10-16 08:28:00
HUB-012,PKG-00317,DEPARTURE,2023-10-29 08:26:40
HUB-003,PKG-01872,ARRIVAL,2023-10-17 17:01:50
HUB-002,PKG-01641,DEPARTURE,2023-10-28 10:28:23
HUB-011,PKG-01723,DEPARTURE,2023-10-11 06:05:40
HUB-001,PKG-02171,DEPARTURE,2023-10-22 17:40:07
HUB-002,PKG-02035,DEPARTURE,2023-10-16 17:12:58
HUB-007,PKG-01945,DEPARTURE,2023-10-18 16:14:37
HUB-005,PKG-00471,ARRIVAL,2023-10-22 11:41:33
HUB-006,PKG-01669,DEPARTURE,2023-10-29 15:30:18
HUB-005,PKG-01423,ARRIVAL,2023-10-29 13:53:08
HUB-005,PKG-02057,DEPARTURE,2023-10-05 20:02:11
HUB-001,PKG-01347,ARRIVAL,2023-10-24 16:45:39
HUB-001,PKG-00850,ARRIVAL,2023-10-14 22:05:52
HUB-002,PKG-01935,ARRIVAL,2023-10-08 16:44:29
HUB-001,PKG-00439,ARRIVAL,2023-10-10 12:19:53
HUB-007,PKG-00455,ARRIVAL,2023-10-11 03:01:44
HUB-001,PKG-00010,ARRIVAL,2023-10-15 10:22:11
HUB-001,PKG-02387,DEPARTURE,2023-10-28 16:57:46
HUB-004,PKG-01447,ARRIVAL,2023-10-26 05:17:53
HUB-001,PKG-01098,ARRIVAL,2023-10-30 00:56:38
HUB-003,PKG-00359,DEPARTURE,2023-10-28 22:13:00
HUB-002,PKG-02149,ARRIVAL,2023-10-16 20:12:39
HUB-012,PKG-00641,DEPARTURE,2023-10-24 17:16:52
HUB-003,PKG-00529,DEPARTURE,2023-10-11 21:25:36
HUB-005,PKG-01126,DEPARTURE,2023-10-08 17:27:27
HUB-001,PKG-01776,DEPARTURE,2023-10-16 23:36:18
HUB-002,PKG-02204,ARRIVAL,2023-10-15 10:43:42
HUB-001,PKG-02085,ARRIVAL,2023-10-28 02:46:10
HUB-003,PKG-01606,ARRIVAL,2023-10-29 08:47:11
HUB-009,PKG-01258,DEPARTURE,2023-10-27 20:16:50
HUB-003,PKG-00486,DEPARTURE,2023-10-19 19:19:38
HUB-002,PKG-02351,SORTING,2023-10-13 17:03:30
HUB-001,PKG-00855,DEPARTURE,2023-10-30 02:14:53
HUB-002,PKG-01672,ARRIVAL,2023-10-19 06:04:39
HUB-001,PKG-01687,DEPARTURE,2023-10-29 09:39:21
HUB-002,PKG-00622,DEPARTURE,2023-10-05 19:54:20
HUB-005,PKG-00564,DEPARTURE,2023-10-09 22:05:14
HUB-008,PKG-01033,ARRIVAL,2023-10-30 17:53:08
HUB-006,PKG-00602,ARRIVAL,2023-10-27 15:20:28
HUB-009,PKG-01076,SORTING,2023-10-14 15:28:49
HUB-011,PKG-02125,ARRIVAL,2023-10-11 04:44:01
HUB-002,PKG-01578,ARRIVAL,2023-10-03 09:59:12
HUB-002,PKG-00877,ARRIVAL,2023-10-14 00:04:48
HUB-006,PKG-00380,ARRIVAL,2023-10-17 13:07:09
HUB-010,PKG-01364,DEPARTURE,2023-10-19 05:41:00
HUB-012,PKG-01826,ARRIVAL,2023-10-10 05:41:24
HUB-002,PKG-00510,ARRIVAL,2023-10-06 22:01:36
HUB-001,PKG-00317,DEPARTURE,2023-10-28 23:17:23
HUB-011,PKG-01644,ARRIVAL,2023-10-26 20:49:44
HUB-004,PKG-00853,ARRIVAL,2023-10-02 10:03:09
HUB-004,PKG-01806,ARRIVAL,2023-10-17 17:18:43
HUB-002,PKG-00369,ARRIVAL,2023-10-08 20:41:39
HUB-007,PKG-00550,DEPARTURE,2023-10-03 11:14:20
HUB-009,PKG-00047,DEPARTURE,2023-10-17 15:31:07
HUB-005,PKG-00445,ARRIVAL,2023-10-07 12:54:56
HUB-005,PKG-01955,ARRIVAL,2023-10-22 19:12:00
HUB-012,PKG-00711,DEPARTURE,2023-10-13 04:59:14
HUB-004,PKG-01380,DEPARTURE,2023-10-25 05:01:09
HUB-005,PKG-00136,ARRIVAL,2023-10-21 05:53:44
HUB-003,PKG-01081,DEPARTURE,2023-10-14 22:03:09
HUB-004,PKG-00119,ARRIVAL,2023-10-03 11:27:27
HUB-003,PKG-00521,DEPARTURE,2023-10-18 18:29:42
HUB-010,PKG-01415,DEPARTURE,2023-10-14 16:29:46
HUB-012,PKG-00624,DEPARTURE,2023-10-17 09:05:57
HUB-008,PKG-00217,ARRIVAL,2023-10-14 11:33:42
HUB-008,PKG-01872,DEPARTURE,2023-10-17 10:00:30
HUB-001,PKG-02386,DEPARTURE,2023-10-17 12:21:26
HUB-001,PKG-01073,DEPARTURE,2023-10-03 19:29:56
HUB-005,PKG-00492,DEPARTURE,2023-10-09 02:03:41
HUB-010,PKG-02024,ARRIVAL,2023-10-18 06:52:58
HUB-001,PKG-00433,DEPARTURE,2023-10-25 14:54:24
HUB-003,PKG-01411,DEPARTURE,2023-10-07 21:26:15
HUB-002,PKG-02094,ARRIVAL,2023-10-02 11:17:18
HUB-012,PKG-02194,DEPARTURE,2023-10-09 05:39:20
HUB-001,PKG-01028,DEPARTURE,2023-10-13 04:18:44
HUB-007,PKG-00483,ARRIVAL,2023-10-04 22:17:15
HUB-002,PKG-02096,DEPARTURE,2023-10-07 05:11:02
HUB-012,PKG-00933,DEPARTURE,2023-10-04 10:38:16
HUB-001,PKG-01057,ARRIVAL,2023-10-18 11:06:12
HUB-010,PKG-00041,DEPARTURE,2023-10-17 00:56:08
HUB-003,PKG-00808,DEPARTURE,2023-10-06 02:03:27
HUB-003,PKG-00319,ARRIVAL,2023-10-29 07:07:31
HUB-007,PKG-00757,ARRIVAL,2023-10-17 02:33:10
HUB-009,PKG-01423,DEPARTURE,2023-10-29 06:30:49
HUB-002,PKG-00812,DEPARTURE,2023-10-27 06:24:19
HUB-003,PKG-00589,DEPARTURE,2023-10-02 04:59:59
HUB-002,PKG-01346,ARRIVAL,2023-10-09 16:40:40
HUB-003,PKG-00686,DEPARTURE,2023-10-19 23:33:33
HUB-005,PKG-02368,ARRIVAL,2023-10-11 09:53:37
HUB-004,PKG-00973,DEPARTURE,2023-10-14 09:09:18
HUB-009,PKG-00387,ARRIVAL,2023-10-24 11:27:55
HUB-008,PKG-01462,ARRIVAL,2023-10-12 10:39:48
HUB-008,PKG-02204,ARRIVAL,2023-10-15 00:58:01
HUB-002,PKG-02177,ARRIVAL,2023-10-19 12:49:54
HUB-006,PKG-02194,ARRIVAL,2023-10-08 11:53:44
HUB-011,PKG-00231,ARRIVAL,2023-10-30 02:07:40
HUB-003,PKG-01948,ARRIVAL,2023-10-08 15:23:17
HUB-003,PKG-01153,DEPARTURE,2023-10-13 22:01:16
HUB-004,PKG-00294,DEPARTURE,2023-10-19 23:20:58
HUB-001,PKG-02205,ARRIVAL,2023-10-28 23:02:52
HUB-005,PKG-01270,ARRIVAL,2023-10-13 08:40:29
HUB-001,PKG-00932,ARRIVAL,N/A
HUB-011,PKG-00405,ARRIVAL,2023-10-28 01:59:53
HUB-008,PKG-00307,ARRIVAL,2023-10-02 04:55:17
HUB-007,PKG-00292,ARRIVAL,2023-10-23 10:49:37
HUB-005,PKG-01536,ARRIVAL,2023-10-12 20:57:22
HUB-002,PKG-00540,DEPARTURE,2023-10-17 00:50:22
HUB-003,PKG-01699,ARRIVAL,2023-10-23 18:15:23
HUB-011,PKG-01876,DEPARTURE,2023-10-11 09:18:24
HUB-002,PKG-01301,ARRIVAL,2023-10-17 04:47:05
HUB-009,PKG-00243,ARRIVAL,2023-10-22 16:02:29
HUB-004,PKG-00989,DEPARTURE,2023-10-26 04:59:33
HUB-001,PKG-01006,SORTING,2023-10-19 03:05:56
HUB-005,PKG-00767,ARRIVAL,2023-10-29 01:25:30
HUB-009,PKG-00250,ARRIVAL,2023-10-28 04:01:15
HUB-002,PKG-02343,ARRIVAL,N/A
HUB-012,PKG-00260,ARRIVAL,2023-10-07 10:39:25
HUB-006,PKG-01190,DEPARTURE,2023-10-18 20:05:46
HUB-007,PKG-00621,ARRIVAL,2023-10-29 09:44:52
HUB-004,PKG-00411,DEPARTURE,2023-10-24 05:19:29
HUB-003,PKG-01442,ARRIVAL,2023-10-08 01:06:46
HUB-006,PKG-01670,ARRIVAL,2023-10-15 01:15:03
HUB-007,PKG-01390,ARRIVAL,2023-10-04 21:42:58
HUB-005,PKG-02389,DEPARTURE,2023-10-23 19:30:36
HUB-006,PKG-01928,DEPARTURE,2023-10-14 23:35:30
HUB-010,PKG-00131,ARRIVAL,2023-10-25 16:27:17
HUB-010,PKG-02398,DEPARTURE,2023-10-14 11:47:41
HUB-005,PKG-01647,DEPARTURE,2023-10-26 11:05:17
HUB-001,PKG-00408,ARRIVAL,2023-13-45 99:00:00
HUB-007,PKG-00952,DEPARTURE,2023-10-11 17:42:50
HUB-005,PKG-01547,ARRIVAL,2023-10-26 21:34:13
HUB-012,PKG-00762,DEPARTURE,2023-10-29 12:12:28
HUB-001,PKG-00466,ARRIVAL,2023-10-05 12:52:47
HUB-007,PKG-00497,ARRIVAL,2023-10-28 00:36:04
HUB-006,PKG-02319,DEPARTURE,2023-10-01 18:48:19
HUB-009,PKG-01848,ARRIVAL,2023-10-07 03:26:25
HUB-011,PKG-00609,ARRIVAL,2023-10-07 11:10:37
HUB-007,PKG-02316,ARRIVAL,2023-10-24 09:00:09
HUB-003,PKG-00318,DEPARTURE,2023-10-29 07:08:43
HUB-001,PKG-00883,ARRIVAL,2023-10-05 08:43:36
HUB-005,PKG-00085,ARRIVAL,2023-10-20 21:47:46
HUB-005,PKG-00637,ARRIVAL,2023-10-30 21:36:12
HUB-003,PKG-01762,ARRIVAL,2023-10-08 11:03:01
HUB-007,PKG-00435,ARRIVAL,2023-13-45 99:00:00
HUB-007,PKG-00147,DEPARTURE,2023-10-22 12:53:00
HUB-006,PKG-01157,DEPARTURE,2023-10-24 15:37:11
HUB-007,PKG-01945,ARRIVAL,2023-10-18 22:40:26
HUB-002,PKG-01567,SORTING,2023-10-30 14:06:08
HUB-007,PKG-00599,ARRIVAL,2023-10-25 04:47:38
HUB-003,PKG-01365,DEPARTURE,2023-10-28 23:45:12
HUB-001,PKG-01241,ARRIVAL,2023-10-08 15:35:38
HUB-005,PKG-01886,DEPARTURE,2023-10-06 00:40:26
HUB-001,PKG-01571,DEPARTURE,2023-10-02 07:01:30
HUB-010,PKG-01960,ARRIVAL,2023-10-01 12:16:39
HUB-002,PKG-01057,ARRIVAL,2023-10-18 18:37:26
HUB-001,PKG-00480,ARRIVAL,2023-10-17 14:04:15
HUB-004,PKG-01026,ARRIVAL,2023-10-06 05:39:36
HUB-004,PKG-00378,ARRIVAL,2023-10-27 08:27:16
HUB-004,PKG-02214,DEPARTURE,2023-10-17 14:44:13
HUB-003,PKG-01118,ARRIVAL,2023-10-24 20:24:50
HUB-006,PKG-01719,DEPARTURE,2023-10-29 13:54:07
HUB-001,PKG-00542,DEPARTURE,2023-10-10 02:48:08
HUB-004,PKG-00203,DEPARTURE,2023-10-20 20:19:15
HUB-003,PKG-01851,ARRIVAL,2023-10-22 12:54:10
HUB-004,PKG-00053,ARRIVAL,2023-10-11 10:09:43
HUB-001,PKG-02113,DEPARTURE,2023-10-10 05:49:25
HUB-001,PKG-01703,DEPARTURE,2023-10-17 14:08:20
HUB-006,PKG-02273,DEPARTURE,2023-10-25 18:34:35
HUB-002,PKG-01704,ARRIVAL,2023-10-12 03:43:28
HUB-004,PKG-01334,DEPARTURE,2023-10-07 15:04:03
HUB-004,PKG-02241,ARRIVAL,2023-10-22 21:49:43
HUB-010,PKG-01379,ARRIVAL,2023-10-16 01:59:12
HUB-003,PKG-01994,ARRIVAL,2023-10-04 06:40:10
HUB-003,PKG-01454,DEPARTURE,2023-10-12 08:12:22
HUB-005,PKG-02237,ARRIVAL,2023-10-18 03:42:30
HUB-011,PKG-01724,DEPARTURE,2023-10-13 03:10:59
HUB-011,PKG-00113,ARRIVAL,2023-10-08 16:11:32
HUB-002,PKG-02381,DEPARTURE,2023-10-08 04:34:17
HUB-010,PKG-00799,ARRIVAL,2023-10-03 00:52:48
HUB-004,PKG-00561,ARRIVAL,2023-10-08 13:17:08
HUB-009,PKG-00387,DEPARTURE,2023-10-24 22:26:11
HUB-001,PKG-00702,ARRIVAL,2023-10-09 19:51:12
HUB-009,PKG-01190,DEPARTURE,2023-10-19 04:17:04
HUB-005,PKG-01514,DEPARTURE,2023-10-30 23:04:00
HUB-008,PKG-00765,ARRIVAL,2023-10-13 15:56:38
HUB-001,PKG-00824,DEPARTURE,2023-10-13 14:36:01
HUB-009,PKG-00340,ARRIVAL,2023-10-26 03:19:04
HUB-001,PKG-00062,ARRIVAL,2023-10-04 22:23:29
HUB-009,PKG-02367,DEPARTURE,2023-10-10 19:42:22
HUB-001,PKG-01588,DEPARTURE,2023-10-09 13:41:07
HUB-001,PKG-01439,DEPARTURE,2023-10-26 04:32:14
HUB-006,PKG-01291,DEPARTURE,2023-10-02 21:11:14
HUB-005,PKG-01591,DEPARTURE,2023-10-22 15:45:15
HUB-006,PKG-01775,ARRIVAL,2023-10-20 13:50:11
HUB-001,PKG-00137,DEPARTURE,2023-10-31 05:51:00
HUB-012,PKG-01652,DEPARTURE,2023-10-10 18:40:21
HUB-001,PKG-01899,ARRIVAL,2023-02-30 10:00:00
HUB-005,PKG-00329,ARRIVAL,2023-10-15 08:46:26
HUB-001,PKG-00476,DEPARTURE,2023-10-09 14:25:21
HUB-006,PKG-02052,DEPARTURE,2023-10-01 16:08:15
HUB-005,PKG-01521,DEPARTURE,2023-10-06 04:23:44
HUB-003,PKG-00359,ARRIVAL,2023-10-28 15:44:26
HUB-004,PKG-01634,DEPARTURE,2023-10-27 10:49:55
HUB-005,PKG-01569,ARRIVAL,2023-10-22 11:01:15
HUB-006,PKG-00380,DEPARTURE,2023-10-17 17:45:08
HUB-005,PKG-01427,DEPARTURE,2023-10-06 09:56:17
HUB-007,PKG-01362,DEPARTURE,2023-10-29 06:59:45
HUB-001,PKG-00462,ARRIVAL,2023-10-10 18:19:05
HUB-006,PKG-00900,DEPARTURE,2023-10-25 01:20:05
HUB-007,PKG-01125,ARRIVAL,2023-10-21 21:34:31
HUB-002,PKG-02103,DEPARTURE,2023-10-14 23:17:13
HUB-003,PKG-00660,ARRIVAL,2023-10-13 17:54:05
HUB-005,PKG-02036,ARRIVAL,2023-10-27 20:35:25
HUB-002,PKG-00305,DEPARTURE,2023-10-26 00:58:11
HUB-001,PKG-02117,ARRIVAL,2023-10-20 20:07:41
HUB-011,PKG-02393,ARRIVAL,2023-10-21 18:19:39
HUB-009,PKG-00757,ARRIVAL,2023-10-16 14:17:25
HUB-012,PKG-00476,DEPARTURE,2023-10-10 00:34:03
HUB-008,PKG-01952,DEPARTURE,2023-10-15 19:13:34
HUB-010,PKG-00666,DEPARTURE,2023-10-31 08:12:41
HUB-002,PKG-00265,DEPARTURE,2023-10-03 02:46:51
HUB-002,PKG-01050,DEPARTURE,2023-10-03 17:45:03
HUB-012,PKG-00306,DEPARTURE,2023-10-08 17:57:50
HUB-002,PKG-01323,ARRIVAL,2023-10-09 09:56:24
HUB-007,PKG-01062,ARRIVAL,2023-10-05 22:18:36
HUB-011,PKG-02091,ARRIVAL,2023-10-05 00:56:07
HUB-004,PKG-01338,DEPARTURE,2023-10-19 13:53:28
HUB-002,PKG-01116,DEPARTURE,2023-10-12 06:04:31
HUB-012,PKG-00708,ARRIVAL,2023-10-04 14:15:19
HUB-002,PKG-01256,ARRIVAL,2023-10-03 03:23:13
HUB-004,PKG-02370,DEPARTURE,2023-10-03 10:57:55
HUB-003,PKG-00995,DEPARTURE,2023-10-22 04:53:29
HUB-004,PKG-01770,DEPARTURE,2023-10-05 21:01:28
HUB-005,PKG-00176,ARRIVAL,2023-10-25 03:22:05
HUB-004,PKG-02040,DEPARTURE,2023-10-10 01:22:31
HUB-008,PKG-02273,ARRIVAL,2023-10-26 05:10:41
HUB-003,PKG-01851,DEPARTURE,2023-10-23 08:22:28
HUB-002,PKG-01384,ARRIVAL,2023-10-15 01:35:03
HUB-005,PKG-01483,DEPARTURE,2023-10-13 21:21:24
HUB-003,PKG-00310,DEPARTURE,2023-10-26 15:20:59
HUB-007,PKG-01200,DEPARTURE,2023-10-15 09:13:26
HUB-001,PKG-00489,ARRIVAL,2023-10-19 08:08:53
HUB-011,PKG-02251,DEPARTURE,2023-10-29 21:38:12
HUB-010,PKG-02144,DEPARTURE,2023-10-12 05:20:09
HUB-006,PKG-01338,ARRIVAL,2023-10-18 14:33:29
HUB-005,PKG-00770,ARRIVAL,2023-10-03 13:53:46
HUB-007,PKG-01593,DEPARTURE,2023-10-06 01:12:12
HUB-005,PKG-01036,ARRIVAL,2023-10-23 19:01:21
HUB-003,PKG-01655,DEPARTURE,2023-10-28 01:55:16
HUB-006,PKG-02041,DEPARTURE,2023-10-15 13:33:30
HUB-002,PKG-01738,DEPARTURE,2023-10-10 02:16:00
HUB-001,PKG-02154,DEPARTURE,2023-10-30 12:36:56
HUB-011,PKG-00133,DEPARTURE,2023-10-29 02:58:13
HUB-012,PKG-01428,DEPARTURE,2023-10-20 21:47:01
HUB-005,PKG-00615,ARRIVAL,2023-10-30 16:58:32
HUB-003,PKG-00660,DEPARTURE,2023-10-13 22:29:58
HUB-008,PKG-01096,ARRIVAL,2023-10-17 10:38:12
HUB-012,PKG-00541,DEPARTURE,2023-10-11 06:20:11
HUB-002,PKG-01678,DEPARTURE,2023-10-07 03:23:18
HUB-005,PKG-02327,DEPARTURE,2023-10-23 08:40:12
HUB-010,PKG-00158,DEPARTURE,2023-10-18 02:20:41
HUB-011,PKG-00362,ARRIVAL,2023-10-13 23:30:07
HUB-002,PKG-00950,DEPARTURE,2023-10-07 02:08:35
HUB-006,PKG-01164,ARRIVAL,2023-10-21 17:29:12
HUB-002,PKG-01016,DEPARTURE,2023-10-21 06:21:43
HUB-006,PKG-01237,ARRIVAL,2023-10-09 11:47:52
HUB-001,PKG-01467,DEPARTURE,2023-10-06 14:06:58
HUB-012,PKG-01857,ARRIVAL,2023-10-02 12:01:39
HUB-003,PKG-01066,ARRIVAL,2023-10-30 15:52:12
HUB-004,PKG-00029,DEPARTURE,2023-10-25 12:01:02
HUB-002,PKG-01761,ARRIVAL,2023-10-30 13:47:30
HUB-006,PKG-00253,ARRIVAL,2023-10-23 03:02:26
HUB-001,PKG-00154,DEPARTURE,2023-10-11 14:24:27
HUB-007,PKG-01392,DEPARTURE,2023-10-01 16:56:08
HUB-004,PKG-00475,DEPARTURE,2023-10-11 23:45:50
HUB-005,PKG-01590,ARRIVAL,2023-10-06 08:39:38
HUB-006,PKG-00233,DEPARTURE,2023-10-03 17:03:13
HUB-006,PKG-01580,DEPARTURE,2023-10-03 16:26:05
HUB-008,PKG-00114,ARRIVAL,2023-10-12 14:10:41
HUB-007,PKG-02201,DEPARTURE,2023-10-05 22:08:45
HUB-004,PKG-00485,DEPARTURE,2023-10-06 20:47:16
HUB-003,PKG-01673,DEPARTURE,2023-10-17 02:17:40
HUB-003,PKG-02156,ARRIVAL,2023-10-05 02:28:30
HUB-005,PKG-00025,DEPARTURE,2023-10-12 18:16:43
HUB-008,PKG-02182,DEPARTURE,2023-10-17 06:54:21
HUB-008,PKG-01911,DEPARTURE,2023-10-05 15:38:23
HUB-004,PKG-01961,DEPARTURE,2023-10-29 19:51:30
HUB-011,PKG-01748,ARRIVAL,2023-10-20 08:30:12
HUB-006,PKG-02245,DEPARTURE,2023-10-12 17:38:38
HUB-001,PKG-00473,ARRIVAL,2023-10-25 02:02:03
HUB-002,PKG-02009,ARRIVAL,2023-10-25 00:30:48
HUB-003,PKG-00626,DEPARTURE,2023-10-19 19:14:05
HUB-005,PKG-01020,DEPARTURE,2023-10-06 12:18:14
HUB-001,PKG-01119,DEPARTURE,2023-10-21 16:09:27
HUB-004,PKG-00844,DEPARTURE,2023-10-21 23:22:40
HUB-005,PKG-01440,DEPARTURE,2023-10-20 21:31:23
HUB-001,PKG-01878,ARRIVAL,2023-10-03 22:21:34
HUB-003,PKG-01218,ARRIVAL,2023-10-12 11:22:35
HUB-006,PKG-01229,ARRIVAL,2023-10-09 01:07:42
HUB-001,PKG-01633,ARRIVAL,2023-10-21 11:35:06
HUB-008,PKG-01454,ARRIVAL,2023-10-11 14:56:53
HUB-005,PKG-01202,ARRIVAL,2023-10-09 19:29:51
HUB-007,PKG-00584,ARRIVAL,2023-10-03 04:18:11
HUB-007,PKG-01618,DEPARTURE,2023-10-22 01:02:34
HUB-010,PKG-00471,ARRIVAL,2023-10-23 15:16:06
HUB-001,PKG-00618,DEPARTURE,2023-10-04 09:42:35
HUB-003,PKG-00024,DEPARTURE,2023-10-11 20:34:03
HUB-006,PKG-00494,ARRIVAL,2023-10-01 08:18:17
HUB-010,PKG-01574,ARRIVAL,2023-10-25 03:28:22
HUB-006,PKG-00771,DEPARTURE,2023-10-18 14:58:54
HUB-006,PKG-01518,DEPARTURE,2023-10-31 18:53:04
HUB-005,PKG-01457,ARRIVAL,2023-10-03 07:33:19
HUB-006,PKG-02238,ARRIVAL,2023-10-12 22:41:36
HUB-010,PKG-00799,SORTING,2023-10-03 05:27:11
HUB-006,PKG-02391,ARRIVAL,2023-10-14 07:13:17
HUB-011,PKG-02131,ARRIVAL,2023-10-22 15:19:36
HUB-005,PKG-01600,ARRIVAL,2023-10-17 05:14:40
HUB-008,PKG-02007,DEPARTURE,2023-10-26 03:14:31
HUB-001,PKG-02241,ARRIVAL,2023-10-22 10:32:41
HUB-004,PKG-00427,ARRIVAL,2023-10-10 07:27:02
HUB-011,PKG-00903,ARRIVAL,2023-10-20 00:16:37
HUB-002,PKG-01943,ARRIVAL,2023-10-10 06:11:05
HUB-003,PKG-01384,ARRIVAL,2023-10-14 08:31:46
HUB-007,PKG-01276,ARRIVAL,2023-10-28 17:12:31
HUB-007,PKG-01017,ARRIVAL,2023-10-08 13:49:48
HUB-005,PKG-02318,DEPARTURE,2023-10-06 16:32:33
HUB-007,PKG-01927,DEPARTURE,2023-10-15 22:38:53
HUB-012,PKG-00595,DEPARTURE,2023-10-17 14:45:57
HUB-007,PKG-00497,DEPARTURE,0000-00-00 00:00:00
HUB-006,PKG-02314,ARRIVAL,2023-10-27 16:01:12
HUB-006,PKG-00160,DEPARTURE,2023-10-21 18:24:49
HUB-010,PKG-00638,ARRIVAL,2023-10-21 20:37:59
HUB-005,PKG-01104,DEPARTURE,2023-10-24 21:11:23
HUB-004,PKG-01154,ARRIVAL,2023-10-14 11:13:56
HUB-001,PKG-00299,ARRIVAL,2023-10-08 14:31:35
HUB-005,PKG-01265,DEPARTURE,2023-10-30 11:20:56
HUB-001,PKG-00650,ARRIVAL,2023-10-27 06:19:07
HUB-008,PKG-00242,ARRIVAL,2023-10-11 06:33:06
HUB-005,PKG-00388,ARRIVAL,2023-10-05 00:24:06
HUB-008,PKG-00671,ARRIVAL,2023-10-05 09:05:17
HUB-007,PKG-01613,ARRIVAL,2023-10-07 13:03:12
HUB-009,PKG-00340,DEPARTURE,2023-10-26 10:43:16
HUB-004,PKG-00084,DEPARTURE,2023-10-22 04:02:21
HUB-003,PKG-01213,DEPARTURE,2023-10-12 04:03:19
HUB-006,PKG-00179,ARRIVAL,2023-10-22 16:50:07
HUB-002,PKG-00751,ARRIVAL,2023-10-04 08:47:15
HUB-010,PKG-00488,ARRIVAL,2023-10-12 04:09:52
HUB-001,PKG-00293,SORTING,2023-10-07 12:51:01
HUB-009,PKG-00559,ARRIVAL,2023-10-26 07:44:33
HUB-001,PKG-01120,ARRIVAL,2023-10-02 10:33:52
HUB-003,PKG-02111,ARRIVAL,2023-10-14 01:44:43
HUB-011,PKG-00810,ARRIVAL,2023-10-02 17:23:55
HUB-002,PKG-01586,DEPARTURE,2023-10-08 01:51:43
HUB-005,PKG-01276,ARRIVAL,2023-10-27 18:06:52
HUB-002,PKG-01812,DEPARTURE,2023-10-06 21:42:48
HUB-001,PKG-00030,DEPARTURE,2023-10-03 19:29:08
HUB-008,PKG-00573,DEPARTURE,
HUB-012,PKG-02303,DEPARTURE,2023-10-28 19:04:06
HUB-003,PKG-01212,ARRIVAL,2023-10-05 16:20:29
HUB-003,PKG-00310,ARRIVAL,2023-10-26 10:21:34
HUB-003,PKG-00398,DEPARTURE,2023-10-07 06:16:39
HUB-004,PKG-01730,DEPARTURE,2023-10-14 16:02:28
HUB-005,PKG-01608,ARRIVAL,2023-10-25 09:05:21
HUB-009,PKG-00745,DEPARTURE,2023-10-25 19:40:58
HUB-001,PKG-01735,DEPARTURE,2023-10-03 13:13:43
HUB-005,PKG-01154,SORTING,2023-10-15 05:21:54
HUB-001,PKG-00184,DEPARTURE,2023-10-21 07:08:42
HUB-008,PKG-02198,ARRIVAL,2023-10-23 20:18:24
HUB-004,PKG-01894,ARRIVAL,2023-10-03 21:15:05
HUB-002,PKG-01069,ARRIVAL,2023-10-26 04:23:05
HUB-012,PKG-00423,ARRIVAL,2023-10-14 03:40:06
HUB-002,PKG-01556,ARRIVAL,2023-10-13 10:06:21
HUB-002,PKG-00677,ARRIVAL,2023-10-28 11:26:00
HUB-011,PKG-02362,DEPARTURE,2023-10-23 10:52:34
HUB-001,PKG-01577,DEPARTURE,2023-10-22 19:56:37
HUB-001,PKG-01939,ARRIVAL,2023-10-20 14:05:50
HUB-007,PKG-01705,DEPARTURE,2023-10-07 16:59:43
HUB-003,PKG-00546,DEPARTURE,2023-10-23 13:18:40
HUB-012,PKG-00336,ARRIVAL,2023-10-30 13:35:28
HUB-003,PKG-02389,DEPARTURE,2023-10-22 06:42:45
HUB-003,PKG-02070,DEPARTURE,2023-10-18 17:58:42
HUB-001,PKG-00818,ARRIVAL,2023-10-20 22:52:40
HUB-012,PKG-01183,ARRIVAL,2023-10-26 21:50:37
HUB-005,PKG-00283,DEPARTURE,2023-10-16 15:25:00
HUB-012,PKG-01712,ARRIVAL,2023-10-18 01:15:00
HUB-012,PKG-01432,DEPARTURE,2023-10-10 12:41:59
HUB-001,PKG-01952,DEPARTURE,2023-10-16 16:23:27
HUB-007,PKG-00436,ARRIVAL,2023-10-27 10:54:08
HUB-008,PKG-00695,ARRIVAL,2023-10-25 06:11:40
HUB-009,PKG-01008,ARRIVAL,2023-10-20 07:50:41
HUB-006,PKG-02301,ARRIVAL,2023-10-11 20:50:34
HUB-004,PKG-02346,DEPARTURE,2023-10-11 10:26:44
HUB-006,PKG-00782,DEPARTURE,2023-10-29 00:43:19
HUB-011,PKG-00801,ARRIVAL,2023-10-28 13:06:25
HUB-003,PKG-00209,ARRIVAL,2023-10-08 04:39:51
HUB-004,PKG-00376,DEPARTURE,2023-10-09 19:16:30
HUB-001,PKG-00437,ARRIVAL,2023-10-17 12:12:10
HUB-008,PKG-00935,DEPARTURE,2023-10-27 21:50:19
HUB-005,PKG-02029,ARRIVAL,2023-10-23 17:18:09
HUB-008,PKG-01390,DEPARTURE,2023-10-04 11:16:29
HUB-006,PKG-01492,DEPARTURE,2023-10-06 01:12:32
HUB-004,PKG-00516,ARRIVAL,2023-10-16 11:35:43
HUB-001,PKG-00959,ARRIVAL,2023-10-03 04:44:01
HUB-004,PKG-00241,DEPARTURE,2023-10-30 15:59:38
HUB-011,PKG-01865,DEPARTURE,2023-10-05 21:58:10
HUB-008,PKG-01745,SORTING,2023-10-20 01:24:59
HUB-008,PKG-02078,ARRIVAL,2023-10-09 17:09:02
HUB-008,PKG-00220,DEPARTURE,2023-10-30 15:31:20
HUB-002,PKG-00135,DEPARTURE,2023-10-20 02:25:59
HUB-008,PKG-00915,ARRIVAL,2023-10-29 17:11:20
HUB-001,PKG-00166,DEPARTURE,2023-10-25 03:28:31
HUB-002,PKG-02264,SORTING,2023-10-30 17:45:46
HUB-004,PKG-00979,DEPARTURE,2023-10-06 23:57:25
HUB-009,PKG-00014,DEPARTURE,2023-10-21 02:07:52
HUB-003,PKG-02158,DEPARTURE,2023-10-10 22:43:31
HUB-005,PKG-01734,DEPARTURE,2023-10-07 02:26:53
HUB-003,PKG-01598,DEPARTURE,2023-10-09 06:10:33
HUB-012,PKG-01097,ARRIVAL,2023-10-13 00:22:52
HUB-008,PKG-01859,ARRIVAL,2023-10-19 00:30:37
HUB-002,PKG-00988,ARRIVAL,2023-10-10 09:51:42
HUB-005,PKG-00091,ARRIVAL,2023-10-26 02:14:29
HUB-005,PKG-01806,ARRIVAL,2023-10-16 07:15:19
HUB-010,PKG-00249,ARRIVAL,2023-10-31 01:12:43
HUB-012,PKG-00099,ARRIVAL,2023-10-19 11:52:42
HUB-004,PKG-01349,DEPARTURE,2023-10-21 12:20:40
HUB-002,PKG-01973,DEPARTURE,2023-10-08 16:03:41
HUB-004,PKG-01707,DEPARTURE,2023-10-23 09:09:50
HUB-004,PKG-00546,ARRIVAL,2023-10-22 15:53:20
HUB-005,PKG-00219,DEPARTURE,2023-10-23 17:59:18
HUB-005,PKG-01284,ARRIVAL,2023-10-02 12:17:39
HUB-002,PKG-00805,DEPARTURE,2023-10-24 22:56:31
HUB-005,PKG-00406,DEPARTURE,2023-10-08 16:16:16
HUB-004,PKG-02000,DEPARTURE,2023-10-06 22:37:44
HUB-012,PKG-00167,DEPARTURE,2023-10-17 21:25:16
HUB-012,PKG-01544,SORTING,2023-10-15 11:54:01
HUB-009,PKG-00863,ARRIVAL,2023-10-06 03:15:28
HUB-001,PKG-00599,DEPARTURE,2023-10-24 14:29:49
HUB-012,PKG-00397,ARRIVAL,2023-10-18 17:04:21
HUB-012,PKG-00457,ARRIVAL,2023-10-16 12:52:22
HUB-011,PKG-01606,DEPARTURE,2023-10-28 21:21:17
HUB-002,PKG-00805,ARRIVAL,2023-10-24 15:34:59
HUB-003,PKG-01283,DEPARTURE,2023-10-10 04:44:18
HUB-009,PKG-00980,ARRIVAL,2023-10-18 06:09:26
HUB-012,PKG-00325,ARRIVAL,2023-10-29 10:19:46
HUB-006,PKG-01924,ARRIVAL,2023-10-27 07:35:00
HUB-004,PKG-01400,DEPARTURE,2023-10-25 23:15:21
HUB-003,PKG-02131,ARRIVAL,2023-10-23 05:38:52
HUB-011,PKG-01177,DEPARTURE,2023-10-28 00:05:32
HUB-002,PKG-00409,DEPARTURE,2023-10-17 06:01:17
HUB-006,PKG-02350,DEPARTURE,2023-10-19 11:03:09
HUB-007,PKG-00042,DEPARTURE,2023-10-21 22:43:37
HUB-002,PKG-01151,DEPARTURE,2023-10-27 20:35:11
HUB-002,PKG-02103,ARRIVAL,2023-10-14 20:23:03
HUB-008,PKG-01772,ARRIVAL,2023-10-04 01:18:31
HUB-008,PKG-02124,ARRIVAL,2023-10-15 13:16:57
HUB-011,PKG-00133,ARRIVAL,2023-10-28 20:45:47
HUB-003,PKG-00740,ARRIVAL,2023-10-08 19:46:06
HUB-004,PKG-01193,ARRIVAL,2023-10-08 04:49:03
HUB-005,PKG-00875,DEPARTURE,2023-10-05 10:46:49
HUB-006,PKG-00728,DEPARTURE,2023-10-23 08:46:41
HUB-006,PKG-00765,ARRIVAL,2023-10-14 01:12:59
HUB-002,PKG-02038,ARRIVAL,2023-10-01 02:38:43
HUB-006,PKG-01148,ARRIVAL,2023-10-18 05:18:07
HUB-001,PKG-02115,DEPARTURE,2023-10-26 08:42:00
HUB-002,PKG-01325,DEPARTURE,2023-10-30 15:31:19
HUB-003,PKG-01983,DEPARTURE,2023-10-30 16:23:50
HUB-001,PKG-01686,DEPARTURE,2023-10-21 16:43:28
HUB-001,PKG-01541,ARRIVAL,2023-10-21 06:25:05
HUB-006,PKG-01850,DEPARTURE,2023-10-12 08:16:54
HUB-005,PKG-01673,ARRIVAL,2023-10-17 04:19:02
HUB-002,PKG-00962,ARRIVAL,2023-10-25 16:48:51
HUB-007,PKG-00511,ARRIVAL,2023-10-17 18:15:01
HUB-003,PKG-00540,DEPARTURE,2023-10-16 15:46:46
HUB-001,PKG-01233,DEPARTURE,2023-10-08 04:05:29
HUB-001,PKG-00142,ARRIVAL,2023-10-21 04:18:14
HUB-009,PKG-01321,ARRIVAL,2023-10-24 10:52:26
HUB-005,PKG-00591,DEPARTURE,2023-10-06 19:10:00
HUB-005,PKG-02026,DEPARTURE,2023-10-05 15:12:45
HUB-001,PKG-01568,ARRIVAL,2023-10-02 06:42:27
HUB-008,PKG-02329,ARRIVAL,2023-10-01 15:36:15
HUB-010,PKG-01160,DEPARTURE,2023-10-21 03:56:27
HUB-007,PKG-00786,ARRIVAL,2023-10-19 17:37:27
HUB-001,PKG-01375,ARRIVAL,2023-10-26 07:45:42
HUB-006,PKG-02297,ARRIVAL,2023-10-13 23:52:10
HUB-011,PKG-01649,DEPARTURE,2023-10-18 10:07:31
HUB-006,PKG-00934,DEPARTURE,2023-10-22 04:58:59
HUB-001,PKG-01648,DEPARTURE,2023-10-28 00:32:28
HUB-006,PKG-00744,DEPARTURE,2023-10-06 08:58:16
HUB-002,PKG-02295,ARRIVAL,2023-10-18 02:20:18
HUB-001,PKG-01929,ARRIVAL,2023-10-26 12:36:56
HUB-005,PKG-01548,ARRIVAL,2023-10-14 12:46:59
HUB-010,PKG-00784,DEPARTURE,2023-10-16 02:33:30
HUB-006,PKG-00257,ARRIVAL,2023-10-13 06:15:46
HUB-002,PKG-01086,ARRIVAL,2023-10-09 12:05:29
HUB-001,PKG-02135,ARRIVAL,2023-10-14 16:11:07
HUB-004,PKG-01975,SORTING,2023-10-09 06:23:04
HUB-007,PKG-00735,ARRIVAL,2023-10-11 23:00:56
HUB-002,PKG-01585,DEPARTURE,2023-10-18 16:26:55
HUB-007,PKG-00467,ARRIVAL,2023-10-15 01:48:32
HUB-004,PKG-00036,DEPARTURE,2023-10-10 04:03:42
HUB-001,PKG-00584,DEPARTURE,2023-10-02 21:25:04
HUB-012,PKG-00126,ARRIVAL,2023-10-17 14:36:00
HUB-001,PKG-02252,ARRIVAL,2023-10-12 12:58:35
HUB-001,PKG-02236,ARRIVAL,2023-10-15 20:59:22
HUB-001,PKG-02398,ARRIVAL,2023-10-13 16:39:34
HUB-001,PKG-01726,ARRIVAL,2023-10-06 09:44:09
HUB-009,PKG-00914,ARRIVAL,2023-10-24 19:11:24
HUB-006,PKG-02148,DEPARTURE,2023-10-19 21:18:41
HUB-006,PKG-02080,DEPARTURE,2023-10-03 16:25:35
HUB-008,PKG-01724,DEPARTURE,2023-10-13 18:04:37
HUB-007,PKG-00750,DEPARTURE,N/A
HUB-010,PKG-00666,ARRIVAL,2023-10-29 08:21:09
HUB-003,PKG-01411,ARRIVAL,2023-10-07 15:47:33
HUB-006,PKG-01778,DEPARTURE,2023-10-06 16:03:02
HUB-012,PKG-01090,ARRIVAL,2023-10-05 12:58:43
HUB-007,PKG-00246,DEPARTURE,2023-10-18 13:25:33
HUB-002,PKG-01264,DEPARTURE,2023-10-08 00:56:32
HUB-011,PKG-00655,DEPARTURE,2023-10-21 10:21:20
HUB-001,PKG-00472,DEPARTURE,2023-10-03 08:42:56
HUB-011,PKG-01463,ARRIVAL,2023-10-16 10:16:38
HUB-005,PKG-00741,ARRIVAL,2023-10-24 16:12:49
HUB-005,PKG-00479,SORTING,2023-10-18 14:42:46
HUB-003,PKG-02253,DEPARTURE,2023-10-24 18:25:35
HUB-008,PKG-00220,ARRIVAL,2023-10-30 12:17:37
HUB-001,PKG-02282,DEPARTURE,2023-10-27 05:03:03
HUB-002,PKG-02290,DEPARTURE,2023-10-08 01:34:30
HUB-004,PKG-00564,ARRIVAL,2023-10-09 05:52:45
HUB-007,PKG-01643,DEPARTURE,2023-10-11 16:23:22
HUB-007,PKG-01790,ARRIVAL,2023-10-17 20:56:59
HUB-005,PKG-01864,ARRIVAL,2023-10-26 04:10:55
HUB-008,PKG-00360,ARRIVAL,2023-10-05 20:21:36
HUB-003,PKG-00434,DEPARTURE,2023-10-14 13:46:10
HUB-004,PKG-01149,ARRIVAL,2023-10-07 05:26:16
HUB-009,PKG-01828,ARRIVAL,2023-10-14 12:16:23
HUB-004,PKG-00119,SORTING,2023-10-03 12:58:29
HUB-005,PKG-01026,DEPARTURE,2023-10-06 01:19:34
HUB-001,PKG-00806,ARRIVAL,2023-10-12 07:58:14
HUB-005,PKG-00182,DEPARTURE,2023-10-13 21:57:03
HUB-007,PKG-01393,ARRIVAL,2023-10-01 13:27:27
HUB-009,PKG-02261,DEPARTURE,2023-10-22 20:33:14
HUB-005,PKG-01838,SORTING,2023-10-23 18:55:27
HUB-009,PKG-00950,ARRIVAL,2023-10-06 09:47:26
HUB-006,PKG-00052,DEPARTURE,2023-10-17 14:40:20
HUB-006,PKG-02143,ARRIVAL,2023-10-12 09:11:10
HUB-001,PKG-01576,DEPARTURE,2023-10-06 17:44:53
HUB-005,PKG-02269,DEPARTURE,2023-10-30 03:05:47
HUB-001,PKG-01175,ARRIVAL,2023-10-27 09:20:00
HUB-001,PKG-02014,ARRIVAL,2023-10-19 03:05:53
HUB-006,PKG-00461,DEPARTURE,2023-10-13 06:44:40
HUB-006,PKG-01846,ARRIVAL,2023-10-06 12:45:58
HUB-003,PKG-01506,ARRIVAL,2023-10-05 05:50:13
HUB-007,PKG-01392,ARRIVAL,2023-10-01 10:15:10
HUB-012,PKG-01909,ARRIVAL,2023-10-31 21:35:08
HUB-012,PKG-02019,ARRIVAL,2023-10-03 12:23:10
HUB-004,PKG-02029,DEPARTURE,2023-10-22 17:56:50
HUB-002,PKG-00463,DEPARTURE,2023-10-31 13:00:05
HUB-006,PKG-00134,DEPARTURE,2023-10-02 17:34:38
HUB-006,PKG-00163,ARRIVAL,2023-10-05 18:21:44
HUB-003,PKG-01639,DEPARTURE,2023-10-20 21:44:38
HUB-011,PKG-01939,DEPARTURE,2023-10-21 07:31:10
HUB-005,PKG-01442,ARRIVAL,2023-10-07 04:51:00
HUB-001,PKG-02003,ARRIVAL,2023-10-08 17:44:04
HUB-004,PKG-00414,DEPARTURE,2023-10-02 19:05:45
HUB-004,PKG-01458,ARRIVAL,2023-10-25 10:43:48
HUB-004,PKG-00498,DEPARTURE,2023-10-04 21:40:52
HUB-002,PKG-00252,ARRIVAL,2023-10-18 02:13:09
HUB-004,PKG-01622,ARRIVAL,2023-10-10 20:35:53
HUB-010,PKG-02362,DEPARTURE,2023-10-22 15:41:07
HUB-011,PKG-01130,ARRIVAL,2023-10-09 02:59:03
HUB-004,PKG-01757,ARRIVAL,2023-10-21 07:14:23
HUB-011,PKG-01676,DEPARTURE,2023-10-25 05:20:20
HUB-003,PKG-01582,ARRIVAL,2023-10-20 08:55:45
HUB-007,PKG-00839,DEPARTURE,2023-10-27 03:17:24
HUB-006,PKG-02112,DEPARTURE,2023-10-17 21:15:42
HUB-008,PKG-00718,ARRIVAL,2023-10-16 20:56:44
HUB-011,PKG-01703,ARRIVAL,2023-10-18 05:38:58
HUB-008,PKG-01977,ARRIVAL,2023-10-25 13:04:03
HUB-008,PKG-01208,DEPARTURE,2023-10-08 10:54:49
HUB-011,PKG-02204,DEPARTURE,2023-10-14 21:43:13
HUB-012,PKG-01133,ARRIVAL,2023-10-11 12:22:42
HUB-007,PKG-00049,ARRIVAL,2023-10-20 18:42:36
HUB-001,PKG-01843,DEPARTURE,2023-10-31 05:41:45
HUB-004,PKG-01037,DEPARTURE,2023-10-23 17:25:45
HUB-004,PKG-00605,ARRIVAL,2023-10-05 08:23:51
HUB-012,PKG-00112,DEPARTURE,2023-10-06 09:10:15
HUB-004,PKG-02388,ARRIVAL,2023-10-06 10:53:10
HUB-005,PKG-00555,ARRIVAL,2023-10-22 14:25:18
HUB-004,PKG-02254,DEPARTURE,2023-10-03 09:19:52
HUB-005,PKG-01872,DEPARTURE,2023-10-17 00:37:38
HUB-004,PKG-00192,DEPARTURE,2023-10-05 14:15:00
HUB-012,PKG-00724,ARRIVAL,2023-10-19 09:25:29
HUB-009,PKG-02016,DEPARTURE,2023-10-27 12:32:34
HUB-002,PKG-00648,ARRIVAL,2023-10-02 03:08:37
HUB-008,PKG-01096,DEPARTURE,2023-10-17 15:27:32
HUB-004,PKG-00096,ARRIVAL,2023-10-06 11:36:56
HUB-001,PKG-00813,ARRIVAL,2023-10-30 22:21:59
HUB-008,PKG-02054,ARRIVAL,2023-10-18 16:51:20
HUB-003,PKG-02218,DEPARTURE,2023-10-26 13:24:00
HUB-003,PKG-01999,ARRIVAL,2023-10-25 17:15:21
HUB-001,PKG-00588,ARRIVAL,2023-10-30 15:30:59
HUB-001,PKG-00795,ARRIVAL,2023-10-03 12:57:36
HUB-005,PKG-00054,ARRIVAL,2023-10-25 09:52:39
HUB-003,PKG-00905,ARRIVAL,2023-10-07 06:57:04
HUB-005,PKG-02332,ARRIVAL,2023-10-17 09:41:00
HUB-008,PKG-00670,DEPARTURE,2023-10-05 03:48:48
HUB-001,PKG-00094,ARRIVAL,2023-10-05 23:39:06
HUB-004,PKG-00058,ARRIVAL,2023-10-01 18:20:10
HUB-008,PKG-01112,DEPARTURE,2023-10-28 09:28:29
HUB-002,PKG-01414,ARRIVAL,2023-10-07 08:43:53
HUB-001,PKG-00323,DEPARTURE,2023-10-28 21:36:47
HUB-002,PKG-01880,ARRIVAL,2023-10-29 21:47:35
HUB-001,PKG-00258,SORTING,2023-10-14 16:30:26
HUB-011,PKG-00704,DEPARTURE,2023-10-28 19:36:37
HUB-001,PKG-00343,ARRIVAL,2023-10-18 12:12:21
HUB-006,PKG-01206,DEPARTURE,2023-10-17 03:32:37
HUB-005,PKG-00900,ARRIVAL,2023-10-23 19:00:40
HUB-002,PKG-01036,DEPARTURE,2023-10-23 10:35:12
HUB-010,PKG-02156,ARRIVAL,2023-10-04 09:06:15
HUB-003,PKG-00213,DEPARTURE,2023-10-02 21:10:41
HUB-005,PKG-02166,DEPARTURE,2023-10-01 18:35:55
HUB-005,PKG-00840,DEPARTURE,2023-10-16 12:05:28
HUB-005,PKG-02172,ARRIVAL,2023-10-22 12:22:10
HUB-006,PKG-00455,ARRIVAL,2023-10-10 21:06:28
HUB-011,PKG-00384,ARRIVAL,2023-10-16 06:05:50
HUB-006,PKG-01370,ARRIVAL,2023-10-13 21:47:47
HUB-002,PKG-01816,DEPARTURE,2023-10-11 23:38:45
HUB-005,PKG-00746,ARRIVAL,2023-11-01 14:08:34
HUB-004,PKG-02228,ARRIVAL,2023-10-29 15:30:38
HUB-008,PKG-01140,ARRIVAL,2023-10-12 09:49:23
HUB-008,PKG-01985,DEPARTURE,2023-10-16 23:27:45
HUB-002,PKG-00105,DEPARTURE,2023-10-23 01:54:49
HUB-007,PKG-00143,DEPARTURE,2023-10-19 18:06:04
HUB-003,PKG-02147,ARRIVAL,2023-10-12 11:56:07
HUB-006,PKG-00203,DEPARTURE,2023-10-22 00:36:18
HUB-007,PKG-02356,DEPARTURE,2023-10-06 12:55:19
HUB-002,PKG-02224,ARRIVAL,2023-10-13 14:51:21
HUB-002,PKG-01352,ARRIVAL,2023-10-22 09:57:23
HUB-001,PKG-01421,DEPARTURE,2023-10-31 19:21:36
HUB-001,PKG-02310,SORTING,2023-10-30 03:42:26
HUB-004,PKG-01986,DEPARTURE,2023-10-22 00:29:24
HUB-005,PKG-01684,ARRIVAL,2023-10-11 13:35:25
HUB-003,PKG-01739,ARRIVAL,2023-10-10 08:13:39
HUB-006,PKG-01977,ARRIVAL,2023-10-25 22:05:22
HUB-012,PKG-00045,DEPARTURE,2023-10-11 14:12:23
HUB-005,PKG-01577,DEPARTURE,2023-10-22 06:23:50
HUB-008,PKG-02240,ARRIVAL,2023-10-05 11:43:24
HUB-002,PKG-01219,ARRIVAL,2023-10-30 20:20:56
HUB-001,PKG-01792,DEPARTURE,2023-10-26 16:24:56
HUB-004,PKG-02002,DEPARTURE,2023-10-19 11:53:56
HUB-002,PKG-01155,DEPARTURE,2023-10-24 00:27:23
HUB-003,PKG-01364,DEPARTURE,2023-10-18 14:39:32
HUB-002,PKG-02285,ARRIVAL,2023-10-27 19:55:40
HUB-006,PKG-01018,DEPARTURE,2023-10-27 23:44:58
HUB-005,PKG-00193,ARRIVAL,2023-10-23 08:16:30
HUB-002,PKG-02343,DEPARTURE,2023-10-27 09:28:32
HUB-003,PKG-02196,DEPARTURE,2023-10-03 09:48:32
HUB-009,PKG-02016,ARRIVAL,2023-10-27 07:49:20
HUB-001,PKG-00939,ARRIVAL,2023-10-10 09:00:19
HUB-002,PKG-01016,ARRIVAL,2023-10-20 20:21:48
HUB-006,PKG-01619,DEPARTURE,2023-10-02 07:56:01
HUB-009,PKG-02275,DEPARTURE,2023-10-13 19:38:36
HUB-004,PKG-00147,DEPARTURE,2023-10-23 01:02:46
HUB-001,PKG-00602,ARRIVAL,2023-10-28 08:11:22
HUB-004,PKG-01870,DEPARTURE,2023-10-02 23:16:34
HUB-009,PKG-01902,DEPARTURE,2023-10-24 21:07:28
HUB-003,PKG-02131,DEPARTURE,2023-10-23 13:41:34
HUB-001,PKG-01738,DEPARTURE,2023-10-09 16:26:26
HUB-011,PKG-00819,DEPARTURE,2023-10-05 17:18:04
HUB-011,PKG-00125,DEPARTURE,2023-10-22 13:12:10
HUB-003,PKG-00234,ARRIVAL,2023-10-15 17:37:57
HUB-012,PKG-02019,DEPARTURE,2023-10-03 18:12:24
HUB-012,PKG-02336,ARRIVAL,2023-10-15 09:56:56
HUB-008,PKG-01310,ARRIVAL,2023-10-05 17:11:49
HUB-003,PKG-02275,DEPARTURE,2023-10-13 09:56:47
HUB-004,PKG-02008,DEPARTURE,2023-10-08 16:44:26
HUB-002,PKG-00756,ARRIVAL,2023-10-05 02:42:34
HUB-011,PKG-00308,DEPARTURE,2023-10-16 14:03:46
HUB-004,PKG-00649,ARRIVAL,2023-10-08 18:36:50
HUB-002,PKG-00324,DEPARTURE,2023-10-18 01:59:14
HUB-006,PKG-00062,ARRIVAL,2023-10-04 15:35:43
HUB-007,PKG-02151,ARRIVAL,2023-10-09 01:29:18
HUB-006,PKG-02289,ARRIVAL,2023-10-13 05:37:44
HUB-002,PKG-00510,DEPARTURE,2023-10-07 10:39:06
HUB-004,PKG-00376,ARRIVAL,2023-10-09 15:49:58
HUB-005,PKG-01250,DEPARTURE,2023-10-22 00:24:40
HUB-008,PKG-02139,DEPARTURE,2023-10-23 10:48:47
HUB-002,PKG-01847,ARRIVAL,2023-10-28 12:52:02
HUB-005,PKG-01644,ARRIVAL,2023-10-25 17:59:06
HUB-009,PKG-01383,DEPARTURE,2023-10-02 19:57:20
HUB-001,PKG-00625,ARRIVAL,2023-10-23 11:24:47
HUB-004,PKG-01652,ARRIVAL,2023-10-09 21:54:41
HUB-003,PKG-02316,ARRIVAL,2023-10-22 20:36:45
HUB-002,PKG-01290,ARRIVAL,2023-10-20 12:40:32
HUB-004,PKG-00152,ARRIVAL,2023-10-30 11:52:26
HUB-001,PKG-02045,ARRIVAL,2023-10-23 13:58:15
HUB-004,PKG-00815,ARRIVAL,2023-10-03 15:14:45
HUB-011,PKG-00147,DEPARTURE,2023-10-21 23:23:25
HUB-005,PKG-02138,ARRIVAL,2023-10-25 12:41:38
HUB-004,PKG-00124,DEPARTURE,2023-10-27 15:02:00
HUB-004,PKG-01640,ARRIVAL,2023-10-08 16:33:05
HUB-004,PKG-00409,DEPARTURE,2023-10-16 15:34:11
HUB-008,PKG-01680,ARRIVAL,2023-10-22 16:03:52
HUB-003,PKG-02269,ARRIVAL,2023-10-31 00:53:27
HUB-003,PKG-01976,ARRIVAL,2023-10-23 13:36:15
HUB-007,PKG-01261,ARRIVAL,2023-10-30 04:34:59
HUB-001,PKG-00463,ARRIVAL,2023-10-30 11:32:23
HUB-004,PKG-00329,DEPARTURE,2023-10-16 06:50:10
HUB-007,PKG-01720,ARRIVAL,2023-10-21 09:55:23
HUB-002,PKG-01082,DEPARTURE,2023-10-24 18:38:50
HUB-008,PKG-02132,ARRIVAL,2023-10-10 13:31:38
HUB-005,PKG-01890,DEPARTURE,2023-10-16 11:58:37
HUB-003,PKG-01188,DEPARTURE,2023-10-07 23:07:30
HUB-008,PKG-00718,DEPARTURE,2023-10-17 00:34:54
HUB-005,PKG-01086,ARRIVAL,2023-10-09 18:55:00
HUB-007,PKG-01073,DEPARTURE,2023-10-04 14:46:08
HUB-005,PKG-00201,DEPARTURE,2023-10-13 11:41:37
HUB-007,PKG-01895,DEPARTURE,2023-10-18 07:30:20
HUB-002,PKG-01291,DEPARTURE,2023-10-03 13:01:54
HUB-005,PKG-00571,DEPARTURE,2023-10-13 22:11:00
HUB-012,PKG-00297,SORTING,2023-10-14 12:11:30
HUB-001,PKG-00623,ARRIVAL,2023-10-06 16:04:16
HUB-011,PKG-01533,ARRIVAL,2023-10-10 10:15:22
HUB-002,PKG-00531,DEPARTURE,2023-10-30 19:42:12
HUB-006,PKG-01865,DEPARTURE,2023-10-05 12:21:19
HUB-012,PKG-00322,ARRIVAL,2023-10-25 15:02:49
HUB-003,PKG-00536,ARRIVAL,2023-10-13 11:03:57
HUB-002,PKG-02244,DEPARTURE,2023-10-15 03:54:23
HUB-007,PKG-00664,ARRIVAL,2023-10-03 20:50:37
HUB-007,PKG-00438,DEPARTURE,2023-10-21 02:59:42
HUB-007,PKG-01414,ARRIVAL,2023-10-07 21:03:10
HUB-006,PKG-02043,ARRIVAL,2023-10-29 08:33:56
HUB-004,PKG-01891,ARRIVAL,2023-10-19 08:14:32
HUB-002,PKG-00268,ARRIVAL,2023-10-19 08:22:15
HUB-006,PKG-00573,ARRIVAL,2023-10-25 15:51:30
HUB-004,PKG-01847,ARRIVAL,2023-10-28 20:33:44
HUB-008,PKG-01653,DEPARTURE,2023-10-21 00:34:22
HUB-007,PKG-00199,ARRIVAL,2023-10-08 15:12:53
HUB-003,PKG-00075,DEPARTURE,2023-10-03 18:18:29
HUB-003,PKG-00506,ARRIVAL,2023-10-12 12:54:29
HUB-002,PKG-01601,ARRIVAL,2023-10-30 06:22:37
HUB-011,PKG-00956,DEPARTURE,2023-10-27 12:00:28
HUB-004,PKG-01946,DEPARTURE,2023-10-11 14:12:52
HUB-002,PKG-01077,ARRIVAL,2023-10-06 09:34:17
HUB-010,PKG-01748,DEPARTURE,2023-10-20 06:07:28
HUB-004,PKG-00315,ARRIVAL,2023-10-18 14:06:32
HUB-002,PKG-00489,ARRIVAL,2023-10-20 16:18:54
HUB-004,PKG-02191,DEPARTURE,2023-10-04 17:24:25
HUB-006,PKG-02325,ARRIVAL,2023-10-26 18:19:51
HUB-012,PKG-00016,DEPARTURE,2023-10-30 04:30:19
HUB-007,PKG-01979,DEPARTURE,2023-10-14 13:10:35
HUB-005,PKG-02205,ARRIVAL,2023-10-29 09:35:20
HUB-004,PKG-01294,ARRIVAL,2023-10-28 13:39:36
HUB-001,PKG-01210,DEPARTURE,2023-10-05 14:00:22
HUB-003,PKG-00087,DEPARTURE,2023-10-10 20:31:42
HUB-001,PKG-02067,DEPARTURE,2023-10-20 15:35:09
HUB-004,PKG-00094,DEPARTURE,2023-10-05 13:29:14
HUB-002,PKG-02051,ARRIVAL,2023-10-21 20:36:15
HUB-005,PKG-01400,DEPARTURE,2023-10-25 12:28:15
HUB-008,PKG-02192,ARRIVAL,2023-10-10 21:08:31
HUB-004,PKG-00452,ARRIVAL,2023-10-05 03:00:03
HUB-004,PKG-01719,ARRIVAL,2023-10-28 23:23:20
HUB-001,PKG-01903,DEPARTURE,2023-10-28 00:37:32
HUB-001,PKG-00744,DEPARTURE,2023-10-05 16:01:01
HUB-001,PKG-01253,ARRIVAL,2023-10-28 11:01:46
HUB-008,PKG-01093,ARRIVAL,2023-10-04 23:46:44
HUB-005,PKG-01690,DEPARTURE,2023-10-17 15:07:10
HUB-010,PKG-01336,ARRIVAL,2023-10-17 15:26:17
HUB-011,PKG-02074,ARRIVAL,2023-10-02 18:00:04
HUB-001,PKG-01501,ARRIVAL,2023-10-23 20:54:04
HUB-001,PKG-00350,DEPARTURE,2023-10-10 18:50:01
HUB-002,PKG-00397,ARRIVAL,2023-10-18 23:29:19
HUB-011,PKG-01251,DEPARTURE,2023-10-27 02:57:10
HUB-005,PKG-00321,ARRIVAL,2023-10-01 10:43:10
HUB-010,PKG-01415,ARRIVAL,2023-10-14 10:49:39
HUB-001,PKG-01302,ARRIVAL,2023-10-01 14:23:56
HUB-012,PKG-01791,DEPARTURE,2023-10-09 16:42:30
HUB-005,PKG-01851,ARRIVAL,2023-10-21 17:20:36
HUB-005,PKG-02327,ARRIVAL,2023-10-23 04:33:12
HUB-001,PKG-00165,DEPARTURE,2023-10-21 21:43:37
HUB-003,PKG-01391,DEPARTURE,2023-10-21 20:51:32
HUB-002,PKG-00244,DEPARTURE,2023-10-10 18:01:27
HUB-006,PKG-01094,ARRIVAL,2023-10-25 03:01:10
HUB-005,PKG-00236,DEPARTURE,2023-10-20 19:00:57
HUB-009,PKG-01161,DEPARTURE,2023-10-03 14:18:05
HUB-009,PKG-01633,DEPARTURE,2023-10-22 02:15:00
HUB-005,PKG-00193,ARRIVAL,2023-10-23 08:16:30
HUB-004,PKG-00914,DEPARTURE,2023-10-24 13:40:56
HUB-002,PKG-01778,DEPARTURE,2023-10-05 17:39:47
HUB-011,PKG-00617,DEPARTURE,2023-10-22 22:03:12
HUB-012,PKG-01584,ARRIVAL,2023-10-11 15:12:32
HUB-007,PKG-00168,DEPARTURE,2023-10-13 19:16:33
HUB-008,PKG-01823,DEPARTURE,2023-10-14 05:01:44
HUB-003,PKG-01081,ARRIVAL,2023-10-14 14:56:40
HUB-003,PKG-00607,ARRIVAL,2023-10-16 13:20:22
HUB-004,PKG-01686,ARRIVAL,2023-10-21 19:55:06
HUB-005,PKG-00644,DEPARTURE,2023-10-27 18:28:17
HUB-001,PKG-00154,ARRIVAL,2023-10-11 06:27:01
HUB-006,PKG-02081,DEPARTURE,2023-10-26 00:02:58
HUB-006,PKG-00426,DEPARTURE,2023-10-23 18:29:33
HUB-011,PKG-02324,DEPARTURE,2023-10-31 15:33:45
HUB-007,PKG-00942,ARRIVAL,2023-10-01 14:50:34
HUB-009,PKG-00503,DEPARTURE,2023-10-02 14:02:45
HUB-006,PKG-00424,ARRIVAL,2023-10-09 10:05:36
HUB-003,PKG-01217,ARRIVAL,2023-10-21 19:19:06
HUB-009,PKG-01947,ARRIVAL,2023-10-05 06:16:43
HUB-008,PKG-01689,ARRIVAL,2023-10-27 15:52:35
HUB-001,PKG-00045,ARRIVAL,2023-10-10 09:16:29
HUB-002,PKG-00031,DEPARTURE,2023-10-05 22:54:38
HUB-001,PKG-02004,ARRIVAL,2023-10-11 04:04:46
HUB-003,PKG-00509,ARRIVAL,2023-10-23 21:05:07
HUB-007,PKG-00193,ARRIVAL,2023-10-24 00:26:36
HUB-004,PKG-02059,ARRIVAL,2023-10-22 06:07:13
HUB-004,PKG-01213,DEPARTURE,2023-10-11 16:17:24
HUB-002,PKG-00940,ARRIVAL,2023-10-23 05:13:36
HUB-003,PKG-01773,ARRIVAL,2023-10-26 00:44:25
HUB-010,PKG-01183,ARRIVAL,2023-10-26 13:26:35
HUB-006,PKG-02128,ARRIVAL,2023-10-18 10:51:59
HUB-001,PKG-02235,DEPARTURE,2023-10-11 08:01:25
HUB-003,PKG-01703,DEPARTURE,2023-10-18 03:12:03
HUB-012,PKG-00917,DEPARTURE,invalid_ts
HUB-004,PKG-01253,DEPARTURE,2023-10-29 00:13:19
HUB-005,PKG-01751,ARRIVAL,2023-10-09 13:12:39
HUB-012,PKG-00421,ARRIVAL,2023-10-24 03:11:56
HUB-005,PKG-00290,DEPARTURE,2023-10-16 12:57:09
HUB-002,PKG-01165,DEPARTURE,2023-10-21 18:49:22
HUB-002,PKG-01711,ARRIVAL,2023-10-25 12:08:25
HUB-006,PKG-02265,ARRIVAL,2023-10-09 08:43:39
HUB-001,PKG-00481,ARRIVAL,2023-10-12 22:58:37
HUB-011,PKG-01762,DEPARTURE,2023-10-08 08:44:38
HUB-012,PKG-00172,DEPARTURE,2023-10-05 23:21:26
HUB-001,PKG-01377,ARRIVAL,2023-10-04 18:16:55
HUB-003,PKG-01301,ARRIVAL,2023-10-16 14:28:54
HUB-011,PKG-02280,ARRIVAL,2023-10-03 12:13:10
HUB-011,PKG-02280,DEPARTURE,2023-10-03 22:12:32
HUB-009,PKG-00112,ARRIVAL,2023-10-05 13:19:20
HUB-010,PKG-02169,DEPARTURE,2023-10-15 12:16:04
HUB-012,PKG-01195,DEPARTURE,2023-10-20 20:47:45
HUB-006,PKG-01930,DEPARTURE,2023-10-10 17:18:07
HUB-012,PKG-00016,ARRIVAL,2023-10-30 01:26:25
HUB-003,PKG-00573,DEPARTURE,2023-02-30 10:00:00
HUB-007,PKG-01027,DEPARTURE,2023-10-09 16:13:55
HUB-001,PKG-01571,ARRIVAL,2023-10-02 03:46:27
HUB-004,PKG-01874,ARRIVAL,2023-10-22 02:40:10
HUB-004,PKG-00033,ARRIVAL,2023-10-21 05:40:14
HUB-006,PKG-01506,DEPARTURE,2023-10-04 21:52:14
HUB-003,PKG-02352,DEPARTURE,2023-10-27 07:26:29
HUB-004,PKG-00502,ARRIVAL,2023-10-30 07:56:43
HUB-010,PKG-01690,ARRIVAL,2023-10-17 22:07:57
HUB-007,PKG-00053,ARRIVAL,2023-10-12 00:06:12
HUB-005,PKG-01840,DEPARTURE,2023-10-04 20:11:48
HUB-005,PKG-01334,DEPARTURE,2023-10-06 21:46:37
HUB-002,PKG-01714,ARRIVAL,2023-10-05 13:34:54
HUB-006,PKG-01338,DEPARTURE,2023-10-18 19:20:05
HUB-006,PKG-01782,DEPARTURE,2023-10-25 23:26:09
HUB-002,PKG-00281,SORTING,2023-10-09 16:30:36
HUB-008,PKG-01298,ARRIVAL,2023-10-11 09:22:42
HUB-005,PKG-00383,ARRIVAL,2023-10-19 23:17:04
HUB-011,PKG-00177,DEPARTURE,2023-10-21 11:49:10
HUB-010,PKG-00016,DEPARTURE,2023-10-29 16:25:39
HUB-002,PKG-01550,ARRIVAL,2023-10-17 15:27:27
HUB-004,PKG-01943,ARRIVAL,2023-10-09 12:55:38
HUB-012,PKG-01021,DEPARTURE,2023-10-11 09:53:17
HUB-008,PKG-01354,ARRIVAL,2023-10-03 22:37:19
HUB-008,PKG-02004,DEPARTURE,2023-10-10 17:31:01
HUB-004,PKG-01686,DEPARTURE,2023-10-22 00:10:12
HUB-012,PKG-01233,DEPARTURE,2023-10-06 23:50:18
HUB-003,PKG-01591,DEPARTURE,2023-10-23 07:49:28
HUB-003,PKG-00726,ARRIVAL,2023-10-07 10:52:42
HUB-007,PKG-02338,ARRIVAL,2023-10-26 00:18:00
HUB-001,PKG-00496,DEPARTURE,2023-10-19 00:12:22
HUB-008,PKG-02283,ARRIVAL,2023-10-29 16:19:28
HUB-007,PKG-00201,DEPARTURE,2023-10-14 11:03:48
HUB-004,PKG-00102,DEPARTURE,2023-10-25 05:39:31
HUB-003,PKG-01079,DEPARTURE,2023-10-16 02:17:22
HUB-005,PKG-00462,ARRIVAL,2023-10-11 05:19:33
HUB-004,PKG-01219,ARRIVAL,2023-10-30 14:11:30
HUB-003,PKG-01591,ARRIVAL,2023-10-23 01:05:05
HUB-001,PKG-01163,DEPARTURE,2023-10-26 02:07:30
HUB-004,PKG-01531,ARRIVAL,2023-10-12 08:06:45
HUB-001,PKG-00651,DEPARTURE,2023-10-15 16:50:08
HUB-001,PKG-00066,DEPARTURE,2023-10-10 00:03:34
HUB-001,PKG-02014,DEPARTURE,2023-10-19 10:22:20
HUB-003,PKG-02186,DEPARTURE,2023-10-26 21:29:12
HUB-006,PKG-01236,DEPARTURE,2023-10-20 02:53:00
HUB-008,PKG-01284,ARRIVAL,2023-10-03 10:48:04
HUB-011,PKG-01588,DEPARTURE,2023-10-10 17:08:10
HUB-004,PKG-02013,DEPARTURE,2023-10-26 11:03:01
HUB-002,PKG-00126,ARRIVAL,2023-10-18 02:26:17
HUB-006,PKG-01669,ARRIVAL,2023-10-29 10:17:56
HUB-002,PKG-00393,DEPARTURE,2023-10-06 19:57:24
HUB-008,PKG-00607,ARRIVAL,2023-10-17 04:17:22
HUB-001,PKG-00130,ARRIVAL,2023-10-15 07:39:38
HUB-002,PKG-01579,DEPARTURE,2023-10-04 15:02:54
HUB-004,PKG-00378,DEPARTURE,2023-10-27 12:57:27
HUB-004,PKG-00300,DEPARTURE,2023-10-13 03:06:43
HUB-007,PKG-02253,DEPARTURE,2023-10-25 07:04:53
HUB-011,PKG-00306,DEPARTURE,2023-10-07 15:41:03
HUB-005,PKG-01334,ARRIVAL,2023-10-06 08:16:23
HUB-001,PKG-00450,ARRIVAL,2023-10-20 03:50:51
HUB-008,PKG-00248,ARRIVAL,2023-10-08 13:11:42
HUB-009,PKG-02266,ARRIVAL,2023-10-22 01:39:20
HUB-010,PKG-01194,ARRIVAL,2023-10-05 11:56:25
HUB-004,PKG-00419,DEPARTURE,2023-10-27 02:17:03
HUB-006,PKG-01504,ARRIVAL,2023-10-08 17:04:39
HUB-003,PKG-02332,DEPARTURE,2023-10-18 11:56:24
HUB-010,PKG-01702,ARRIVAL,2023-10-23 14:30:35
HUB-003,PKG-01594,ARRIVAL,2023-10-02 15:18:17
HUB-008,PKG-01567,DEPARTURE,2023-10-31 04:19:31
HUB-004,PKG-02181,ARRIVAL,2023-10-11 12:36:49
HUB-004,PKG-00688,DEPARTURE,2023-10-12 16:38:53
HUB-004,PKG-00821,DEPARTURE,2023-10-27 17:19:20
HUB-002,PKG-01886,DEPARTURE,2023-10-06 14:10:21
HUB-006,PKG-02122,ARRIVAL,2023-10-12 04:17:19
HUB-003,PKG-00732,DEPARTURE,2023-10-30 14:35:40
HUB-002,PKG-00900,ARRIVAL,2023-10-24 07:02:11
HUB-002,PKG-01835,DEPARTURE,2023-10-09 23:28:14
HUB-012,PKG-00089,ARRIVAL,2023-10-21 21:30:41
HUB-004,PKG-02242,DEPARTURE,2023-10-24 12:30:18
HUB-006,PKG-02248,DEPARTURE,2023-10-17 07:42:06
HUB-003,PKG-02332,ARRIVAL,2023-10-18 04:43:48
HUB-003,PKG-00608,DEPARTURE,2023-10-27 13:42:38
HUB-004,PKG-00992,ARRIVAL,2023-10-10 23:18:28
HUB-006,PKG-01833,DEPARTURE,2023-10-07 05:56:54
HUB-004,PKG-01178,DEPARTURE,2023-10-19 06:30:18
HUB-001,PKG-01165,ARRIVAL,2023-10-20 20:04:55
HUB-003,PKG-02343,ARRIVAL,2023-10-26 14:04:55
HUB-005,PKG-00941,DEPARTURE,2023-10-12 10:02:59
HUB-012,PKG-01190,DEPARTURE,2023-10-19 16:37:30
HUB-008,PKG-01770,DEPARTURE,2023-10-05 06:55:07
HUB-002,PKG-01015,DEPARTURE,2023-10-08 12:31:07
HUB-007,PKG-00175,DEPARTURE,2023-10-08 08:40:12
HUB-004,PKG-01770,ARRIVAL,2023-10-05 16:17:46
HUB-001,PKG-00470,DEPARTURE,2023-10-03 18:55:15
HUB-006,PKG-02105,ARRIVAL,2023-10-30 14:43:05
HUB-006,PKG-00019,DEPARTURE,2023-10-14 00:23:50
HUB-002,PKG-01747,ARRIVAL,2023-10-08 03:46:17
HUB-010,PKG-01694,ARRIVAL,2023-10-17 20:07:16
HUB-003,PKG-00428,DEPARTURE,2023-10-31 22:12:26
HUB-011,PKG-02286,DEPARTURE,2023-10-12 15:23:11
HUB-001,PKG-00854,ARRIVAL,2023-10-05 21:21:25
HUB-001,PKG-00408,DEPARTURE,2023-10-11 03:28:54
HUB-008,PKG-01923,DEPARTURE,2023-10-19 03:54:43
HUB-004,PKG-00609,DEPARTURE,2023-10-08 16:58:40
HUB-001,PKG-02085,DEPARTURE,2023-10-28 13:00:41
HUB-002,PKG-02100,DEPARTURE,2023-10-02 17:13:03
HUB-001,PKG-00807,DEPARTURE,2023-10-12 19:43:51
HUB-001,PKG-01361,ARRIVAL,2023-10-23 19:10:44
HUB-009,PKG-01980,DEPARTURE,2023-10-05 08:27:08
HUB-007,PKG-01884,DEPARTURE,2023-10-23 00:43:52
HUB-003,PKG-01173,DEPARTURE,2023-10-21 02:28:11
HUB-006,PKG-00530,DEPARTURE,2023-10-22 13:26:13
HUB-003,PKG-00049,SORTING,2023-10-18 08:12:27
HUB-010,PKG-00821,ARRIVAL,2023-10-28 04:58:31
HUB-001,PKG-00273,ARRIVAL,2023-10-11 01:38:00
HUB-009,PKG-01604,ARRIVAL,2023-10-15 05:39:37
HUB-002,PKG-01219,DEPARTURE,2023-10-31 02:16:34
HUB-006,PKG-01901,ARRIVAL,2023-10-24 16:11:34
HUB-004,PKG-01320,SORTING,2023-10-08 13:44:22
HUB-006,PKG-02284,ARRIVAL,2023-10-30 20:36:44
HUB-007,PKG-01741,ARRIVAL,2023-10-14 12:23:16
HUB-001,PKG-01383,DEPARTURE,2023-10-03 09:22:32
HUB-007,PKG-00483,DEPARTURE,2023-10-04 16:40:48
HUB-002,PKG-00092,DEPARTURE,2023-10-23 07:36:28
HUB-011,PKG-00450,DEPARTURE,2023-10-21 07:45:06
HUB-001,PKG-01898,DEPARTURE,2023-10-29 11:06:11
HUB-004,PKG-01788,ARRIVAL,2023-10-27 14:16:50
HUB-006,PKG-00728,ARRIVAL,2023-10-23 05:05:30
HUB-005,PKG-00980,ARRIVAL,2023-10-19 11:39:52
HUB-006,PKG-01332,DEPARTURE,2023-10-21 10:19:16
HUB-010,PKG-02258,ARRIVAL,2023-10-19 03:34:05
HUB-008,PKG-00294,DEPARTURE,2023-10-20 17:21:10
HUB-002,PKG-00493,ARRIVAL,2023-10-29 19:26:28
HUB-005,PKG-02119,ARRIVAL,2023-10-11 16:18:27
HUB-002,PKG-01304,ARRIVAL,2023-10-09 10:23:17
HUB-005,PKG-01713,DEPARTURE,2023-10-19 02:11:52
HUB-011,PKG-00955,DEPARTURE,2023-10-21 02:26:52
HUB-001,PKG-00989,ARRIVAL,2023-10-26 16:42:05
HUB-005,PKG-00900,DEPARTURE,2023-10-23 22:42:27
HUB-005,PKG-01199,ARRIVAL,2023-10-09 17:46:37
HUB-003,PKG-00734,DEPARTURE,2023-10-16 21:23:45
HUB-002,PKG-02060,ARRIVAL,2023-10-10 07:44:25
HUB-003,PKG-02234,ARRIVAL,2023-10-11 06:12:57
HUB-006,PKG-00945,ARRIVAL,2023-10-13 11:04:55
HUB-001,PKG-00266,ARRIVAL,2023-10-22 21:02:47
HUB-011,PKG-00099,ARRIVAL,2023-10-18 08:16:13
HUB-010,PKG-00880,ARRIVAL,2023-10-19 15:35:12
HUB-005,PKG-02041,DEPARTURE,2023-10-16 20:09:28
HUB-001,PKG-01839,ARRIVAL,2023-10-02 09:23:10
HUB-001,PKG-01109,DEPARTURE,2023-10-29 00:33:34
HUB-003,PKG-01679,DEPARTURE,2023-10-18 04:08:09
HUB-008,PKG-01113,DEPARTURE,2023-10-02 13:24:49
HUB-006,PKG-02265,SORTING,2023-10-09 11:35:56
HUB-009,PKG-02157,ARRIVAL,2023-10-22 14:31:16
HUB-001,PKG-01241,DEPARTURE,2023-10-08 21:10:41
HUB-008,PKG-01573,ARRIVAL,2023-10-24 05:09:00
HUB-005,PKG-00572,DEPARTURE,2023-10-04 08:27:32
HUB-003,PKG-00256,DEPARTURE,2023-10-14 23:16:50
HUB-002,PKG-01771,DEPARTURE,2023-10-15 08:35:35
HUB-002,PKG-00546,SORTING,2023-10-22 06:40:47
HUB-004,PKG-00935,DEPARTURE,2023-10-28 05:25:32
HUB-002,PKG-01232,DEPARTURE,2023-10-06 15:14:55
HUB-003,PKG-01541,DEPARTURE,2023-10-21 01:01:36
HUB-012,PKG-00099,DEPARTURE,2023-10-19 15:52:30
HUB-005,PKG-01068,ARRIVAL,2023-10-09 12:05:46
HUB-008,PKG-01092,ARRIVAL,2023-10-26 01:15:00
HUB-002,PKG-00651,ARRIVAL,2023-10-16 01:14:09
HUB-002,PKG-00814,DEPARTURE,2023-10-25 16:56:43
HUB-002,PKG-02029,ARRIVAL,2023-10-23 04:03:46
HUB-009,PKG-01795,SORTING,2023-10-14 19:55:49
HUB-005,PKG-01098,ARRIVAL,2023-10-27 21:43:03
HUB-010,PKG-01336,DEPARTURE,2023-10-18 02:26:51
HUB-009,PKG-00344,DEPARTURE,2023-10-16 20:43:49
HUB-007,PKG-00940,DEPARTURE,2023-10-22 18:25:19
HUB-001,PKG-02237,ARRIVAL,2023-10-17 12:25:01
HUB-001,PKG-01018,ARRIVAL,2023-10-28 08:13:46
HUB-003,PKG-00695,DEPARTURE,2023-10-25 02:36:06
HUB-001,PKG-00129,DEPARTURE,2023-10-03 07:04:34
HUB-007,PKG-01027,ARRIVAL,2023-10-09 09:56:23
HUB-005,PKG-01156,DEPARTURE,2023-10-09 16:27:39
HUB-006,PKG-01123,ARRIVAL,2023-10-21 20:25:51
HUB-009,PKG-00526,ARRIVAL,2023-10-03 07:40:31
HUB-010,PKG-02293,ARRIVAL,2023-10-17 09:25:04
HUB-006,PKG-00196,DEPARTURE,2023-10-21 14:23:56
HUB-001,PKG-00827,ARRIVAL,2023-10-20 03:42:19
HUB-001,PKG-00451,ARRIVAL,2023-10-08 07:05:28
HUB-007,PKG-01553,ARRIVAL,2023-10-13 21:28:04
HUB-001,PKG-02235,ARRIVAL,2023-10-11 04:33:43
HUB-002,PKG-01935,DEPARTURE,2023-10-08 21:47:04
HUB-012,PKG-00723,DEPARTURE,2023-10-22 21:28:45
HUB-004,PKG-00480,DEPARTURE,2023-10-18 06:12:31
HUB-001,PKG-02083,DEPARTURE,2023-10-21 03:43:15
HUB-004,PKG-01007,DEPARTURE,2023-10-28 11:32:34
HUB-002,PKG-00311,DEPARTURE,2023-10-31 15:36:15
HUB-002,PKG-02217,ARRIVAL,2023-10-16 10:54:40
HUB-001,PKG-02066,ARRIVAL,2023-10-31 16:22:23
HUB-006,PKG-01082,DEPARTURE,2023-10-25 05:20:32
HUB-010,PKG-01987,DEPARTURE,
HUB-004,PKG-01386,ARRIVAL,2023-10-24 23:27:10
HUB-004,PKG-01726,ARRIVAL,2023-10-06 21:10:29
HUB-003,PKG-01892,DEPARTURE,2023-10-04 13:25:11
HUB-003,PKG-01834,DEPARTURE,2023-10-23 16:43:22
HUB-001,PKG-00824,ARRIVAL,2023-10-13 08:01:23
HUB-001,PKG-01493,SORTING,2023-10-15 23:52:09
HUB-001,PKG-00602,DEPARTURE,2023-10-28 10:49:35
HUB-006,PKG-00507,DEPARTURE,2023-10-24 03:37:40
HUB-012,PKG-02136,ARRIVAL,2023-10-20 07:59:46
HUB-011,PKG-01917,ARRIVAL,2023-10-20 02:36:58
HUB-011,PKG-00377,DEPARTURE,2023-10-14 13:34:33
HUB-004,PKG-02000,ARRIVAL,2023-10-06 18:12:17
HUB-004,PKG-00603,ARRIVAL,2023-10-02 02:29:10
HUB-007,PKG-02021,DEPARTURE,2023-10-01 16:46:34
HUB-004,PKG-00603,DEPARTURE,2023-10-02 06:58:57
HUB-003,PKG-02116,DEPARTURE,2023-10-02 19:37:05
HUB-005,PKG-01855,DEPARTURE,2023-10-16 18:43:58
HUB-008,PKG-01653,ARRIVAL,2023-10-20 20:24:09
HUB-003,PKG-02080,DEPARTURE,2023-10-04 05:43:33
HUB-002,PKG-01341,ARRIVAL,2023-10-24 11:11:58
HUB-005,PKG-00868,ARRIVAL,2023-10-12 13:34:09
HUB-010,PKG-01051,DEPARTURE,2023-10-18 19:45:52
HUB-001,PKG-01662,ARRIVAL,2023-10-07 12:29:31
HUB-012,PKG-01909,DEPARTURE,2023-11-01 03:19:39
HUB-007,PKG-02338,DEPARTURE,2023-10-26 12:14:59
HUB-001,PKG-01085,DEPARTURE,2023-10-20 07:55:04
HUB-002,PKG-01232,ARRIVAL,2023-10-06 09:26:00
HUB-001,PKG-00784,ARRIVAL,2023-10-15 09:30:32
HUB-003,PKG-00475,ARRIVAL,2023-10-12 10:27:13
HUB-006,PKG-00337,ARRIVAL,2023-10-12 14:53:32
HUB-004,PKG-01793,DEPARTURE,2023-10-24 04:28:17
HUB-001,PKG-01405,ARRIVAL,2023-10-14 19:47:22
HUB-004,PKG-01532,DEPARTURE,2023-10-30 10:20:27
HUB-008,PKG-00581,DEPARTURE,2023-10-11 12:43:07
HUB-006,PKG-00841,DEPARTURE,2023-10-20 08:07:50
HUB-005,PKG-00103,ARRIVAL,2023-10-12 18:59:39
HUB-007,PKG-01712,ARRIVAL,2023-10-17 11:17:11
HUB-003,PKG-00596,SORTING,2023-10-30 15:42:16
HUB-002,PKG-01756,DEPARTURE,2023-10-06 02:40:03
HUB-001,PKG-02349,DEPARTURE,2023-10-20 03:31:04
HUB-006,PKG-00043,DEPARTURE,2023-10-30 21:24:57
HUB-005,PKG-01293,DEPARTURE,2023-10-15 23:58:50
HUB-005,PKG-00978,ARRIVAL,2023-10-06 13:44:32
HUB-003,PKG-02053,ARRIVAL,2023-10-11 05:15:17
HUB-003,PKG-02352,ARRIVAL,2023-10-27 00:36:31
HUB-012,PKG-01251,ARRIVAL,2023-10-26 09:26:10
HUB-005,PKG-00280,ARRIVAL,2023-10-17 23:03:48
HUB-010,PKG-01448,DEPARTURE,2023-10-13 17:14:09
HUB-007,PKG-00576,ARRIVAL,2023-10-11 10:11:06
HUB-011,PKG-02286,ARRIVAL,2023-10-12 12:12:29
HUB-012,PKG-00961,DEPARTURE,
HUB-002,PKG-00951,ARRIVAL,2023-10-27 09:17:24
HUB-006,PKG-00946,ARRIVAL,0000-00-00 00:00:00
HUB-011,PKG-02211,ARRIVAL,2023-10-23 14:03:26
HUB-001,PKG-01660,DEPARTURE,2023-10-30 13:54:22
HUB-011,PKG-01728,DEPARTURE,2023-10-31 13:34:58
HUB-012,PKG-01108,DEPARTURE,2023-10-09 10:26:29
HUB-003,PKG-00118,ARRIVAL,2023-10-20 21:08:36
HUB-004,PKG-00726,ARRIVAL,2023-10-06 19:15:57
HUB-005,PKG-01404,DEPARTURE,2023-10-14 10:33:10
HUB-002,PKG-00221,ARRIVAL,2023-10-12 14:56:37
HUB-010,PKG-02398,ARRIVAL,2023-10-14 03:46:26
HUB-003,PKG-02175,ARRIVAL,2023-10-16 15:06:27
HUB-002,PKG-00383,DEPARTURE,2023-10-19 18:51:04
HUB-001,PKG-00996,ARRIVAL,2023-10-16 17:42:23
HUB-012,PKG-01590,ARRIVAL,2023-10-06 16:35:46
HUB-003,PKG-01244,SORTING,2023-10-16 10:43:56
HUB-005,PKG-01234,ARRIVAL,2023-10-25 16:44:45
HUB-008,PKG-01408,ARRIVAL,2023-10-18 21:22:16
HUB-002,PKG-01431,DEPARTURE,2023-10-28 11:51:33
HUB-005,PKG-02062,DEPARTURE,2023-10-30 22:02:07
HUB-006,PKG-00781,ARRIVAL,2023-10-14 12:18:41
HUB-002,PKG-01585,ARRIVAL,2023-10-18 10:28:03
HUB-003,PKG-02330,ARRIVAL,2023-10-15 05:50:59
HUB-012,PKG-00320,ARRIVAL,2023-10-22 05:41:47
HUB-003,PKG-02050,ARRIVAL,2023-10-15 22:17:42
HUB-001,PKG-00081,DEPARTURE,2023-10-05 23:09:30
HUB-004,PKG-00874,ARRIVAL,2023-10-16 05:24:06
HUB-004,PKG-00546,DEPARTURE,2023-10-22 20:25:05
HUB-006,PKG-00384,DEPARTURE,2023-10-17 13:12:06
HUB-002,PKG-01258,DEPARTURE,2023-10-27 14:04:37
HUB-007,PKG-01393,DEPARTURE,2023-10-01 22:35:51
HUB-001,PKG-00674,ARRIVAL,2023-10-22 12:08:44
HUB-012,PKG-00064,ARRIVAL,2023-10-30 11:50:23
HUB-001,PKG-00082,ARRIVAL,2023-10-04 19:52:49
HUB-006,PKG-00254,ARRIVAL,2023-10-20 10:52:57
HUB-005,PKG-01228,DEPARTURE,2023-10-12 09:24:36
HUB-001,PKG-01625,ARRIVAL,2023-10-26 06:45:07
HUB-005,PKG-00193,DEPARTURE,2023-10-23 21:15:55
HUB-005,PKG-00478,ARRIVAL,2023-10-24 06:59:15
HUB-004,PKG-00592,ARRIVAL,2023-10-05 04:48:59
HUB-008,PKG-01462,SORTING,2023-10-12 12:05:55
HUB-006,PKG-01924,DEPARTURE,2023-10-27 12:30:38
HUB-008,PKG-01823,ARRIVAL,2023-10-13 22:55:19
HUB-002,PKG-00504,ARRIVAL,2023-10-19 17:33:29
HUB-011,PKG-02226,ARRIVAL,2023-10-10 14:35:52
HUB-008,PKG-01801,DEPARTURE,2023-10-11 04:02:04
HUB-005,PKG-01210,ARRIVAL,2023-10-05 19:39:02
HUB-008,PKG-00064,DEPARTURE,2023-10-30 23:45:41
HUB-012,PKG-01830,DEPARTURE,2023-10-23 13:53:08
HUB-001,PKG-01625,DEPARTURE,2023-10-26 12:20:04
HUB-004,PKG-01993,DEPARTURE,2023-10-20 10:35:22
HUB-001,PKG-01387,DEPARTURE,2023-10-14 18:27:36
HUB-008,PKG-01226,DEPARTURE,2023-10-03 14:51:55
HUB-008,PKG-01086,ARRIVAL,2023-10-10 14:16:38
HUB-011,PKG-00713,ARRIVAL,2023-10-25 21:18:52
HUB-001,PKG-01456,ARRIVAL,2023-10-26 13:48:35
HUB-012,PKG-01133,DEPARTURE,2023-10-11 17:49:22
HUB-001,PKG-02065,DEPARTURE,2023-10-22 08:45:59
HUB-004,PKG-01827,ARRIVAL,2023-10-20 19:20:47
HUB-001,PKG-02066,DEPARTURE,2023-10-31 19:50:32
HUB-001,PKG-01628,DEPARTURE,2023-10-23 07:11:52
HUB-007,PKG-00638,ARRIVAL,2023-10-21 07:15:13
HUB-008,PKG-01680,DEPARTURE,2023-10-22 19:49:20
HUB-011,PKG-00670,DEPARTURE,2023-10-05 19:22:40
HUB-009,PKG-00964,ARRIVAL,2023-10-11 03:52:53
HUB-007,PKG-00304,ARRIVAL,2023-10-11 21:45:27
HUB-004,PKG-01975,DEPARTURE,2023-10-09 09:30:09
HUB-012,PKG-01756,DEPARTURE,2023-10-06 19:34:13
HUB-002,PKG-01906,DEPARTURE,2023-02-30 10:00:00
HUB-006,PKG-00849,ARRIVAL,2023-10-25 17:59:17
HUB-002,PKG-01655,DEPARTURE,2023-10-28 13:57:26
HUB-007,PKG-01815,ARRIVAL,2023-10-31 03:47:34
HUB-005,PKG-02084,ARRIVAL,2023-10-03 00:03:52
HUB-004,PKG-00266,ARRIVAL,2023-10-22 08:36:34
HUB-012,PKG-00264,DEPARTURE,2023-10-11 23:46:29
HUB-001,PKG-01411,ARRIVAL,2023-10-07 06:10:46
HUB-007,PKG-00690,ARRIVAL,2023-10-27 20:35:33
HUB-007,PKG-01362,ARRIVAL,2023-10-28 23:53:14
HUB-008,PKG-01157,ARRIVAL,2023-10-24 18:58:04
HUB-011,PKG-02204,ARRIVAL,2023-10-14 16:10:46
HUB-002,PKG-01495,ARRIVAL,2023-10-26 22:59:10
HUB-004,PKG-02325,DEPARTURE,2023-10-26 14:57:19
HUB-004,PKG-01259,DEPARTURE,2023-10-03 10:46:48
HUB-009,PKG-01266,ARRIVAL,2023-10-04 14:43:42
HUB-004,PKG-01259,ARRIVAL,2023-10-03 05:07:27
HUB-001,PKG-00145,ARRIVAL,2023-10-03 13:10:40
HUB-008,PKG-01793,DEPARTURE,2023-10-23 17:20:04
HUB-001,PKG-00169,ARRIVAL,2023-10-26 05:33:02
HUB-009,PKG-00583,ARRIVAL,2023-10-28 17:19:50
HUB-006,PKG-00761,ARRIVAL,2023-10-02 18:52:30
HUB-006,PKG-02287,ARRIVAL,2023-10-12 11:37:56
HUB-004,PKG-00574,DEPARTURE,2023-10-19 14:27:21
HUB-006,PKG-01005,ARRIVAL,2023-10-21 14:48:04
HUB-008,PKG-01443,ARRIVAL,2023-10-24 17:47:33
HUB-005,PKG-01203,DEPARTURE,2023-10-30 01:46:12
HUB-011,PKG-02222,ARRIVAL,2023-10-26 10:32:31
HUB-007,PKG-02086,DEPARTURE,2023-10-06 02:59:32
HUB-005,PKG-01739,ARRIVAL,2023-10-09 09:40:36
HUB-001,PKG-00249,DEPARTURE,2023-10-29 18:36:25
HUB-003,PKG-01854,ARRIVAL,2023-10-09 07:08:07
HUB-007,PKG-02143,ARRIVAL,2023-10-11 23:36:44
HUB-001,PKG-01688,ARRIVAL,2023-10-21 01:04:10
HUB-004,PKG-01771,DEPARTURE,2023-10-14 12:52:51
HUB-004,PKG-00181,ARRIVAL,2023-10-12 05:45:03
HUB-002,PKG-01434,ARRIVAL,2023-10-30 14:25:37
HUB-001,PKG-01078,DEPARTURE,2023-10-25 17:54:53
HUB-003,PKG-01303,ARRIVAL,2023-10-27 11:29:21
HUB-007,PKG-01618,ARRIVAL,2023-10-21 17:00:41
HUB-006,PKG-00306,ARRIVAL,2023-10-07 17:49:31
HUB-012,PKG-01187,ARRIVAL,2023-10-19 17:06:09
HUB-001,PKG-01895,DEPARTURE,2023-10-19 02:06:24
HUB-003,PKG-02053,DEPARTURE,2023-10-11 09:32:28
HUB-003,PKG-00538,DEPARTURE,2023-10-03 19:00:10
HUB-009,PKG-01892,DEPARTURE,2023-10-03 16:24:48
HUB-011,PKG-01330,DEPARTURE,2023-10-20 01:43:31
HUB-006,PKG-00877,ARRIVAL,2023-10-14 12:10:37
HUB-003,PKG-00215,ARRIVAL,2023-10-18 13:14:20
HUB-004,PKG-00191,DEPARTURE,2023-10-15 01:15:50
HUB-002,PKG-01542,ARRIVAL,2023-10-13 19:55:34
HUB-007,PKG-00143,ARRIVAL,2023-10-19 07:12:53
HUB-012,PKG-00995,DEPARTURE,2023-10-22 23:45:39
HUB-007,PKG-00009,ARRIVAL,2023-10-02 14:55:21
HUB-001,PKG-02058,ARRIVAL,2023-10-29 17:20:33
HUB-010,PKG-01675,ARRIVAL,2023-10-04 14:38:30
HUB-011,PKG-00980,SORTING,2023-10-18 23:05:08
HUB-007,PKG-01789,ARRIVAL,2023-10-18 14:23:26
HUB-002,PKG-00950,ARRIVAL,2023-10-06 22:40:43
HUB-007,PKG-01134,ARRIVAL,2023-10-22 08:27:09
HUB-009,PKG-00975,ARRIVAL,2023-10-01 13:02:44
HUB-007,PKG-00564,ARRIVAL,2023-10-08 09:37:27
HUB-004,PKG-00564,DEPARTURE,2023-10-09 10:59:32
HUB-002,PKG-01477,DEPARTURE,2023-10-22 08:57:24
HUB-004,PKG-00973,ARRIVAL,2023-10-14 03:32:46
HUB-001,PKG-01883,DEPARTURE,2023-10-25 18:48:30
HUB-001,PKG-02147,DEPARTURE,2023-10-13 15:25:58
HUB-007,PKG-01416,ARRIVAL,2023-10-16 17:52:40
HUB-002,PKG-01474,DEPARTURE,2023-10-02 23:44:02
HUB-005,PKG-00849,DEPARTURE,2023-10-26 22:46:00
HUB-002,PKG-02271,ARRIVAL,2023-10-24 04:21:18
HUB-003,PKG-02317,DEPARTURE,2023-10-04 02:59:10
HUB-003,PKG-00185,ARRIVAL,2023-10-10 21:18:28
HUB-003,PKG-02121,ARRIVAL,2023-10-12 11:01:49
HUB-007,PKG-02268,DEPARTURE,2023-10-15 03:13:42
HUB-008,PKG-02112,ARRIVAL,2023-10-17 09:05:27
HUB-006,PKG-01981,ARRIVAL,2023-10-07 18:30:38
HUB-003,PKG-00340,ARRIVAL,2023-10-25 13:51:44
HUB-010,PKG-01413,ARRIVAL,2023-10-09 21:14:46
HUB-005,PKG-01404,ARRIVAL,2023-10-14 07:05:09
HUB-008,PKG-02038,DEPARTURE,2023-10-02 13:58:57
HUB-005,PKG-01574,ARRIVAL,2023-10-24 08:22:57
HUB-010,PKG-01691,DEPARTURE,2023-10-26 16:36:03
HUB-004,PKG-01026,ARRIVAL,2023-10-06 05:39:36
HUB-011,PKG-00477,DEPARTURE,invalid_ts
HUB-005,PKG-01286,ARRIVAL,2023-10-30 12:12:50
HUB-011,PKG-01385,ARRIVAL,2023-10-02 22:45:20
HUB-005,PKG-02278,DEPARTURE,2023-10-21 01:51:08
HUB-008,PKG-00222,ARRIVAL,2023-10-31 10:30:52
HUB-005,PKG-01325,DEPARTURE,2023-10-31 01:18:53
HUB-008,PKG-00354,ARRIVAL,2023-10-06 08:32:24
HUB-001,PKG-02212,DEPARTURE,2023-10-23 12:28:50
HUB-006,PKG-00809,DEPARTURE,2023-10-29 01:23:15
HUB-003,PKG-00318,ARRIVAL,2023-10-28 13:45:27
HUB-012,PKG-01268,DEPARTURE,2023-10-25 15:28:45
HUB-002,PKG-02248,ARRIVAL,2023-10-17 18:35:50
HUB-005,PKG-00440,DEPARTURE,2023-10-14 17:44:24
HUB-001,PKG-01573,DEPARTURE,2023-10-23 23:13:43
HUB-002,PKG-02165,ARRIVAL,2023-10-22 10:32:22
HUB-004,PKG-01254,DEPARTURE,2023-10-02 18:28:36
HUB-002,PKG-01051,DEPARTURE,2023-10-19 20:34:03
HUB-004,PKG-00828,DEPARTURE,2023-10-09 23:00:45
HUB-006,PKG-00676,ARRIVAL,2023-10-02 20:08:04
HUB-004,PKG-02369,ARRIVAL,2023-10-05 07:49:25
HUB-006,PKG-02010,ARRIVAL,2023-10-01 06:24:09
HUB-011,PKG-02162,DEPARTURE,2023-10-19 20:07:00
HUB-003,PKG-00491,DEPARTURE,2023-10-08 19:54:39
HUB-001,PKG-00470,ARRIVAL,2023-10-03 14:59:33
HUB-004,PKG-01943,DEPARTURE,2023-10-09 19:15:31
HUB-006,PKG-02194,DEPARTURE,2023-10-08 19:41:18
HUB-001,PKG-01855,ARRIVAL,2023-10-17 00:14:08
HUB-008,PKG-02361,DEPARTURE,2023-10-05 05:29:04
HUB-006,PKG-01830,ARRIVAL,2023-10-23 17:09:26
HUB-004,PKG-00185,ARRIVAL,2023-10-10 10:41:38
HUB-002,PKG-00940,DEPARTURE,2023-10-23 11:13:09
HUB-003,PKG-01435,DEPARTURE,2023-10-24 22:00:08
HUB-003,PKG-00793,ARRIVAL,2023-10-05 23:19:32
HUB-006,PKG-01674,DEPARTURE,2023-10-07 02:05:03
HUB-001,PKG-01648,ARRIVAL,2023-10-27 18:14:30
HUB-005,PKG-02300,ARRIVAL,2023-10-14 09:51:11
HUB-002,PKG-01774,ARRIVAL,2023-10-15 20:53:31
HUB-006,PKG-00741,DEPARTURE,2023-10-25 16:23:46
HUB-004,PKG-00080,DEPARTURE,2023-10-15 18:30:38
HUB-005,PKG-00872,DEPARTURE,2023-10-15 09:10:41
HUB-001,PKG-01055,DEPARTURE,2023-10-27 21:54:04
HUB-001,PKG-01562,DEPARTURE,2023-02-30 10:00:00
HUB-003,PKG-01283,ARRIVAL,2023-10-09 18:52:24
HUB-003,PKG-00118,DEPARTURE,2023-10-21 01:01:02
HUB-003,PKG-00460,ARRIVAL,2023-10-02 11:13:18
HUB-009,PKG-01509,DEPARTURE,2023-10-12 09:00:05
HUB-003,PKG-00328,DEPARTURE,2023-10-24 02:40:25
HUB-006,PKG-01965,ARRIVAL,2023-10-02 04:32:46
HUB-012,PKG-02174,DEPARTURE,2023-10-06 20:10:32
HUB-002,PKG-01627,ARRIVAL,2023-10-20 20:49:35
HUB-012,PKG-00725,ARRIVAL,2023-10-21 19:21:54
HUB-003,PKG-00238,DEPARTURE,2023-10-07 23:29:21
HUB-004,PKG-00717,DEPARTURE,2023-10-21 05:45:34
HUB-009,PKG-00917,SORTING,2023-10-09 09:36:43
HUB-001,PKG-00704,DEPARTURE,2023-10-29 10:07:23
HUB-002,PKG-01298,ARRIVAL,2023-10-11 23:37:40
HUB-005,PKG-01878,DEPARTURE,2023-10-04 23:34:33
HUB-012,PKG-00650,DEPARTURE,2023-10-27 18:17:35
HUB-004,PKG-02105,DEPARTURE,2023-10-31 02:21:56
HUB-003,PKG-02185,ARRIVAL,2023-10-15 07:30:53
HUB-003,PKG-01224,DEPARTURE,2023-10-02 12:16:17
HUB-002,PKG-00351,ARRIVAL,2023-10-28 10:01:11
HUB-001,PKG-00899,ARRIVAL,2023-10-05 10:13:25
HUB-003,PKG-00797,ARRIVAL,2023-10-31 10:57:46
HUB-004,PKG-01554,DEPARTURE,2023-10-11 08:14:05
HUB-011,PKG-00531,ARRIVAL,2023-10-30 23:28:19
HUB-009,PKG-02293,DEPARTURE,2023-10-18 10:48:38
HUB-002,PKG-02264,ARRIVAL,2023-10-30 11:38:16
HUB-004,PKG-00224,ARRIVAL,2023-10-14 11:49:44
HUB-002,PKG-02164,DEPARTURE,2023-10-22 04:09:24
HUB-004,PKG-00480,ARRIVAL,2023-10-18 01:18:15
HUB-002,PKG-02225,DEPARTURE,2023-10-16 13:32:13
HUB-001,PKG-00997,ARRIVAL,2023-10-10 15:56:08
HUB-004,PKG-02191,ARRIVAL,2023-10-04 13:40:28
HUB-011,PKG-01289,DEPARTURE,2023-10-14 01:00:51
HUB-007,PKG-00586,SORTING,2023-10-01 13:47:49
HUB-005,PKG-01540,ARRIVAL,2023-10-18 14:27:31
HUB-002,PKG-02009,DEPARTURE,2023-10-25 06:57:13
HUB-005,PKG-02205,DEPARTURE,2023-10-29 19:20:42
HUB-003,PKG-01464,DEPARTURE,2023-10-17 14:38:04
HUB-003,PKG-01044,ARRIVAL,2023-10-27 04:26:42
HUB-005,PKG-02183,ARRIVAL,2023-10-06 12:42:31
HUB-001,PKG-02251,ARRIVAL,2023-10-30 16:39:03
HUB-004,PKG-00209,DEPARTURE,2023-10-08 14:56:49
HUB-002,PKG-00766,DEPARTURE,2023-10-31 03:07:10
HUB-007,PKG-01867,DEPARTURE,2023-10-25 00:14:11
HUB-001,PKG-01587,DEPARTURE,2023-10-21 16:51:38
HUB-004,PKG-00580,DEPARTURE,2023-10-13 13:09:44
HUB-002,PKG-01386,DEPARTURE,2023-10-24 21:12:20
HUB-003,PKG-00808,ARRIVAL,2023-10-05 15:02:56
HUB-010,PKG-00932,DEPARTURE,2023-10-29 10:28:06
HUB-003,PKG-00069,ARRIVAL,2023-10-27 13:44:30
HUB-001,PKG-00558,ARRIVAL,2023-10-15 17:53:07
HUB-002,PKG-01447,DEPARTURE,2023-10-27 01:47:14
HUB-005,PKG-01446,DEPARTURE,2023-10-02 01:17:37
HUB-003,PKG-00155,SORTING,2023-10-29 16:33:54
HUB-001,PKG-00249,ARRIVAL,2023-10-29 13:48:09
HUB-001,PKG-01819,ARRIVAL,2023-10-19 01:24:57
HUB-002,PKG-02051,DEPARTURE,2023-10-22 01:46:37
HUB-004,PKG-00554,DEPARTURE,2023-10-29 17:03:47
HUB-005,PKG-01452,DEPARTURE,2023-10-15 01:53:37
HUB-002,PKG-00775,DEPARTURE,2023-10-14 06:41:46
HUB-007,PKG-00014,ARRIVAL,2023-10-21 06:46:32
HUB-003,PKG-02330,ARRIVAL,2023-10-15 05:50:59
HUB-004,PKG-01710,ARRIVAL,2023-10-11 14:23:19
HUB-006,PKG-01309,ARRIVAL,2023-10-23 09:18:42
HUB-001,PKG-00634,DEPARTURE,2023-10-23 00:55:10
HUB-001,PKG-00370,ARRIVAL,2023-10-12 05:45:48
HUB-006,PKG-02285,DEPARTURE,2023-10-27 15:47:44
HUB-011,PKG-00823,ARRIVAL,2023-10-22 21:50:05
HUB-003,PKG-02277,ARRIVAL,2023-10-15 23:46:30
HUB-012,PKG-02037,DEPARTURE,2023-10-25 20:43:11
HUB-006,PKG-00736,ARRIVAL,2023-10-27 14:56:52
HUB-002,PKG-00215,ARRIVAL,2023-10-19 13:55:39
HUB-001,PKG-00180,DEPARTURE,2023-10-22 20:31:27
HUB-002,PKG-01303,DEPARTURE,2023-10-28 11:10:44
HUB-001,PKG-00076,ARRIVAL,2023-10-05 15:19:10
HUB-010,PKG-01109,ARRIVAL,2023-10-28 13:50:32
HUB-003,PKG-00397,DEPARTURE,2023-10-20 05:37:25
HUB-001,PKG-00646,ARRIVAL,2023-10-15 19:58:27
HUB-003,PKG-00521,ARRIVAL,2023-10-18 12:26:01
HUB-009,PKG-00489,DEPARTURE,2023-10-20 10:57:42
HUB-005,PKG-00871,DEPARTURE,2023-10-25 04:36:26
HUB-005,PKG-00910,ARRIVAL,2023-10-15 14:30:38
HUB-001,PKG-00865,DEPARTURE,2023-10-04 07:56:52
HUB-004,PKG-00238,DEPARTURE,2023-10-08 11:42:18
HUB-001,PKG-01838,ARRIVAL,2023-10-22 12:40:56
HUB-006,PKG-01412,DEPARTURE,2023-10-29 11:49:07
HUB-007,PKG-02191,ARRIVAL,2023-10-04 21:09:08
HUB-005,PKG-01177,ARRIVAL,2023-10-26 09:02:54
HUB-005,PKG-01395,DEPARTURE,2023-10-13 04:14:55
HUB-004,PKG-01092,ARRIVAL,2023-10-25 19:04:18
HUB-008,PKG-00195,DEPARTURE,2023-10-16 21:35:31
HUB-011,PKG-00450,ARRIVAL,2023-10-20 19:38:31
HUB-003,PKG-01173,ARRIVAL,2023-10-20 20:25:21
HUB-005,PKG-00331,ARRIVAL,2023-10-19 23:33:57
HUB-011,PKG-00674,ARRIVAL,2023-10-23 00:02:45
HUB-003,PKG-02050,DEPARTURE,2023-10-16 08:50:20
HUB-002,PKG-01569,ARRIVAL,2023-10-23 22:44:09
HUB-012,PKG-01679,SORTING,2023-10-17 10:38:21
HUB-001,PKG-01813,DEPARTURE,2023-10-03 18:56:29
HUB-001,PKG-01076,DEPARTURE,2023-10-15 11:10:48
HUB-001,PKG-01078,ARRIVAL,2023-10-25 11:35:17
HUB-003,PKG-00846,DEPARTURE,2023-10-09 12:45:38
HUB-004,PKG-02388,SORTING,2023-10-06 13:35:03
HUB-003,PKG-01616,ARRIVAL,2023-10-25 11:35:38
HUB-006,PKG-01491,ARRIVAL,2023-10-09 07:25:40
HUB-005,PKG-00529,SORTING,2023-10-12 07:11:03
HUB-005,PKG-01679,DEPARTURE,2023-10-17 01:35:50
HUB-002,PKG-01555,DEPARTURE,2023-10-27 14:18:32
HUB-002,PKG-00682,ARRIVAL,2023-10-09 23:24:30
HUB-007,PKG-00630,ARRIVAL,2023-10-04 05:16:11
HUB-008,PKG-00669,ARRIVAL,2023-10-29 18:10:14
HUB-004,PKG-01386,DEPARTURE,2023-10-25 02:19:05
HUB-005,PKG-01520,DEPARTURE,2023-10-30 08:37:15
HUB-010,PKG-00472,ARRIVAL,2023-10-03 19:38:01
HUB-009,PKG-00249,DEPARTURE,2023-10-30 14:03:39
HUB-002,PKG-01677,ARRIVAL,2023-10-02 06:28:51
HUB-003,PKG-00697,ARRIVAL,2023-10-17 15:07:15
HUB-002,PKG-02053,ARRIVAL,2023-10-10 12:47:37
HUB-006,PKG-02155,ARRIVAL,2023-10-16 08:18:25
HUB-002,PKG-02071,DEPARTURE,2023-10-03 12:01:38
HUB-011,PKG-01248,ARRIVAL,2023-10-25 05:04:53
HUB-011,PKG-01665,DEPARTURE,2023-10-14 21:56:54
HUB-006,PKG-00155,DEPARTURE,2023-10-30 12:49:51
HUB-008,PKG-02218,DEPARTURE,2023-10-25 22:59:38
HUB-007,PKG-01950,DEPARTURE,2023-10-08 23:47:31
HUB-001,PKG-01694,DEPARTURE,2023-10-17 08:10:53
HUB-012,PKG-02052,ARRIVAL,2023-10-01 20:51:47
HUB-005,PKG-01806,DEPARTURE,2023-10-16 20:00:57
HUB-007,PKG-01099,ARRIVAL,2023-10-30 10:36:29
HUB-002,PKG-00734,DEPARTURE,2023-10-17 16:24:11
HUB-002,PKG-00884,ARRIVAL,2023-10-04 20:17:59
HUB-005,PKG-02207,ARRIVAL,2023-10-13 11:00:45
HUB-004,PKG-01772,ARRIVAL,2023-10-03 12:48:07
HUB-005,PKG-01638,DEPARTURE,2023-10-21 02:08:01
HUB-009,PKG-01227,ARRIVAL,2023-10-13 20:28:16
HUB-003,PKG-01893,SORTING,2023-10-10 07:41:26
HUB-011,PKG-02193,DEPARTURE,2023-10-08 06:44:51
HUB-005,PKG-00875,ARRIVAL,2023-10-04 14:44:35
HUB-004,PKG-00425,ARRIVAL,2023-10-24 07:49:09
HUB-004,PKG-01175,DEPARTURE,2023-10-28 01:18:28
HUB-002,PKG-00511,ARRIVAL,2023-10-17 05:17:05
HUB-005,PKG-00895,ARRIVAL,2023-10-15 17:59:21
HUB-009,PKG-01559,DEPARTURE,2023-10-31 05:02:14
HUB-002,PKG-01423,ARRIVAL,2023-10-31 02:07:32
HUB-007,PKG-00679,DEPARTURE,2023-10-04 12:53:16
HUB-008,PKG-00214,DEPARTURE,2023-10-16 15:33:33
HUB-009,PKG-00271,SORTING,2023-10-04 00:44:51
HUB-012,PKG-01614,ARRIVAL,2023-10-11 18:47:50
HUB-005,PKG-02332,DEPARTURE,2023-10-17 18:54:50
HUB-006,PKG-00781,DEPARTURE,2023-10-14 16:31:05
HUB-004,PKG-01704,DEPARTURE,2023-10-12 12:52:50
HUB-002,PKG-00812,ARRIVAL,2023-10-27 00:00:01
HUB-001,PKG-00650,DEPARTURE,2023-10-27 10:54:52
HUB-006,PKG-01196,DEPARTURE,2023-10-17 14:45:36
HUB-007,PKG-01599,ARRIVAL,2023-10-29 16:50:04
HUB-002,PKG-02243,ARRIVAL,2023-10-19 05:36:48
HUB-002,PKG-01036,ARRIVAL,2023-10-23 03:00:11
HUB-012,PKG-01666,DEPARTURE,2023-10-10 03:08:32
HUB-005,PKG-02084,DEPARTURE,2023-10-03 13:33:21
HUB-009,PKG-00482,ARRIVAL,2023-10-24 15:09:24
HUB-001,PKG-00403,DEPARTURE,2023-10-17 00:42:38
HUB-002,PKG-00106,DEPARTURE,2023-10-28 18:54:09
HUB-001,PKG-00287,ARRIVAL,2023-10-03 18:27:02
HUB-003,PKG-00601,DEPARTURE,2023-10-25 07:55:12
HUB-005,PKG-01421,ARRIVAL,2023-10-30 19:41:16
HUB-003,PKG-01753,DEPARTURE,2023-10-22 23:18:30
HUB-012,PKG-02334,ARRIVAL,2023-10-06 13:42:40
HUB-006,PKG-01942,DEPARTURE,2023-10-15 01:09:07
HUB-002,PKG-00028,DEPARTURE,2023-10-18 00:54:46
HUB-011,PKG-00659,DEPARTURE,2023-10-04 21:11:21
HUB-001,PKG-01662,DEPARTURE,2023-10-07 16:35:14
HUB-007,PKG-00073,ARRIVAL,2023-10-07 19:28:11
HUB-011,PKG-01852,ARRIVAL,2023-10-05 09:38:31
HUB-007,PKG-01551,ARRIVAL,2023-10-19 15:53:52
HUB-002,PKG-00340,ARRIVAL,2023-10-26 13:05:20
HUB-004,PKG-01908,DEPARTURE,2023-10-19 15:37:34
HUB-002,PKG-02195,ARRIVAL,2023-10-10 01:23:53
HUB-004,PKG-01461,ARRIVAL,2023-10-18 13:24:43
HUB-003,PKG-01832,DEPARTURE,2023-10-29 06:59:21
HUB-005,PKG-00391,ARRIVAL,2023-10-20 00:03:06
HUB-005,PKG-00346,DEPARTURE,2023-10-19 21:06:12
HUB-004,PKG-00300,ARRIVAL,2023-10-12 21:36:28
HUB-001,PKG-02229,DEPARTURE,2023-10-04 10:42:23
HUB-005,PKG-01561,DEPARTURE,
HUB-001,PKG-01064,ARRIVAL,2023-10-23 12:10:49
HUB-006,PKG-01609,ARRIVAL,2023-10-23 13:18:26
HUB-006,PKG-01470,DEPARTURE,2023-10-15 12:26:48
HUB-002,PKG-01069,DEPARTURE,2023-10-26 11:15:49
HUB-011,PKG-02172,ARRIVAL,2023-10-23 07:53:58
HUB-007,PKG-00737,DEPARTURE,2023-10-10 22:53:39
HUB-009,PKG-00022,ARRIVAL,2023-10-24 12:55:30
HUB-005,PKG-01878,ARRIVAL,2023-10-04 10:15:11
HUB-001,PKG-00472,ARRIVAL,2023-10-03 03:34:36
HUB-007,PKG-01622,DEPARTURE,2023-10-11 17:58:37
HUB-004,PKG-01066,DEPARTURE,2023-10-31 20:24:04
HUB-005,PKG-01851,DEPARTURE,2023-10-22 01:16:48
HUB-008,PKG-01122,DEPARTURE,2023-10-28 18:44:59
HUB-003,PKG-00491,ARRIVAL,2023-10-08 11:09:31
HUB-006,PKG-00414,DEPARTURE,2023-10-03 14:01:19
HUB-009,PKG-00016,DEPARTURE,2023-10-30 17:46:33
HUB-006,PKG-02299,DEPARTURE,2023-10-15 15:41:52
HUB-010,PKG-01380,ARRIVAL,2023-10-24 11:52:49
HUB-009,PKG-00861,DEPARTURE,2023-10-28 18:09:55
HUB-004,PKG-01402,DEPARTURE,2023-10-04 14:21:05
HUB-005,PKG-00559,DEPARTURE,2023-10-27 19:53:08
HUB-006,PKG-00968,ARRIVAL,2023-10-06 17:08:50
HUB-008,PKG-00972,DEPARTURE,2023-10-16 13:21:29
HUB-002,PKG-00390,ARRIVAL,2023-10-05 10:43:20
HUB-012,PKG-00397,DEPARTURE,2023-10-18 21:23:24
HUB-006,PKG-02281,DEPARTURE,2023-10-10 19:41:55
HUB-012,PKG-00729,ARRIVAL,2023-10-22 19:53:22
HUB-004,PKG-00474,ARRIVAL,2023-10-15 11:07:57
HUB-012,PKG-00719,ARRIVAL,2023-10-14 17:31:32
HUB-005,PKG-01734,ARRIVAL,2023-10-06 10:33:53
HUB-005,PKG-00356,DEPARTURE,2023-10-09 02:33:49
HUB-006,PKG-00416,ARRIVAL,2023-10-03 01:40:55
HUB-007,PKG-01620,DEPARTURE,2023-10-29 11:31:48
HUB-005,PKG-01402,ARRIVAL,2023-10-03 13:40:36
HUB-007,PKG-01103,ARRIVAL,2023-10-02 15:16:39
HUB-007,PKG-01921,ARRIVAL,2023-10-09 06:26:25
HUB-008,PKG-01920,DEPARTURE,2023-10-10 15:36:07
HUB-002,PKG-00911,DEPARTURE,2023-10-27 19:57:03
HUB-002,PKG-01129,DEPARTURE,2023-10-15 11:59:43
HUB-001,PKG-00674,DEPARTURE,2023-10-22 16:44:11
HUB-004,PKG-00272,DEPARTURE,2023-10-25 18:54:54
HUB-007,PKG-01926,DEPARTURE,2023-10-26 16:28:22
HUB-007,PKG-01225,DEPARTURE,2023-10-26 17:30:49
HUB-004,PKG-02326,ARRIVAL,2023-10-21 16:04:17
HUB-002,PKG-01474,ARRIVAL,2023-10-02 16:00:36
HUB-006,PKG-00453,ARRIVAL,2023-10-24 15:12:25
HUB-009,PKG-02128,ARRIVAL,2023-10-19 02:19:13
HUB-005,PKG-00508,ARRIVAL,2023-10-12 21:39:37
HUB-007,PKG-02273,DEPARTURE,2023-10-25 03:27:08
HUB-010,PKG-01690,DEPARTURE,2023-10-18 03:01:44
HUB-008,PKG-00398,DEPARTURE,2023-10-07 13:35:11
HUB-006,PKG-00579,DEPARTURE,2023-10-30 04:24:13
HUB-007,PKG-00750,ARRIVAL,2023-10-16 15:52:01
HUB-003,PKG-01558,DEPARTURE,2023-10-03 13:33:55
HUB-008,PKG-00965,ARRIVAL,2023-10-19 22:41:25
HUB-007,PKG-00718,ARRIVAL,2023-10-17 12:32:34
HUB-001,PKG-00359,ARRIVAL,2023-10-29 09:39:01
HUB-012,PKG-01775,DEPARTURE,2023-10-21 05:08:45
HUB-010,PKG-01123,DEPARTURE,2023-10-22 21:29:46
HUB-006,PKG-01436,DEPARTURE,2023-10-26 17:38:51
HUB-004,PKG-01461,DEPARTURE,2023-10-18 16:52:53
HUB-003,PKG-01988,DEPARTURE,2023-10-20 19:05:17
HUB-003,PKG-01814,ARRIVAL,2023-10-24 17:02:53
HUB-005,PKG-01061,DEPARTURE,2023-10-11 03:58:57
HUB-010,PKG-01557,DEPARTURE,2023-10-17 13:35:48
HUB-004,PKG-00429,DEPARTURE,2023-10-22 19:34:42
HUB-003,PKG-02397,ARRIVAL,2023-10-08 08:50:02
HUB-012,PKG-00593,ARRIVAL,2023-10-20 18:53:28
HUB-005,PKG-01551,DEPARTURE,2023-10-20 23:15:07
HUB-012,PKG-00449,ARRIVAL,2023-10-17 11:36:58
HUB-009,PKG-02000,ARRIVAL,2023-10-07 07:16:30
HUB-003,PKG-00034,DEPARTURE,2023-10-23 14:04:50
HUB-006,PKG-00414,ARRIVAL,2023-10-03 03:40:08
HUB-003,PKG-01205,ARRIVAL,2023-10-12 11:30:20
HUB-009,PKG-00017,ARRIVAL,2023-10-12 00:26:09
HUB-006,PKG-02106,ARRIVAL,2023-10-20 12:24:52
HUB-009,PKG-00146,ARRIVAL,2023-10-10 23:01:20
HUB-002,PKG-00307,DEPARTURE,2023-10-01 17:10:38
HUB-004,PKG-02057,ARRIVAL,2023-10-06 04:14:19
HUB-001,PKG-00639,ARRIVAL,2023-10-30 12:59:35
HUB-003,PKG-01059,ARRIVAL,2023-10-27 13:49:05
HUB-005,PKG-00956,DEPARTURE,2023-10-28 13:02:12
HUB-004,PKG-00881,DEPARTURE,2023-10-29 10:54:29
HUB-005,PKG-00085,DEPARTURE,2023-10-21 05:31:42
HUB-009,PKG-01270,DEPARTURE,2023-10-14 21:28:13
HUB-005,PKG-01526,DEPARTURE,2023-10-18 04:59:49
HUB-001,PKG-00267,ARRIVAL,2023-10-02 02:32:36
HUB-006,PKG-00761,DEPARTURE,2023-10-03 00:11:26
HUB-007,PKG-00582,DEPARTURE,2023-10-02 20:29:27
HUB-008,PKG-00545,ARRIVAL,2023-10-15 08:44:16
HUB-009,PKG-00606,DEPARTURE,2023-10-09 03:10:58
HUB-002,PKG-01565,DEPARTURE,2023-10-07 00:58:51
HUB-011,PKG-01558,ARRIVAL,2023-10-02 15:44:07
HUB-005,PKG-01626,ARRIVAL,2023-10-18 05:43:04
HUB-004,PKG-02093,ARRIVAL,2023-10-18 12:31:49
HUB-002,PKG-01274,DEPARTURE,2023-10-06 01:59:53
HUB-004,PKG-00977,ARRIVAL,2023-10-28 07:17:49
HUB-001,PKG-01899,DEPARTURE,2023-10-19 19:14:43
HUB-001,PKG-01929,DEPARTURE,2023-10-26 17:27:34
HUB-003,PKG-00274,DEPARTURE,2023-10-27 03:02:54
HUB-001,PKG-01920,ARRIVAL,2023-10-10 22:23:54
HUB-008,PKG-00943,ARRIVAL,2023-10-21 13:46:03
HUB-006,PKG-00919,DEPARTURE,2023-10-14 18:24:11
HUB-001,PKG-01743,DEPARTURE,2023-10-24 03:14:05
HUB-005,PKG-01199,DEPARTURE,2023-10-09 20:39:22
HUB-012,PKG-00210,ARRIVAL,2023-10-01 12:11:06
HUB-002,PKG-00281,ARRIVAL,2023-10-09 13:54:28
HUB-002,PKG-01995,ARRIVAL,2023-10-12 12:47:11
HUB-004,PKG-01468,DEPARTURE,2023-10-26 05:49:25
HUB-007,PKG-00823,ARRIVAL,2023-10-22 07:59:26
HUB-001,PKG-01047,ARRIVAL,2023-10-14 03:00:08
HUB-010,PKG-02178,DEPARTURE,2023-10-29 05:10:47
HUB-001,PKG-02250,ARRIVAL,2023-10-25 20:18:16
HUB-009,PKG-00344,ARRIVAL,2023-10-16 13:15:21
HUB-003,PKG-02322,SORTING,2023-10-04 10:17:59
HUB-003,PKG-02046,ARRIVAL,2023-10-03 04:32:13
HUB-006,PKG-02200,ARRIVAL,2023-10-20 13:25:07
HUB-004,PKG-02346,ARRIVAL,2023-10-11 07:25:42
HUB-009,PKG-02246,DEPARTURE,2023-10-09 18:28:39
HUB-005,PKG-02255,SORTING,2023-10-07 17:57:15
HUB-003,PKG-00593,DEPARTURE,2023-10-21 11:23:34
HUB-009,PKG-01122,ARRIVAL,2023-10-29 05:22:11
HUB-011,PKG-01787,ARRIVAL,2023-10-14 00:00:36
HUB-007,PKG-02364,ARRIVAL,2023-10-21 08:32:01
HUB-008,PKG-02140,DEPARTURE,2023-10-22 12:38:02
HUB-002,PKG-02017,DEPARTURE,2023-10-29 05:15:21
HUB-005,PKG-01992,DEPARTURE,2023-10-20 05:59:02
HUB-001,PKG-00958,ARRIVAL,2023-10-24 20:25:08
HUB-012,PKG-00051,ARRIVAL,2023-10-26 16:01:08
HUB-007,PKG-02364,DEPARTURE,2023-10-21 14:51:43
HUB-006,PKG-02291,DEPARTURE,2023-10-13 13:11:15
HUB-002,PKG-00019,DEPARTURE,2023-10-13 13:18:09
HUB-003,PKG-01401,DEPARTURE,2023-10-04 00:41:55
HUB-005,PKG-01196,DEPARTURE,2023-10-16 23:01:57
HUB-006,PKG-00602,DEPARTURE,2023-10-27 22:44:23
HUB-001,PKG-01327,DEPARTURE,2023-10-21 14:06:30
HUB-002,PKG-01833,DEPARTURE,2023-10-05 19:12:19
HUB-012,PKG-00501,DEPARTURE,2023-10-15 17:34:11
HUB-003,PKG-02310,ARRIVAL,2023-10-29 09:52:48
HUB-005,PKG-00635,DEPARTURE,2023-10-15 04:02:34
HUB-002,PKG-00194,DEPARTURE,2023-10-16 18:28:26
HUB-008,PKG-01632,ARRIVAL,2023-10-25 15:24:58
HUB-008,PKG-00242,DEPARTURE,2023-10-11 10:28:51
HUB-009,PKG-01477,ARRIVAL,2023-10-22 14:09:36
HUB-004,PKG-01187,ARRIVAL,2023-10-19 09:39:04
HUB-001,PKG-02264,DEPARTURE,2023-10-29 23:50:51
HUB-002,PKG-00413,DEPARTURE,2023-10-29 17:43:14
HUB-002,PKG-00580,ARRIVAL,2023-10-12 10:03:58
HUB-002,PKG-01268,DEPARTURE,2023-10-26 05:16:01
HUB-008,PKG-01354,DEPARTURE,2023-10-04 00:47:18
HUB-011,PKG-00281,ARRIVAL,2023-10-10 03:46:48
HUB-009,PKG-01482,ARRIVAL,2023-10-19 15:25:16
HUB-003,PKG-00834,DEPARTURE,2023-10-18 05:11:49
HUB-004,PKG-01868,ARRIVAL,2023-10-04 17:53:24
HUB-009,PKG-01950,DEPARTURE,2023-10-09 13:14:43
HUB-006,PKG-01965,SORTING,2023-10-02 06:45:37
HUB-008,PKG-02377,ARRIVAL,2023-10-19 15:23:03
HUB-010,PKG-01915,DEPARTURE,2023-10-19 02:26:58
HUB-002,PKG-01810,ARRIVAL,2023-10-13 03:35:19
HUB-003,PKG-01718,ARRIVAL,2023-10-18 17:56:40
HUB-011,PKG-00895,ARRIVAL,2023-10-16 20:37:45
HUB-006,PKG-00978,DEPARTURE,2023-10-08 06:30:59
HUB-008,PKG-02341,SORTING,2023-10-28 11:11:17
HUB-007,PKG-01648,ARRIVAL,2023-10-26 21:45:11
HUB-012,PKG-00595,ARRIVAL,2023-10-17 08:33:38
HUB-006,PKG-00741,ARRIVAL,2023-10-25 08:30:44
HUB-009,PKG-01833,DEPARTURE,2023-10-06 12:33:37
HUB-011,PKG-01402,DEPARTURE,2023-10-05 13:28:40
HUB-002,PKG-00779,ARRIVAL,2023-10-12 05:00:59
HUB-002,PKG-00504,DEPARTURE,2023-10-20 07:58:02
HUB-012,PKG-00228,DEPARTURE,2023-10-18 23:38:13
HUB-009,PKG-00547,DEPARTURE,2023-10-04 03:14:52
HUB-005,PKG-02028,DEPARTURE,2023-10-18 12:15:24
HUB-008,PKG-01911,ARRIVAL,2023-10-05 11:47:18
HUB-005,PKG-01254,ARRIVAL,2023-10-02 21:33:51
HUB-003,PKG-01248,DEPARTURE,2023-10-26 07:42:20
HUB-002,PKG-00010,DEPARTURE,0000-00-00 00:00:00
HUB-002,PKG-00962,DEPARTURE,2023-10-26 01:32:36
HUB-001,PKG-00625,DEPARTURE,2023-10-23 17:02:05
HUB-007,PKG-00782,ARRIVAL,2023-10-27 19:05:28
HUB-008,PKG-00316,ARRIVAL,2023-10-27 08:52:55
HUB-001,PKG-01802,SORTING,2023-10-28 08:25:24
HUB-007,PKG-01695,DEPARTURE,2023-10-16 05:03:10
HUB-001,PKG-00234,ARRIVAL,2023-10-16 08:24:28
HUB-012,PKG-01185,DEPARTURE,2023-10-31 01:23:22
HUB-001,PKG-00240,ARRIVAL,2023-10-10 15:16:50
HUB-004,PKG-00408,DEPARTURE,2023-10-11 07:23:55
HUB-009,PKG-01335,ARRIVAL,2023-10-12 15:32:42
HUB-005,PKG-00788,ARRIVAL,2023-10-05 07:17:10
HUB-001,PKG-00634,ARRIVAL,2023-10-22 21:41:34
HUB-004,PKG-00649,DEPARTURE,2023-10-08 22:27:13
HUB-005,PKG-00692,DEPARTURE,2023-10-03 16:05:11
HUB-012,PKG-01801,DEPARTURE,2023-10-10 18:35:09
HUB-006,PKG-00046,DEPARTURE,2023-10-22 12:36:17
HUB-001,PKG-00759,DEPARTURE,2023-10-04 20:13:19
HUB-003,PKG-00450,ARRIVAL,2023-10-21 14:39:10
HUB-006,PKG-01158,ARRIVAL,2023-10-22 12:06:57
HUB-003,PKG-02375,DEPARTURE,2023-10-12 20:50:53
HUB-008,PKG-01164,DEPARTURE,2023-10-21 06:20:24
HUB-005,PKG-01228,ARRIVAL,2023-10-11 11:09:03
HUB-005,PKG-00148,ARRIVAL,2023-10-07 11:07:26
HUB-007,PKG-01403,ARRIVAL,31/10/2023 25:61:00
HUB-008,PKG-00037,ARRIVAL,2023-10-28 00:42:55
HUB-002,PKG-00990,DEPARTURE,2023-10-23 22:09:15
HUB-001,PKG-01565,DEPARTURE,2023-10-07 13:42:22
HUB-007,PKG-01965,ARRIVAL,2023-10-02 14:02:39
HUB-001,PKG-00839,DEPARTURE,2023-10-26 11:14:22
HUB-009,PKG-01482,DEPARTURE,2023-10-19 19:36:00
HUB-005,PKG-02296,ARRIVAL,2023-10-22 04:22:04
HUB-007,PKG-00156,DEPARTURE,2023-10-16 16:29:18
HUB-010,PKG-01767,DEPARTURE,2023-10-17 07:29:12
HUB-009,PKG-02128,DEPARTURE,2023-10-19 10:55:02
HUB-009,PKG-01816,DEPARTURE,2023-10-11 08:39:36
HUB-001,PKG-00599,ARRIVAL,2023-10-24 15:45:05
HUB-006,PKG-01407,DEPARTURE,2023-10-23 12:00:40
HUB-001,PKG-01394,ARRIVAL,2023-10-22 13:34:27
HUB-011,PKG-00128,ARRIVAL,2023-10-09 02:51:34
HUB-001,PKG-01577,ARRIVAL,2023-10-22 16:23:43
HUB-005,PKG-00173,ARRIVAL,2023-10-23 16:30:37
HUB-001,PKG-01703,ARRIVAL,2023-10-17 09:17:10
HUB-002,PKG-02254,ARRIVAL,2023-10-02 09:00:55
HUB-001,PKG-00180,ARRIVAL,2023-10-22 10:40:49
HUB-001,PKG-00440,DEPARTURE,2023-10-13 23:31:12
HUB-008,PKG-00539,DEPARTURE,2023-10-06 14:09:38
HUB-007,PKG-01527,ARRIVAL,2023-10-21 22:49:35
HUB-003,PKG-00890,DEPARTURE,2023-10-08 19:34:40
HUB-001,PKG-02233,DEPARTURE,2023-10-18 21:26:58
HUB-003,PKG-00139,ARRIVAL,31/10/2023 25:61:00
HUB-009,PKG-01373,ARRIVAL,2023-10-25 18:28:34
HUB-005,PKG-01629,DEPARTURE,2023-10-04 07:22:46
HUB-004,PKG-02113,SORTING,2023-10-09 15:07:55
HUB-005,PKG-01323,ARRIVAL,2023-10-08 07:53:04
HUB-004,PKG-02040,ARRIVAL,2023-10-09 21:26:46
HUB-007,PKG-00645,DEPARTURE,2023-10-29 20:50:51
HUB-003,PKG-01818,ARRIVAL,2023-10-03 02:13:41
HUB-007,PKG-02233,ARRIVAL,2023-10-18 07:52:53
HUB-002,PKG-00511,DEPARTURE,2023-10-17 09:56:21
HUB-005,PKG-01979,ARRIVAL,2023-10-13 14:57:40
HUB-009,PKG-02101,ARRIVAL,2023-10-08 07:43:26
HUB-002,PKG-00299,SORTING,2023-10-09 06:46:31
HUB-001,PKG-01343,ARRIVAL,2023-10-27 16:37:59
HUB-003,PKG-02046,DEPARTURE,2023-10-03 11:29:55
HUB-012,PKG-00983,ARRIVAL,2023-10-10 02:34:03
HUB-007,PKG-00738,DEPARTURE,2023-10-05 13:19:37
HUB-002,PKG-01661,ARRIVAL,2023-10-01 21:38:57
HUB-002,PKG-00527,DEPARTURE,2023-10-12 21:48:35
HUB-008,PKG-01935,DEPARTURE,2023-10-09 05:01:03
HUB-009,PKG-01493,DEPARTURE,2023-10-15 09:49:15
HUB-006,PKG-01790,DEPARTURE,2023-10-17 13:17:17
HUB-005,PKG-02094,DEPARTURE,2023-10-04 03:31:21
HUB-010,PKG-01512,ARRIVAL,2023-10-24 07:46:35
HUB-003,PKG-01075,ARRIVAL,2023-10-23 03:52:22
HUB-008,PKG-00372,DEPARTURE,2023-10-04 04:44:16
HUB-005,PKG-02075,DEPARTURE,2023-10-04 22:06:07
HUB-012,PKG-01429,ARRIVAL,2023-10-17 12:29:39
HUB-003,PKG-00283,DEPARTURE,2023-10-15 23:16:55
HUB-001,PKG-02171,ARRIVAL,2023-10-22 11:55:13
HUB-007,PKG-00004,DEPARTURE,2023-10-26 01:16:25
HUB-005,PKG-01573,DEPARTURE,2023-10-23 05:37:01
HUB-001,PKG-01941,ARRIVAL,2023-10-18 19:31:12
HUB-003,PKG-01927,ARRIVAL,2023-10-16 08:30:04
HUB-001,PKG-02370,DEPARTURE,2023-10-03 19:28:32
HUB-004,PKG-01520,DEPARTURE,2023-10-31 09:47:56
HUB-002,PKG-00639,ARRIVAL,2023-10-31 04:28:45
HUB-006,PKG-01307,ARRIVAL,2023-10-22 03:37:21
HUB-007,PKG-00149,DEPARTURE,2023-10-30 15:43:35
HUB-001,PKG-01573,ARRIVAL,2023-10-23 15:07:56
HUB-004,PKG-00272,ARRIVAL,2023-10-25 15:32:02
HUB-003,PKG-01194,ARRIVAL,2023-10-04 23:50:35
HUB-004,PKG-00881,ARRIVAL,2023-10-29 06:48:29
HUB-006,PKG-00323,ARRIVAL,2023-10-29 07:48:17
HUB-002,PKG-01810,DEPARTURE,2023-10-13 09:39:43
HUB-007,PKG-00722,ARRIVAL,2023-10-19 13:35:22
HUB-003,PKG-00528,ARRIVAL,2023-10-08 05:54:13
HUB-003,PKG-02125,ARRIVAL,2023-10-10 11:14:12
HUB-012,PKG-00744,ARRIVAL,2023-10-06 13:04:37
HUB-008,PKG-00023,DEPARTURE,2023-10-02 10:59:09
HUB-003,PKG-02272,ARRIVAL,2023-10-08 12:59:48
HUB-002,PKG-00907,DEPARTURE,2023-10-03 21:10:23
HUB-012,PKG-01965,ARRIVAL,2023-10-01 18:01:56
HUB-005,PKG-01640,ARRIVAL,2023-10-07 07:34:29
HUB-005,PKG-01825,ARRIVAL,2023-10-31 09:36:54
HUB-002,PKG-00877,DEPARTURE,2023-10-14 07:06:26
HUB-001,PKG-00212,DEPARTURE,2023-10-25 20:33:42
HUB-009,PKG-00153,DEPARTURE,2023-10-31 01:05:03
HUB-006,PKG-01378,ARRIVAL,2023-10-27 05:47:03
HUB-004,PKG-00815,DEPARTURE,2023-10-03 20:20:23
HUB-003,PKG-00109,DEPARTURE,2023-10-09 04:17:09
HUB-005,PKG-00848,DEPARTURE,2023-10-22 17:49:31
HUB-007,PKG-00137,ARRIVAL,2023-10-30 14:26:44
HUB-009,PKG-01659,ARRIVAL,2023-10-23 13:47:48
HUB-001,PKG-01996,DEPARTURE,2023-10-20 14:38:41
HUB-003,PKG-01397,ARRIVAL,2023-10-25 12:12:50
HUB-002,PKG-00363,DEPARTURE,2023-10-15 23:28:47
HUB-006,PKG-02292,ARRIVAL,2023-10-10 10:54:38
HUB-004,PKG-01621,ARRIVAL,2023-10-01 22:47:14
HUB-007,PKG-02114,DEPARTURE,2023-10-15 21:43:28
HUB-005,PKG-02077,DEPARTURE,2023-10-26 14:48:47
HUB-003,PKG-01384,DEPARTURE,2023-10-14 15:03:36
HUB-008,PKG-00460,ARRIVAL,2023-10-03 01:47:13
HUB-005,PKG-01098,DEPARTURE,2023-10-28 22:46:42
HUB-011,PKG-00901,ARRIVAL,2023-10-16 20:12:26
HUB-001,PKG-02294,ARRIVAL,2023-10-23 14:56:49
HUB-004,PKG-01563,ARRIVAL,2023-10-23 17:43:56
HUB-003,PKG-02260,ARRIVAL,2023-10-19 13:57:42
HUB-009,PKG-00017,DEPARTURE,2023-10-12 05:03:05
HUB-004,PKG-00992,DEPARTURE,2023-10-11 04:51:13
HUB-001,PKG-01280,ARRIVAL,2023-10-24 20:54:47
HUB-001,PKG-00273,DEPARTURE,2023-10-11 07:26:25
HUB-010,PKG-00954,ARRIVAL,2023-10-10 15:22:13
HUB-008,PKG-01090,ARRIVAL,2023-10-05 00:23:59
HUB-004,PKG-01572,ARRIVAL,2023-10-18 23:57:39
HUB-001,PKG-02215,ARRIVAL,2023-10-17 05:30:47
HUB-009,PKG-01777,DEPARTURE,2023-10-06 11:52:32
HUB-007,PKG-00144,DEPARTURE,2023-10-18 12:19:33
HUB-002,PKG-02167,ARRIVAL,2023-10-28 23:53:52
HUB-001,PKG-02335,ARRIVAL,2023-10-03 11:08:41
HUB-001,PKG-01140,DEPARTURE,2023-10-13 09:30:13
HUB-003,PKG-01200,ARRIVAL,2023-10-15 19:54:19
HUB-003,PKG-02193,ARRIVAL,2023-10-07 07:13:08
HUB-009,PKG-02190,ARRIVAL,2023-10-10 17:54:39
HUB-005,PKG-02138,DEPARTURE,2023-10-25 22:42:47
HUB-011,PKG-00826,DEPARTURE,2023-10-02 09:14:12
HUB-006,PKG-01309,DEPARTURE,2023-10-23 15:12:49
HUB-012,PKG-01615,ARRIVAL,2023-10-11 11:02:50
HUB-006,PKG-00873,SORTING,2023-10-30 18:13:40
HUB-009,PKG-01128,ARRIVAL,2023-10-03 18:50:48
HUB-003,PKG-01218,DEPARTURE,2023-10-13 02:16:18
HUB-010,PKG-00267,ARRIVAL,2023-10-01 13:41:37
HUB-011,PKG-01180,ARRIVAL,2023-10-07 08:16:19
HUB-009,PKG-01347,DEPARTURE,2023-10-23 19:06:09
HUB-012,PKG-01906,ARRIVAL,2023-10-16 21:52:02
HUB-010,PKG-02158,SORTING,2023-10-11 05:41:35
HUB-001,PKG-01706,DEPARTURE,2023-10-08 18:03:08
HUB-005,PKG-00097,ARRIVAL,2023-10-27 18:36:38
HUB-008,PKG-00214,ARRIVAL,2023-10-16 10:44:38
HUB-012,PKG-01858,ARRIVAL,2023-10-25 11:25:27
HUB-006,PKG-00765,SORTING,2023-10-14 02:51:00
HUB-001,PKG-01647,DEPARTURE,2023-10-26 00:01:01
HUB-005,PKG-02094,ARRIVAL,2023-10-03 21:18:25
HUB-007,PKG-02312,DEPARTURE,2023-10-07 10:25:06
HUB-001,PKG-02214,DEPARTURE,2023-10-18 01:51:20
HUB-004,PKG-00172,DEPARTURE,2023-10-06 12:28:08
HUB-003,PKG-00862,DEPARTURE,2023-10-29 14:59:22
HUB-004,PKG-00685,SORTING,2023-10-24 21:27:53
HUB-001,PKG-00052,ARRIVAL,2023-10-17 20:58:27
HUB-003,PKG-00678,ARRIVAL,2023-10-29 09:07:45
HUB-001,PKG-01738,ARRIVAL,2023-10-09 12:59:26
HUB-006,PKG-00048,ARRIVAL,2023-10-13 10:42:54
HUB-006,PKG-01344,DEPARTURE,2023-10-18 23:11:20
HUB-010,PKG-00249,DEPARTURE,2023-10-31 08:09:22
HUB-010,PKG-00891,ARRIVAL,2023-10-16 17:47:24
HUB-002,PKG-01015,SORTING,2023-10-08 09:52:56
HUB-011,PKG-02393,DEPARTURE,2023-10-22 02:26:34
HUB-003,PKG-00887,ARRIVAL,2023-10-12 20:35:56
HUB-001,PKG-00428,DEPARTURE,2023-10-31 00:40:15
HUB-008,PKG-01521,DEPARTURE,2023-10-06 10:09:31
HUB-006,PKG-01134,ARRIVAL,2023-10-21 20:00:19
HUB-002,PKG-01784,ARRIVAL,2023-10-30 13:20:03
HUB-002,PKG-00275,ARRIVAL,2023-10-04 23:10:22
HUB-001,PKG-01376,ARRIVAL,2023-10-30 13:47:56
HUB-006,PKG-00675,SORTING,2023-10-13 00:26:08
HUB-001,PKG-02069,ARRIVAL,2023-10-07 07:15:32
HUB-004,PKG-01486,ARRIVAL,2023-10-01 09:50:15
HUB-001,PKG-01449,DEPARTURE,2023-10-24 03:31:12
HUB-005,PKG-01779,ARRIVAL,2023-10-26 13:16:36
HUB-002,PKG-01434,DEPARTURE,2023-10-30 21:33:36
HUB-012,PKG-00575,DEPARTURE,2023-10-25 17:58:10
HUB-001,PKG-00227,DEPARTURE,2023-10-10 21:56:15
HUB-002,PKG-01883,ARRIVAL,2023-10-24 20:53:19
HUB-009,PKG-00696,ARRIVAL,2023-10-10 12:32:39
HUB-008,PKG-01104,ARRIVAL,2023-10-24 05:08:11
HUB-005,PKG-01612,ARRIVAL,2023-10-16 06:46:46
HUB-008,PKG-02110,ARRIVAL,2023-10-25 14:22:16
HUB-002,PKG-01526,DEPARTURE,2023-10-18 18:09:02
HUB-012,PKG-00523,DEPARTURE,2023-10-19 15:02:01
HUB-003,PKG-01381,ARRIVAL,2023-10-04 17:46:49
HUB-001,PKG-00062,DEPARTURE,2023-10-05 04:04:33
HUB-001,PKG-01369,DEPARTURE,2023-10-26 05:02:35
HUB-006,PKG-02105,DEPARTURE,2023-10-30 21:15:47
HUB-003,PKG-01060,ARRIVAL,2023-10-12 17:14:15
HUB-001,PKG-01945,ARRIVAL,2023-10-18 14:16:03
HUB-005,PKG-01200,DEPARTURE,2023-10-14 21:12:50
HUB-011,PKG-02184,DEPARTURE,2023-10-28 01:56:53
HUB-010,PKG-01448,ARRIVAL,2023-10-13 12:17:16
HUB-006,PKG-00748,ARRIVAL,2023-10-31 13:00:37
HUB-005,PKG-02049,ARRIVAL,2023-10-13 09:03:03
HUB-002,PKG-01267,DEPARTURE,2023-10-16 16:35:46
HUB-003,PKG-01340,ARRIVAL,2023-10-11 15:14:06
HUB-001,PKG-00843,DEPARTURE,2023-10-13 15:49:13
HUB-005,PKG-01353,DEPARTURE,2023-10-26 13:30:18
HUB-001,PKG-00647,DEPARTURE,2023-10-02 15:41:19
HUB-002,PKG-00775,ARRIVAL,2023-10-13 19:17:50
HUB-004,PKG-01963,ARRIVAL,2023-10-01 18:33:41
HUB-006,PKG-00989,ARRIVAL,2023-10-25 11:08:54
HUB-011,PKG-00306,ARRIVAL,2023-10-07 06:16:44
HUB-002,PKG-01102,ARRIVAL,2023-10-23 03:35:08
HUB-005,PKG-00774,DEPARTURE,2023-10-11 20:15:54
HUB-007,PKG-01162,ARRIVAL,2023-10-30 02:43:16
HUB-003,PKG-00695,ARRIVAL,2023-10-24 14:09:22
HUB-006,PKG-01980,DEPARTURE,2023-10-05 00:58:20
HUB-008,PKG-01535,DEPARTURE,2023-10-20 11:39:06
HUB-002,PKG-01649,DEPARTURE,2023-10-17 22:03:09
HUB-004,PKG-01820,DEPARTURE,2023-10-17 08:51:38
HUB-007,PKG-00468,ARRIVAL,2023-10-26 22:24:16
HUB-002,PKG-00938,ARRIVAL,2023-10-02 13:52:41
HUB-009,PKG-01401,ARRIVAL,2023-10-04 03:17:04
HUB-005,PKG-01016,DEPARTURE,2023-10-20 17:05:42
HUB-002,PKG-01743,ARRIVAL,2023-10-23 11:00:36
HUB-006,PKG-02238,DEPARTURE,2023-10-13 07:40:33
HUB-004,PKG-01359,DEPARTURE,2023-10-01 22:20:47
HUB-010,PKG-02216,DEPARTURE,2023-10-30 14:31:44
HUB-008,PKG-01014,ARRIVAL,2023-10-05 10:02:36
HUB-009,PKG-02334,ARRIVAL,2023-10-07 05:06:46
HUB-001,PKG-00469,DEPARTURE,2023-10-24 18:49:19
HUB-002,PKG-00439,ARRIVAL,2023-10-11 11:54:41
HUB-011,PKG-00762,ARRIVAL,2023-10-29 21:34:56
HUB-001,PKG-02195,DEPARTURE,2023-10-09 19:38:03
HUB-005,PKG-00733,ARRIVAL,2023-10-27 16:17:23
HUB-002,PKG-01061,DEPARTURE,2023-10-12 06:44:51
HUB-009,PKG-00150,DEPARTURE,2023-10-19 10:57:51
HUB-010,PKG-00488,DEPARTURE,2023-10-12 11:01:03
HUB-002,PKG-01807,DEPARTURE,2023-10-19 05:52:15
HUB-007,PKG-00312,ARRIVAL,2023-10-20 09:30:06
HUB-001,PKG-00816,DEPARTURE,2023-10-13 14:03:10
HUB-007,PKG-00458,DEPARTURE,2023-10-16 23:21:23
HUB-003,PKG-02092,DEPARTURE,2023-10-27 12:06:18
HUB-005,PKG-00831,DEPARTURE,2023-10-27 09:03:33
HUB-011,PKG-01121,DEPARTURE,2023-10-10 17:19:32
HUB-006,PKG-00525,ARRIVAL,2023-10-20 15:40:38
HUB-002,PKG-01272,ARRIVAL,2023-10-12 12:33:36
HUB-005,PKG-01788,DEPARTURE,2023-10-28 16:01:56
HUB-008,PKG-00114,DEPARTURE,2023-10-12 18:33:43
HUB-008,PKG-00543,ARRIVAL,2023-10-14 02:37:16
HUB-006,PKG-01984,ARRIVAL,2023-10-22 10:18:50
HUB-001,PKG-00261,SORTING,2023-10-09 15:49:57
HUB-003,PKG-00473,DEPARTURE,2023-10-24 17:31:51
HUB-006,PKG-01341,DEPARTURE,2023-10-24 00:22:46
HUB-011,PKG-01998,ARRIVAL,2023-10-06 23:21:09
HUB-010,PKG-01800,DEPARTURE,2023-10-23 20:03:06
HUB-001,PKG-01818,DEPARTURE,2023-10-02 20:07:16
HUB-004,PKG-00690,ARRIVAL,2023-10-27 12:09:16
HUB-001,PKG-01425,ARRIVAL,2023-10-24 02:28:06
HUB-003,PKG-00475,DEPARTURE,2023-10-12 20:51:14
HUB-011,PKG-02042,DEPARTURE,2023-10-15 16:55:15
HUB-002,PKG-01567,DEPARTURE,2023-10-30 16:42:36
HUB-001,PKG-02280,ARRIVAL,2023-10-02 15:45:42
HUB-004,PKG-01598,DEPARTURE,2023-10-08 15:02:03
HUB-007,PKG-00389,DEPARTURE,2023-10-20 01:17:11
HUB-006,PKG-00615,DEPARTURE,2023-10-30 08:46:58
HUB-012,PKG-02235,DEPARTURE,2023-10-11 21:05:23
HUB-002,PKG-00167,DEPARTURE,2023-10-17 10:43:00
HUB-011,PKG-00980,ARRIVAL,2023-10-18 19:41:10
HUB-001,PKG-01804,ARRIVAL,2023-10-22 05:36:40
HUB-004,PKG-01314,ARRIVAL,2023-10-16 18:21:26
HUB-006,PKG-00588,ARRIVAL,2023-10-31 02:26:39
HUB-007,PKG-00226,ARRIVAL,2023-10-20 07:59:09
HUB-001,PKG-01688,DEPARTURE,2023-10-21 07:08:12
HUB-008,PKG-02233,DEPARTURE,2023-10-19 11:01:09
HUB-012,PKG-01864,DEPARTURE,2023-10-25 21:42:52
HUB-002,PKG-01932,DEPARTURE,2023-10-05 23:44:10
HUB-011,PKG-00771,DEPARTURE,2023-10-20 02:40:53
HUB-008,PKG-01322,DEPARTURE,2023-10-02 21:43:43
HUB-009,PKG-01777,ARRIVAL,2023-10-06 04:36:38
HUB-006,PKG-00836,ARRIVAL,2023-10-06 21:44:40
HUB-001,PKG-00922,ARRIVAL,2023-10-29 22:41:46
HUB-012,PKG-02297,DEPARTURE,2023-10-15 03:08:39
HUB-005,PKG-01799,DEPARTURE,2023-10-12 17:15:44
HUB-005,PKG-01630,ARRIVAL,2023-10-05 12:45:51
HUB-001,PKG-00402,ARRIVAL,2023-10-13 09:13:59
HUB-004,PKG-00296,ARRIVAL,2023-10-02 03:45:00
HUB-006,PKG-00597,ARRIVAL,2023-10-11 19:01:51
HUB-011,PKG-01314,SORTING,2023-10-17 17:53:09
HUB-009,PKG-00675,DEPARTURE,2023-10-13 13:52:52
HUB-003,PKG-00959,DEPARTURE,2023-10-03 01:20:16
HUB-012,PKG-00886,ARRIVAL,2023-10-17 08:15:40
HUB-001,PKG-01516,ARRIVAL,2023-10-29 15:22:22
HUB-007,PKG-00282,DEPARTURE,2023-10-24 19:30:05
HUB-006,PKG-00783,ARRIVAL,2023-10-08 14:45:40
HUB-003,PKG-00312,DEPARTURE,2023-10-20 01:28:43
HUB-005,PKG-00451,DEPARTURE,2023-10-09 13:17:09
HUB-003,PKG-01303,DEPARTURE,2023-10-27 20:09:29
HUB-004,PKG-00191,ARRIVAL,2023-10-14 21:03:06
HUB-005,PKG-00051,DEPARTURE,2023-10-27 23:04:27
HUB-006,PKG-00740,ARRIVAL,2023-10-09 05:41:50
HUB-004,PKG-01985,DEPARTURE,2023-10-17 09:11:39
HUB-002,PKG-01824,DEPARTURE,2023-10-29 15:16:48
HUB-007,PKG-02026,ARRIVAL,2023-10-05 20:11:28
HUB-002,PKG-01256,DEPARTURE,2023-10-03 15:31:36
HUB-011,PKG-00302,DEPARTURE,2023-10-03 12:28:16
HUB-006,PKG-00675,ARRIVAL,2023-10-12 22:49:21
HUB-001,PKG-00629,ARRIVAL,2023-10-24 19:01:28
HUB-004,PKG-01639,DEPARTURE,2023-10-21 09:53:55
HUB-001,PKG-01837,ARRIVAL,2023-10-08 06:14:03
HUB-001,PKG-01484,DEPARTURE,2023-10-17 22:36:27
HUB-006,PKG-00799,ARRIVAL,2023-10-02 17:58:52
HUB-005,PKG-00727,DEPARTURE,2023-10-20 09:50:22
HUB-004,PKG-02371,ARRIVAL,2023-10-16 15:05:17
HUB-006,PKG-00763,ARRIVAL,2023-10-06 15:05:19
HUB-011,PKG-01131,DEPARTURE,2023-10-27 15:27:51
HUB-006,PKG-01910,DEPARTURE,2023-10-15 16:50:19
HUB-002,PKG-02351,ARRIVAL,2023-10-13 12:29:02
HUB-003,PKG-01009,ARRIVAL,2023-10-20 12:21:14
HUB-008,PKG-00398,ARRIVAL,2023-10-07 09:33:11
HUB-011,PKG-00762,SORTING,2023-10-29 22:26:13
HUB-004,PKG-00347,ARRIVAL,2023-10-24 10:08:51
HUB-001,PKG-00330,ARRIVAL,2023-10-02 02:33:09
HUB-005,PKG-00653,DEPARTURE,2023-10-13 22:48:02
HUB-012,PKG-01436,ARRIVAL,2023-10-27 16:59:13
HUB-006,PKG-02231,ARRIVAL,2023-10-16 07:41:51
HUB-002,PKG-00709,ARRIVAL,2023-10-04 10:44:01
HUB-002,PKG-00814,ARRIVAL,2023-10-25 13:27:19
HUB-004,PKG-00852,ARRIVAL,2023-10-27 20:14:42
HUB-005,PKG-01139,ARRIVAL,2023-10-05 19:26:28
HUB-007,PKG-01745,DEPARTURE,2023-10-19 14:15:45
HUB-012,PKG-01965,DEPARTURE,2023-10-02 01:34:12
HUB-008,PKG-01092,DEPARTURE,2023-10-26 05:57:53
HUB-009,PKG-00878,DEPARTURE,2023-10-15 09:24:41
HUB-012,PKG-01041,DEPARTURE,2023-10-13 21:48:44
HUB-008,PKG-01144,ARRIVAL,2023-10-06 13:00:08
HUB-001,PKG-01563,DEPARTURE,2023-10-23 10:09:29
HUB-005,PKG-00123,ARRIVAL,2023-10-09 21:17:53
HUB-004,PKG-01806,DEPARTURE,2023-10-17 21:22:39
HUB-007,PKG-01492,SORTING,2023-10-06 16:45:53
HUB-008,PKG-00888,ARRIVAL,2023-10-15 18:16:28
HUB-004,PKG-01254,ARRIVAL,2023-10-02 13:38:48
HUB-001,PKG-01424,DEPARTURE,2023-10-06 16:26:29
HUB-002,PKG-00092,ARRIVAL,2023-10-23 03:26:33
HUB-003,PKG-00545,ARRIVAL,2023-10-14 17:37:19
HUB-009,PKG-02027,ARRIVAL,2023-10-18 14:21:04
HUB-009,PKG-01709,ARRIVAL,2023-10-18 12:00:27
HUB-010,PKG-02363,DEPARTURE,2023-10-25 07:36:29
HUB-005,PKG-01255,ARRIVAL,2023-10-07 06:05:16
HUB-008,PKG-00120,ARRIVAL,2023-10-19 04:47:49
HUB-003,PKG-01167,ARRIVAL,2023-10-24 13:46:37
HUB-007,PKG-01261,DEPARTURE,2023-10-30 09:45:34
HUB-004,PKG-00096,SORTING,2023-10-06 13:41:03
HUB-007,PKG-01631,ARRIVAL,2023-10-16 19:55:25
HUB-001,PKG-01938,ARRIVAL,2023-10-13 07:10:03
HUB-002,PKG-02169,ARRIVAL,2023-10-15 17:45:22
HUB-007,PKG-00468,DEPARTURE,2023-10-27 02:10:01
HUB-006,PKG-00465,ARRIVAL,2023-10-04 17:58:38
HUB-001,PKG-00581,ARRIVAL,2023-10-10 17:27:24
HUB-006,PKG-01617,ARRIVAL,2023-10-19 11:25:42
HUB-004,PKG-00592,SORTING,2023-10-05 07:40:36
HUB-004,PKG-01831,ARRIVAL,2023-10-20 17:35:36
HUB-007,PKG-01482,DEPARTURE,2023-10-20 07:09:42
HUB-005,PKG-00262,DEPARTURE,2023-10-13 10:17:21
HUB-003,PKG-00097,ARRIVAL,2023-10-28 15:55:34
HUB-011,PKG-00231,DEPARTURE,2023-10-30 06:14:53
HUB-005,PKG-01071,DEPARTURE,2023-10-27 00:49:54
HUB-002,PKG-01264,ARRIVAL,2023-10-07 16:44:27
HUB-009,PKG-00456,ARRIVAL,2023-10-19 11:43:18
HUB-002,PKG-02317,DEPARTURE,2023-10-03 11:31:03
HUB-002,PKG-00355,ARRIVAL,2023-10-07 09:13:19
HUB-008,PKG-01490,DEPARTURE,2023-10-23 22:20:03
HUB-002,PKG-00682,DEPARTURE,2023-10-10 07:54:21
HUB-008,PKG-01172,DEPARTURE,2023-10-18 18:02:20
HUB-011,PKG-00188,DEPARTURE,2023-10-02 14:41:34
HUB-008,PKG-00634,DEPARTURE,2023-10-22 10:11:56
HUB-010,PKG-01583,ARRIVAL,2023-10-30 06:11:04
HUB-005,PKG-02300,DEPARTURE,2023-10-14 22:39:59
HUB-012,PKG-02153,ARRIVAL,2023-10-11 19:00:45
HUB-002,PKG-01891,ARRIVAL,2023-10-18 14:36:22
HUB-003,PKG-00125,ARRIVAL,2023-10-23 01:05:04
HUB-001,PKG-02278,ARRIVAL,2023-10-21 09:27:33
HUB-002,PKG-01974,DEPARTURE,2023-10-27 12:06:14
HUB-004,PKG-01797,ARRIVAL,2023-10-18 04:26:30
HUB-005,PKG-02176,DEPARTURE,2023-10-25 14:43:47
HUB-005,PKG-02377,DEPARTURE,2023-10-21 05:43:48
HUB-011,PKG-01045,ARRIVAL,2023-10-22 17:04:41
HUB-001,PKG-02140,DEPARTURE,2023-10-21 21:50:20
HUB-005,PKG-00549,DEPARTURE,2023-10-11 16:02:14
HUB-002,PKG-00894,ARRIVAL,2023-10-12 08:52:49
HUB-002,PKG-00556,DEPARTURE,2023-10-06 21:07:02
HUB-006,PKG-00156,DEPARTURE,2023-10-17 06:40:11
HUB-005,PKG-01949,ARRIVAL,2023-10-26 13:37:49
HUB-002,PKG-00496,ARRIVAL,2023-10-19 06:20:24
HUB-003,PKG-00294,DEPARTURE,2023-10-19 20:48:45
HUB-001,PKG-01584,ARRIVAL,2023-10-11 21:44:41
HUB-003,PKG-01456,ARRIVAL,2023-10-27 05:17:50
HUB-010,PKG-01597,DEPARTURE,2023-10-07 06:48:12
HUB-004,PKG-00504,ARRIVAL,2023-10-19 00:48:49
HUB-012,PKG-00991,DEPARTURE,2023-10-18 06:41:44
HUB-006,PKG-00453,DEPARTURE,2023-10-24 19:06:39
HUB-001,PKG-01145,DEPARTURE,2023-10-21 11:37:25
HUB-001,PKG-01743,ARRIVAL,2023-10-23 22:50:12
HUB-002,PKG-00448,DEPARTURE,2023-10-12 04:15:14
HUB-005,PKG-01673,DEPARTURE,2023-10-17 14:32:50
HUB-001,PKG-00926,DEPARTURE,2023-10-03 15:35:26
HUB-001,PKG-01967,DEPARTURE,2023-10-18 22:23:10
HUB-001,PKG-01956,DEPARTURE,2023-10-13 13:33:30
HUB-001,PKG-02386,ARRIVAL,2023-10-17 09:45:30
HUB-003,PKG-01982,DEPARTURE,2023-10-19 06:49:55
HUB-007,PKG-01699,DEPARTURE,2023-10-24 16:52:12
HUB-003,PKG-01629,ARRIVAL,2023-10-03 10:46:38
HUB-004,PKG-00859,DEPARTURE,2023-10-21 02:42:53
HUB-007,PKG-01492,DEPARTURE,2023-10-06 21:11:23
HUB-012,PKG-02335,DEPARTURE,2023-10-03 23:28:22
HUB-002,PKG-00501,DEPARTURE,2023-10-16 02:52:01
HUB-003,PKG-01208,ARRIVAL,2023-10-07 14:58:19
HUB-008,PKG-01959,ARRIVAL,2023-10-03 13:37:48
HUB-004,PKG-00664,DEPARTURE,2023-10-03 12:58:01
HUB-009,PKG-01565,DEPARTURE,2023-10-06 08:59:36
HUB-009,PKG-01754,DEPARTURE,2023-10-13 13:41:56
HUB-012,PKG-00334,DEPARTURE,2023-10-10 21:13:03
HUB-010,PKG-01183,DEPARTURE,2023-10-26 18:57:39
HUB-005,PKG-00459,ARRIVAL,2023-10-11 14:50:29
HUB-001,PKG-00744,ARRIVAL,2023-10-05 10:50:23
HUB-001,PKG-02301,DEPARTURE,2023-10-12 16:40:02
HUB-007,PKG-00365,DEPARTURE,2023-10-29 07:07:09
HUB-004,PKG-00532,ARRIVAL,2023-10-18 12:08:25
HUB-001,PKG-01744,DEPARTURE,2023-10-08 02:00:29
HUB-002,PKG-00281,DEPARTURE,2023-10-09 19:06:45
HUB-005,PKG-00849,ARRIVAL,2023-10-26 06:05:20
HUB-008,PKG-00969,DEPARTURE,2023-10-07 05:28:58
HUB-012,PKG-02210,DEPARTURE,2023-10-09 09:41:18
HUB-009,PKG-00016,ARRIVAL,2023-10-30 14:42:39
HUB-005,PKG-01494,DEPARTURE,2023-10-11 23:14:17
HUB-005,PKG-00420,ARRIVAL,2023-10-19 11:45:26
HUB-005,PKG-01128,ARRIVAL,2023-10-02 18:47:12
HUB-001,PKG-00663,DEPARTURE,2023-10-28 18:53:00
HUB-011,PKG-00090,ARRIVAL,2023-10-30 09:18:56
HUB-003,PKG-00052,DEPARTURE,2023-10-16 23:40:21
HUB-001,PKG-01045,DEPARTURE,2023-10-23 10:43:01
HUB-007,PKG-01009,ARRIVAL,2023-10-21 00:35:25
HUB-004,PKG-00655,DEPARTURE,2023-10-20 18:16:56
HUB-008,PKG-00122,ARRIVAL,2023-10-14 09:58:03
HUB-006,PKG-00298,ARRIVAL,2023-10-09 07:59:40
HUB-003,PKG-01371,DEPARTURE,2023-10-30 22:40:14
HUB-003,PKG-00794,ARRIVAL,2023-10-06 18:23:29
HUB-010,PKG-01867,DEPARTURE,2023-10-25 06:41:08
HUB-005,PKG-00182,ARRIVAL,2023-10-14 03:53:30
HUB-007,PKG-00722,DEPARTURE,2023-10-19 20:17:25
HUB-003,PKG-01417,ARRIVAL,2023-10-09 05:44:17
HUB-001,PKG-01920,DEPARTURE,2023-10-11 03:11:46
HUB-005,PKG-01245,ARRIVAL,2023-10-20 09:48:58
HUB-008,PKG-01362,DEPARTURE,2023-10-28 17:16:14
HUB-005,PKG-01215,ARRIVAL,2023-10-15 14:03:07
HUB-001,PKG-00404,DEPARTURE,2023-10-01 09:08:02
HUB-010,PKG-01987,ARRIVAL,2023-10-14 01:12:44
HUB-003,PKG-01621,DEPARTURE,2023-10-01 11:43:28
HUB-004,PKG-01788,ARRIVAL,2023-10-27 14:16:50
HUB-008,PKG-01656,ARRIVAL,2023-10-19 13:48:20
HUB-008,PKG-01135,ARRIVAL,2023-10-04 15:22:36
HUB-004,PKG-01622,DEPARTURE,2023-10-11 03:44:29
HUB-001,PKG-00724,ARRIVAL,2023-10-20 01:48:23
HUB-007,PKG-00511,DEPARTURE,2023-10-18 00:32:17
HUB-003,PKG-02366,ARRIVAL,2023-10-26 23:32:24
HUB-009,PKG-00303,ARRIVAL,2023-10-08 10:10:58
HUB-002,PKG-01067,DEPARTURE,2023-10-04 18:52:17
HUB-001,PKG-01394,DEPARTURE,2023-10-22 18:51:37
HUB-003,PKG-01118,DEPARTURE,2023-10-25 05:25:49
HUB-001,PKG-02280,DEPARTURE,2023-10-02 18:34:22
HUB-008,PKG-00539,ARRIVAL,2023-10-06 10:15:14
HUB-009,PKG-00824,DEPARTURE,2023-10-14 08:26:51
HUB-008,PKG-00021,ARRIVAL,2023-10-23 11:15:58
HUB-005,PKG-01012,DEPARTURE,2023-10-19 12:04:17
HUB-003,PKG-00072,DEPARTURE,2023-10-01 15:11:53
HUB-004,PKG-01241,ARRIVAL,2023-10-09 06:56:28
HUB-007,PKG-01613,DEPARTURE,2023-10-07 21:05:55
HUB-005,PKG-00895,DEPARTURE,2023-10-16 08:21:37
HUB-008,PKG-01390,ARRIVAL,2023-10-04 07:30:26
HUB-003,PKG-01723,ARRIVAL,2023-10-10 05:47:55
HUB-012,PKG-01494,DEPARTURE,2023-10-12 12:03:50
HUB-006,PKG-00465,DEPARTURE,2023-10-05 01:16:15
HUB-009,PKG-01336,DEPARTURE,2023-10-16 11:41:26
HUB-002,PKG-01824,SORTING,2023-10-29 13:34:05
HUB-001,PKG-01569,ARRIVAL,2023-10-23 13:33:24
HUB-008,PKG-01298,DEPARTURE,2023-10-11 13:39:40
HUB-001,PKG-00462,DEPARTURE,2023-10-11 02:21:56
HUB-002,PKG-01077,DEPARTURE,2023-10-06 19:46:06
HUB-003,PKG-00829,SORTING,2023-10-02 18:22:36
HUB-001,PKG-00754,ARRIVAL,2023-10-26 19:58:47
HUB-010,PKG-00041,ARRIVAL,2023-10-16 21:46:00
HUB-008,PKG-00195,ARRIVAL,2023-10-16 17:04:16
HUB-001,PKG-02076,ARRIVAL,2023-10-26 19:08:19
HUB-006,PKG-02327,DEPARTURE,2023-10-22 16:52:28
HUB-002,PKG-02173,ARRIVAL,2023-10-12 23:56:18
HUB-001,PKG-00605,DEPARTURE,2023-10-05 20:47:43
HUB-002,PKG-00570,ARRIVAL,2023-10-21 12:51:13
HUB-001,PKG-01838,DEPARTURE,2023-10-22 19:41:24
HUB-003,PKG-00700,ARRIVAL,2023-10-03 10:25:17
HUB-001,PKG-01387,ARRIVAL,2023-10-14 14:08:09
HUB-010,PKG-01597,ARRIVAL,2023-10-06 21:03:21
HUB-004,PKG-00124,ARRIVAL,2023-10-27 09:13:31
HUB-001,PKG-01331,DEPARTURE,2023-10-20 22:44:18
HUB-007,PKG-01992,DEPARTURE,2023-10-19 14:12:30
HUB-009,PKG-00392,DEPARTURE,2023-10-18 16:51:49
HUB-011,PKG-00304,ARRIVAL,2023-10-12 15:42:01
HUB-002,PKG-01731,DEPARTURE,2023-10-23 22:54:03
HUB-008,PKG-02048,DEPARTURE,2023-10-15 04:20:14
HUB-012,PKG-02348,DEPARTURE,2023-10-02 16:01:17
HUB-010,PKG-01508,DEPARTURE,2023-10-23 21:22:55
HUB-002,PKG-00942,ARRIVAL,2023-10-01 03:09:18
HUB-001,PKG-01515,DEPARTURE,2023-10-27 14:04:13
HUB-001,PKG-02206,ARRIVAL,2023-10-29 09:05:05
HUB-007,PKG-01452,ARRIVAL,2023-10-16 00:07:54
HUB-008,PKG-00753,DEPARTURE,2023-10-15 23:35:59
HUB-004,PKG-00377,ARRIVAL,2023-10-12 08:44:42
HUB-005,PKG-02237,DEPARTURE,2023-13-45 99:00:00
HUB-006,PKG-00678,DEPARTURE,2023-10-30 01:28:33
HUB-002,PKG-00937,DEPARTURE,2023-10-23 02:09:38
HUB-003,PKG-01193,ARRIVAL,2023-10-07 15:57:03
HUB-008,PKG-00608,ARRIVAL,2023-10-26 19:24:27
HUB-002,PKG-01138,DEPARTURE,2023-10-22 05:27:27
HUB-001,PKG-00137,ARRIVAL,2023-10-31 02:11:38
HUB-008,PKG-00091,DEPARTURE,2023-10-25 19:28:01
HUB-003,PKG-00178,ARRIVAL,2023-10-12 16:18:13
HUB-011,PKG-00308,ARRIVAL,2023-10-16 16:58:22
HUB-006,PKG-00767,DEPARTURE,2023-10-29 19:48:24
HUB-005,PKG-01022,ARRIVAL,2023-10-26 02:39:16
HUB-001,PKG-01882,DEPARTURE,2023-10-25 19:23:23
HUB-010,PKG-01051,ARRIVAL,2023-10-18 15:00:19
HUB-008,PKG-01172,ARRIVAL,2023-10-18 11:40:57
HUB-009,PKG-00884,ARRIVAL,2023-10-05 09:23:17
HUB-006,PKG-02106,DEPARTURE,2023-10-20 17:43:00
HUB-012,PKG-00073,DEPARTURE,2023-10-08 13:02:31
HUB-009,PKG-00015,ARRIVAL,2023-10-15 05:26:54
HUB-002,PKG-01714,DEPARTURE,2023-10-05 20:07:16
HUB-010,PKG-01969,SORTING,2023-10-06 14:57:18
HUB-012,PKG-02210,ARRIVAL,2023-10-09 03:55:41
HUB-005,PKG-00148,DEPARTURE,2023-10-08 08:45:53
HUB-003,PKG-02374,ARRIVAL,2023-10-11 11:09:17
HUB-005,PKG-00615,DEPARTURE,2023-10-31 01:34:58
HUB-007,PKG-00049,SORTING,2023-10-20 21:40:26
HUB-001,PKG-00934,ARRIVAL,2023-10-21 14:29:52
HUB-005,PKG-01369,DEPARTURE,2023-10-25 19:30:57
HUB-001,PKG-02186,ARRIVAL,2023-10-26 00:48:51
HUB-003,PKG-00528,DEPARTURE,2023-10-08 13:11:28
HUB-011,PKG-00161,ARRIVAL,2023-10-15 12:21:27
HUB-004,PKG-00984,DEPARTURE,2023-10-02 11:54:18
HUB-004,PKG-01359,ARRIVAL,2023-10-01 14:35:57
HUB-009,PKG-02242,ARRIVAL,2023-10-23 04:03:31
HUB-007,PKG-01031,DEPARTURE,2023-10-27 14:26:36
HUB-012,PKG-01429,DEPARTURE,2023-10-17 16:29:19
HUB-007,PKG-01180,DEPARTURE,2023-10-08 03:11:55
HUB-006,PKG-01093,DEPARTURE,2023-10-04 15:29:13
HUB-006,PKG-00441,ARRIVAL,2023-10-06 13:19:12
HUB-003,PKG-01627,ARRIVAL,2023-10-20 12:04:41
HUB-004,PKG-01380,ARRIVAL,2023-10-25 00:31:46
HUB-012,PKG-00083,DEPARTURE,2023-10-24 21:17:27
HUB-003,PKG-00294,ARRIVAL,2023-10-20 05:15:48
HUB-001,PKG-00012,ARRIVAL,2023-10-20 17:04:43
HUB-003,PKG-00155,ARRIVAL,2023-10-29 11:33:48
HUB-005,PKG-01644,DEPARTURE,2023-10-26 02:31:57
HUB-002,PKG-01823,ARRIVAL,2023-10-13 13:13:26
HUB-012,PKG-00677,ARRIVAL,2023-10-29 02:49:59
HUB-002,PKG-00556,ARRIVAL,2023-10-06 13:00:09
HUB-002,PKG-00221,DEPARTURE,2023-10-12 19:40:04
HUB-005,PKG-01230,ARRIVAL,2023-10-25 23:59:25
HUB-006,PKG-01269,ARRIVAL,2023-10-16 11:37:50
HUB-001,PKG-01422,ARRIVAL,2023-10-11 07:33:37
HUB-002,PKG-01453,ARRIVAL,2023-10-16 10:04:18
HUB-007,PKG-00786,DEPARTURE,2023-10-20 00:42:02
HUB-009,PKG-00548,DEPARTURE,2023-10-08 18:41:52
HUB-002,PKG-01943,DEPARTURE,2023-10-10 09:29:30
HUB-002,PKG-01949,ARRIVAL,2023-10-27 00:11:10
HUB-006,PKG-01687,DEPARTURE,2023-10-29 03:36:28
HUB-012,PKG-00729,DEPARTURE,2023-10-23 03:42:17
HUB-003,PKG-00129,DEPARTURE,2023-10-03 19:22:45
HUB-001,PKG-01057,DEPARTURE,2023-10-18 15:02:26
HUB-006,PKG-02104,ARRIVAL,2023-10-12 01:54:32
HUB-001,PKG-01233,ARRIVAL,2023-10-07 23:36:26
HUB-001,PKG-00583,DEPARTURE,2023-10-27 19:01:06
HUB-001,PKG-00795,DEPARTURE,2023-10-03 17:47:12
HUB-004,PKG-00841,DEPARTURE,2023-10-20 21:16:35
HUB-003,PKG-01239,SORTING,2023-10-22 20:48:48
HUB-001,PKG-01648,SORTING,2023-10-27 21:23:29
HUB-004,PKG-00185,DEPARTURE,2023-10-10 13:02:30
HUB-006,PKG-00017,ARRIVAL,2023-10-11 15:16:11
HUB-001,PKG-00505,DEPARTURE,2023-10-06 01:05:48
HUB-009,PKG-01980,ARRIVAL,2023-10-05 03:09:28
HUB-004,PKG-01248,ARRIVAL,2023-10-24 17:34:59
HUB-010,PKG-00730,DEPARTURE,2023-10-17 19:11:32
HUB-008,PKG-02341,DEPARTURE,2023-10-28 12:49:50
HUB-005,PKG-00697,DEPARTURE,2023-10-18 20:33:21
HUB-012,PKG-00280,DEPARTURE,2023-10-17 19:40:09
HUB-005,PKG-00756,ARRIVAL,2023-10-04 08:45:12
HUB-002,PKG-01272,DEPARTURE,2023-10-12 20:15:30
HUB-012,PKG-01531,DEPARTURE,2023-10-13 15:59:45
HUB-003,PKG-02173,DEPARTURE,2023-10-14 01:19:36
HUB-010,PKG-01450,DEPARTURE,2023-10-03 17:08:55
HUB-003,PKG-02147,DEPARTURE,2023-10-12 19:37:13
HUB-003,PKG-00178,DEPARTURE,2023-10-13 00:28:25
HUB-005,PKG-01724,DEPARTURE,2023-10-12 08:54:05
HUB-001,PKG-01228,DEPARTURE,2023-10-13 01:18:01
HUB-010,PKG-01709,DEPARTURE,2023-10-18 00:04:18
HUB-005,PKG-02398,DEPARTURE,2023-10-15 06:37:03
HUB-007,PKG-01297,DEPARTURE,2023-10-10 02:24:18
HUB-011,PKG-01412,SORTING,2023-10-29 23:02:23
HUB-001,PKG-00148,ARRIVAL,2023-10-06 21:23:56
HUB-006,PKG-00302,ARRIVAL,2023-10-02 09:53:47
HUB-001,PKG-00151,ARRIVAL,2023-10-11 12:30:58
HUB-004,PKG-00039,DEPARTURE,2023-10-09 01:36:48
HUB-004,PKG-01429,ARRIVAL,2023-10-18 01:14:40
HUB-007,PKG-01409,DEPARTURE,2023-10-22 20:54:39
HUB-001,PKG-00773,DEPARTURE,2023-10-22 17:55:28
HUB-003,PKG-02230,ARRIVAL,2023-10-29 00:29:52
HUB-003,PKG-00783,DEPARTURE,2023-10-09 15:28:41
HUB-008,PKG-00463,ARRIVAL,31/10/2023 25:61:00
HUB-012,PKG-00898,DEPARTURE,2023-10-19 00:52:41
HUB-003,PKG-01823,ARRIVAL,2023-10-14 16:02:39
HUB-006,PKG-02013,DEPARTURE,2023-10-26 23:16:32
HUB-009,PKG-01491,ARRIVAL,2023-10-08 19:46:09
HUB-005,PKG-00620,ARRIVAL,2023-10-12 14:49:18
HUB-011,PKG-02339,ARRIVAL,2023-10-26 02:54:21
HUB-004,PKG-01730,ARRIVAL,2023-10-14 12:02:59
HUB-004,PKG-00339,ARRIVAL,2023-10-29 15:35:57
HUB-003,PKG-00070,DEPARTURE,2023-10-12 11:10:20
HUB-007,PKG-00855,ARRIVAL,2023-10-29 08:59:52
HUB-008,PKG-01144,DEPARTURE,2023-10-06 15:53:10
HUB-002,PKG-02248,DEPARTURE,2023-10-18 02:16:00
HUB-002,PKG-00282,ARRIVAL,2023-10-25 16:58:05
HUB-007,PKG-01396,DEPARTURE,2023-10-07 21:10:40
HUB-001,PKG-01961,SORTING,2023-10-28 20:38:32
HUB-004,PKG-02012,DEPARTURE,2023-10-06 12:31:02
HUB-001,PKG-01857,DEPARTURE,2023-10-03 00:43:18
HUB-004,PKG-01537,DEPARTURE,2023-10-30 00:57:14
HUB-010,PKG-02216,ARRIVAL,2023-10-30 06:51:44
HUB-004,PKG-00409,ARRIVAL,2023-10-16 10:06:42
HUB-012,PKG-00401,DEPARTURE,2023-10-23 08:22:34
HUB-002,PKG-02126,ARRIVAL,2023-10-29 11:48:57
HUB-004,PKG-01249,ARRIVAL,2023-10-21 08:37:46
HUB-006,PKG-01466,DEPARTURE,2023-10-18 00:17:47
HUB-007,PKG-02273,ARRIVAL,2023-10-24 23:16:30
HUB-003,PKG-00834,ARRIVAL,2023-10-17 08:29:01
HUB-002,PKG-01824,ARRIVAL,2023-10-29 11:51:22
HUB-003,PKG-00887,DEPARTURE,2023-10-13 01:49:35
HUB-005,PKG-02232,DEPARTURE,2023-10-29 02:05:51
HUB-007,PKG-01570,ARRIVAL,2023-10-17 02:41:34
HUB-003,PKG-01213,ARRIVAL,2023-10-11 20:30:59
HUB-007,PKG-00599,DEPARTURE,2023-10-25 09:35:49
HUB-011,PKG-02070,ARRIVAL,2023-10-19 00:45:39
HUB-002,PKG-02198,ARRIVAL,2023-10-23 09:03:01
HUB-008,PKG-00642,DEPARTURE,2023-10-07 20:14:18
HUB-010,PKG-00231,DEPARTURE,2023-10-29 15:23:49
HUB-004,PKG-00756,ARRIVAL,2023-10-05 16:08:14
HUB-005,PKG-01871,DEPARTURE,2023-10-10 18:45:22
HUB-004,PKG-00474,DEPARTURE,2023-10-15 17:19:55
HUB-004,PKG-01375,ARRIVAL,2023-10-26 21:57:42
HUB-008,PKG-01613,ARRIVAL,2023-10-07 08:07:06
HUB-003,PKG-01988,ARRIVAL,2023-10-20 14:32:22
HUB-008,PKG-00064,ARRIVAL,2023-10-30 18:36:39
HUB-003,PKG-02039,DEPARTURE,2023-10-25 22:46:31
HUB-002,PKG-00157,ARRIVAL,2023-10-28 10:21:23
HUB-002,PKG-00613,ARRIVAL,2023-10-30 08:17:35
HUB-001,PKG-02263,ARRIVAL,2023-10-21 22:57:22
HUB-004,PKG-01782,DEPARTURE,2023-10-26 09:45:29
HUB-003,PKG-02374,DEPARTURE,2023-10-11 15:58:55
HUB-005,PKG-01979,DEPARTURE,2023-10-14 01:39:12
HUB-003,PKG-00820,ARRIVAL,2023-10-21 12:13:18
HUB-003,PKG-01080,ARRIVAL,2023-10-20 11:18:58
HUB-008,PKG-01292,DEPARTURE,2023-10-18 09:38:54
HUB-004,PKG-00585,DEPARTURE,2023-10-07 21:59:14
HUB-009,PKG-00482,DEPARTURE,2023-10-24 21:51:59
HUB-005,PKG-01460,ARRIVAL,2023-10-30 05:35:48
HUB-012,PKG-00691,ARRIVAL,0000-00-00 00:00:00
HUB-008,PKG-00251,ARRIVAL,2023-10-28 05:38:59
HUB-009,PKG-02074,ARRIVAL,2023-10-03 14:57:29
HUB-005,PKG-02213,DEPARTURE,2023-10-20 03:00:22
HUB-011,PKG-00285,ARRIVAL,2023-10-06 23:12:19
HUB-003,PKG-00208,DEPARTURE,2023-10-17 13:43:47
HUB-012,PKG-00436,ARRIVAL,2023-10-27 22:55:40
HUB-010,PKG-01623,ARRIVAL,2023-10-06 13:46:05
HUB-001,PKG-01186,ARRIVAL,2023-10-24 09:28:50
HUB-002,PKG-00991,DEPARTURE,2023-10-19 01:40:45
HUB-002,PKG-02163,DEPARTURE,2023-10-20 19:21:11
HUB-008,PKG-02322,ARRIVAL,2023-10-03 19:22:27
HUB-005,PKG-01589,DEPARTURE,2023-10-10 07:17:53
HUB-001,PKG-01056,ARRIVAL,2023-10-19 11:36:09
HUB-005,PKG-00254,DEPARTURE,2023-10-21 15:23:54
HUB-005,PKG-01243,DEPARTURE,2023-10-25 22:18:11
HUB-003,PKG-01967,DEPARTURE,2023-10-18 13:11:13
HUB-005,PKG-00817,DEPARTURE,2023-10-13 17:32:53
HUB-004,PKG-01209,ARRIVAL,2023-10-20 17:17:59
HUB-011,PKG-00636,ARRIVAL,2023-10-18 11:43:47
HUB-004,PKG-00473,DEPARTURE,2023-10-25 19:09:09
HUB-009,PKG-01167,DEPARTURE,2023-10-24 02:48:16
HUB-012,PKG-00045,ARRIVAL,2023-10-11 09:29:24
HUB-009,PKG-00863,DEPARTURE,2023-10-06 12:38:20
HUB-004,PKG-00667,DEPARTURE,2023-10-25 14:30:15
HUB-004,PKG-00630,DEPARTURE,2023-10-03 18:30:52
HUB-005,PKG-01614,DEPARTURE,2023-10-12 17:19:44
HUB-011,PKG-01002,DEPARTURE,2023-10-22 04:28:38
HUB-010,PKG-00954,DEPARTURE,2023-10-10 18:31:29
HUB-009,PKG-00252,DEPARTURE,2023-10-17 20:32:00
HUB-001,PKG-02307,DEPARTURE,2023-10-22 13:52:43
HUB-006,PKG-01884,DEPARTURE,2023-10-23 12:07:40
HUB-003,PKG-01028,ARRIVAL,2023-10-11 14:58:02
HUB-003,PKG-01606,DEPARTURE,2023-10-30 03:30:19
HUB-003,PKG-01631,ARRIVAL,2023-10-17 10:32:30
HUB-003,PKG-00109,ARRIVAL,2023-10-08 22:27:05
HUB-011,PKG-01433,SORTING,2023-10-22 11:53:01
HUB-007,PKG-01747,SORTING,2023-10-07 19:59:45
HUB-002,PKG-00240,ARRIVAL,2023-10-11 01:04:17
HUB-008,PKG-00054,ARRIVAL,2023-10-26 01:59:57
HUB-006,PKG-01149,ARRIVAL,2023-10-06 13:08:05
HUB-002,PKG-00457,ARRIVAL,2023-10-16 23:44:08
HUB-002,PKG-00409,ARRIVAL,2023-10-17 01:21:28
HUB-007,PKG-01678,DEPARTURE,
HUB-004,PKG-01609,DEPARTURE,2023-10-24 00:11:59
HUB-011,PKG-01309,DEPARTURE,2023-10-24 09:27:00
HUB-001,PKG-00293,DEPARTURE,2023-10-07 15:06:29
HUB-011,PKG-00617,SORTING,2023-10-22 19:01:21
HUB-001,PKG-00359,DEPARTURE,2023-10-29 13:53:14
HUB-003,PKG-01994,DEPARTURE,2023-10-04 13:49:57
HUB-006,PKG-00253,DEPARTURE,2023-10-23 10:02:59
HUB-009,PKG-00859,ARRIVAL,2023-10-20 14:55:11
HUB-005,PKG-02257,ARRIVAL,2023-10-16 14:53:36
HUB-005,PKG-00860,ARRIVAL,2023-10-30 17:20:50
HUB-003,PKG-01008,DEPARTURE,2023-10-19 20:10:28
HUB-012,PKG-01279,DEPARTURE,2023-10-13 11:56:47
HUB-002,PKG-00162,ARRIVAL,2023-10-17 06:10:07
HUB-006,PKG-01041,ARRIVAL,2023-10-14 19:06:12
HUB-005,PKG-00331,DEPARTURE,2023-10-20 12:54:35
HUB-008,PKG-01265,ARRIVAL,2023-10-30 17:10:01
HUB-006,PKG-00709,DEPARTURE,2023-10-04 21:40:30
HUB-001,PKG-00993,DEPARTURE,2023-10-03 16:07:58
HUB-009,PKG-00437,DEPARTURE,2023-10-17 05:49:40
HUB-004,PKG-00802,DEPARTURE,2023-10-26 14:41:46
HUB-010,PKG-00433,ARRIVAL,2023-10-25 22:09:16
HUB-002,PKG-00788,DEPARTURE,2023-10-04 23:37:13
HUB-003,PKG-00254,ARRIVAL,2023-10-19 12:03:42
HUB-002,PKG-01242,ARRIVAL,2023-10-13 21:19:41
HUB-004,PKG-01732,ARRIVAL,2023-10-10 06:48:23
HUB-003,PKG-02085,DEPARTURE,2023-10-28 00:14:53
HUB-005,PKG-00327,DEPARTURE,2023-10-10 14:44:10
HUB-011,PKG-00188,ARRIVAL,2023-10-02 10:41:20
HUB-004,PKG-01620,DEPARTURE,2023-10-29 23:51:43
HUB-010,PKG-00141,ARRIVAL,2023-10-03 04:42:15
HUB-001,PKG-00770,DEPARTURE,2023-10-03 06:25:48
HUB-006,PKG-01856,DEPARTURE,2023-10-07 15:02:34
HUB-008,PKG-01632,DEPARTURE,2023-10-25 21:34:09
HUB-008,PKG-00634,ARRIVAL,2023-10-22 06:46:59
HUB-005,PKG-01630,DEPARTURE,2023-10-05 18:14:00
HUB-007,PKG-01313,DEPARTURE,2023-10-06 17:57:32
HUB-001,PKG-01569,DEPARTURE,2023-10-23 20:05:07
HUB-005,PKG-00314,DEPARTURE,2023-10-21 19:24:11
HUB-002,PKG-00010,ARRIVAL,2023-10-14 22:22:27
HUB-005,PKG-02192,ARRIVAL,2023-10-11 12:43:28
HUB-006,PKG-00900,ARRIVAL,2023-10-24 21:40:43
HUB-008,PKG-01657,DEPARTURE,2023-10-06 22:50:08
HUB-001,PKG-01053,DEPARTURE,2023-10-23 04:39:06
HUB-001,PKG-01489,ARRIVAL,2023-10-18 06:29:00
HUB-012,PKG-01069,ARRIVAL,2023-10-26 15:19:04
HUB-002,PKG-00307,ARRIVAL,2023-10-01 12:39:28
HUB-003,PKG-00850,DEPARTURE,2023-10-15 12:07:31
HUB-006,PKG-01966,ARRIVAL,2023-10-09 11:57:45
HUB-010,PKG-01255,ARRIVAL,2023-10-05 20:13:21
HUB-003,PKG-01508,ARRIVAL,2023-10-22 18:28:47
HUB-004,PKG-02013,ARRIVAL,2023-10-26 07:51:59
HUB-011,PKG-02379,ARRIVAL,2023-10-24 06:28:36
HUB-004,PKG-00667,ARRIVAL,2023-10-25 06:44:44
HUB-012,PKG-00549,ARRIVAL,2023-10-12 20:08:43
HUB-004,PKG-01696,DEPARTURE,2023-10-17 05:25:45
HUB-004,PKG-00883,DEPARTURE,2023-10-04 13:40:04
HUB-012,PKG-01756,ARRIVAL,2023-10-06 14:12:07
HUB-003,PKG-01107,DEPARTURE,2023-10-17 17:50:23
HUB-006,PKG-01537,ARRIVAL,2023-10-28 14:08:39
HUB-001,PKG-02113,ARRIVAL,2023-10-10 01:17:38
HUB-007,PKG-00031,ARRIVAL,2023-10-04 12:47:34
HUB-003,PKG-01212,DEPARTURE,2023-10-06 00:04:42
HUB-004,PKG-01962,DEPARTURE,2023-10-28 03:55:04
HUB-002,PKG-00197,ARRIVAL,2023-10-18 12:26:12
HUB-007,PKG-01807,ARRIVAL,2023-10-18 11:31:37
HUB-001,PKG-00889,ARRIVAL,2023-10-16 15:31:11
HUB-003,PKG-00869,ARRIVAL,2023-10-11 14:40:25
HUB-003,PKG-00909,DEPARTURE,2023-10-07 18:00:17
HUB-004,PKG-02188,ARRIVAL,2023-10-05 16:10:35
HUB-002,PKG-02400,DEPARTURE,2023-10-17 20:10:47
HUB-003,PKG-00442,ARRIVAL,2023-10-29 22:11:05
HUB-011,PKG-00045,DEPARTURE,2023-10-11 06:59:58
HUB-008,PKG-01944,DEPARTURE,2023-10-22 11:37:47
HUB-002,PKG-00001,ARRIVAL,2023-10-04 08:05:37
HUB-003,PKG-01983,ARRIVAL,2023-10-30 10:52:57
HUB-010,PKG-01163,DEPARTURE,2023-10-25 17:16:24
HUB-008,PKG-01797,ARRIVAL,2023-10-17 15:21:19
HUB-008,PKG-00322,ARRIVAL,2023-10-26 04:16:47
HUB-003,PKG-00049,DEPARTURE,2023-10-18 10:14:58
HUB-003,PKG-00049,ARRIVAL,2023-10-18 06:09:56
HUB-001,PKG-01230,DEPARTURE,2023-10-25 21:03:07
HUB-012,PKG-00077,ARRIVAL,2023-10-09 15:34:05
HUB-007,PKG-00193,DEPARTURE,2023-10-24 09:34:21
HUB-003,PKG-01641,ARRIVAL,2023-10-27 14:30:32
HUB-012,PKG-01494,ARRIVAL,2023-10-12 04:38:37
HUB-001,PKG-00976,ARRIVAL,2023-10-24 00:13:04
HUB-008,PKG-01316,DEPARTURE,2023-10-06 11:05:39
HUB-011,PKG-01083,ARRIVAL,2023-10-01 16:27:36
HUB-001,PKG-00553,ARRIVAL,2023-10-12 14:04:07
HUB-007,PKG-02377,ARRIVAL,2023-10-19 21:45:04
HUB-001,PKG-02285,ARRIVAL,2023-10-26 17:07:59
HUB-008,PKG-02251,DEPARTURE,2023-10-30 10:37:00
HUB-001,PKG-00934,DEPARTURE,2023-10-21 19:56:03
HUB-001,PKG-00857,ARRIVAL,2023-10-26 06:58:49
HUB-006,PKG-01719,ARRIVAL,2023-10-29 09:46:03
HUB-004,PKG-00018,ARRIVAL,2023-10-22 12:58:21
HUB-001,PKG-01595,DEPARTURE,2023-10-09 17:27:28
HUB-004,PKG-00374,ARRIVAL,2023-10-24 03:27:48
HUB-002,PKG-01355,DEPARTURE,2023-10-11 01:14:33
HUB-002,PKG-02225,ARRIVAL,2023-10-16 09:40:48
HUB-002,PKG-01087,ARRIVAL,2023-10-26 09:22:11
HUB-005,PKG-01971,DEPARTURE,2023-10-12 05:31:08
HUB-002,PKG-01468,DEPARTURE,2023-10-25 22:08:11
HUB-012,PKG-02079,ARRIVAL,2023-10-22 15:08:57
HUB-006,PKG-01977,DEPARTURE,2023-10-26 01:56:50
HUB-007,PKG-01106,ARRIVAL,2023-10-14 18:05:06
HUB-010,PKG-00610,ARRIVAL,2023-10-23 08:45:08
HUB-012,PKG-01811,DEPARTURE,2023-10-23 13:08:35
HUB-004,PKG-00778,ARRIVAL,2023-10-05 01:13:46
HUB-003,PKG-00328,ARRIVAL,2023-10-23 19:52:36
HUB-005,PKG-01402,DEPARTURE,2023-10-03 22:29:12
HUB-009,PKG-00533,ARRIVAL,2023-10-19 13:10:23
HUB-003,PKG-01256,ARRIVAL,
HUB-001,PKG-00563,ARRIVAL,2023-10-25 07:02:15
HUB-009,PKG-00195,DEPARTURE,2023-10-17 12:34:12
HUB-006,PKG-01407,ARRIVAL,2023-10-23 06:54:52
HUB-004,PKG-00483,DEPARTURE,2023-10-04 15:47:52
HUB-001,PKG-00479,ARRIVAL,2023-10-18 20:22:56
HUB-003,PKG-01708,DEPARTURE,2023-10-27 16:37:07
HUB-002,PKG-01555,ARRIVAL,2023-10-27 09:24:16
HUB-005,PKG-01917,ARRIVAL,2023-10-19 14:03:49
HUB-003,PKG-02244,DEPARTURE,2023-10-15 21:55:53
HUB-005,PKG-02013,ARRIVAL,2023-10-27 06:05:46
HUB-003,PKG-02079,ARRIVAL,2023-10-23 01:37:34
HUB-003,PKG-01166,DEPARTURE,2023-10-29 19:53:20
HUB-006,PKG-02180,DEPARTURE,2023-10-03 23:38:23
HUB-002,PKG-01914,ARRIVAL,2023-10-21 15:33:50
HUB-002,PKG-00712,DEPARTURE,2023-10-18 12:07:27
HUB-012,PKG-00725,DEPARTURE,2023-10-22 00:14:49
HUB-001,PKG-02183,DEPARTURE,2023-10-05 16:56:37
HUB-003,PKG-00509,DEPARTURE,2023-10-24 02:36:00
HUB-005,PKG-02296,DEPARTURE,2023-10-22 11:50:27
HUB-001,PKG-01836,ARRIVAL,2023-10-02 10:47:41
HUB-004,PKG-02331,DEPARTURE,2023-10-27 20:48:44
HUB-001,PKG-01661,DEPARTURE,2023-10-01 11:31:40
HUB-008,PKG-01222,ARRIVAL,2023-10-20 02:09:42
HUB-006,PKG-00668,DEPARTURE,2023-10-20 02:43:57
HUB-002,PKG-01367,ARRIVAL,2023-10-08 08:33:19
HUB-012,PKG-00873,ARRIVAL,2023-10-31 13:32:19
HUB-001,PKG-01468,DEPARTURE,2023-10-26 11:15:01
HUB-002,PKG-00870,ARRIVAL,2023-10-07 07:14:04
HUB-005,PKG-02071,DEPARTURE,2023-10-02 21:26:56
HUB-004,PKG-00889,ARRIVAL,2023-10-16 03:51:58
HUB-007,PKG-01528,DEPARTURE,2023-10-17 01:26:05
HUB-005,PKG-00594,DEPARTURE,2023-10-13 03:15:15
HUB-007,PKG-01643,ARRIVAL,2023-10-11 13:11:22
HUB-002,PKG-01627,DEPARTURE,2023-10-21 04:40:57
HUB-003,PKG-01862,ARRIVAL,2023-10-22 05:46:18
HUB-012,PKG-00917,ARRIVAL,2023-10-10 06:44:13
HUB-008,PKG-00225,DEPARTURE,2023-10-11 22:49:30
HUB-004,PKG-02002,DEPARTURE,2023-10-19 11:53:56
HUB-011,PKG-00508,DEPARTURE,2023-10-12 14:38:42
HUB-007,PKG-00866,DEPARTURE,2023-10-06 01:27:49
HUB-002,PKG-00546,DEPARTURE,2023-10-22 08:36:18
HUB-001,PKG-00705,DEPARTURE,2023-10-07 20:00:46
HUB-001,PKG-01207,DEPARTURE,2023-10-05 11:15:11
HUB-002,PKG-00100,ARRIVAL,2023-10-11 20:25:51
HUB-009,PKG-02042,ARRIVAL,2023-10-14 19:02:05
HUB-012,PKG-00317,DEPARTURE,2023-10-29 08:26:40
HUB-001,PKG-01269,ARRIVAL,2023-10-16 19:44:24
HUB-003,PKG-01722,ARRIVAL,2023-10-28 14:42:34
HUB-005,PKG-00980,DEPARTURE,2023-10-20 04:35:09
HUB-008,PKG-02218,ARRIVAL,2023-10-25 18:42:24
HUB-009,PKG-00800,SORTING,2023-10-03 19:01:27
HUB-002,PKG-01990,DEPARTURE,2023-10-21 22:34:52
HUB-002,PKG-00126,DEPARTURE,2023-10-18 06:57:53
HUB-001,PKG-01168,ARRIVAL,2023-10-30 02:54:01
HUB-006,PKG-00179,DEPARTURE,2023-10-22 22:31:25
HUB-003,PKG-01899,DEPARTURE,2023-10-19 03:59:31
HUB-005,PKG-01223,DEPARTURE,2023-10-04 01:31:35
HUB-006,PKG-01344,ARRIVAL,2023-10-18 11:55:57
HUB-010,PKG-02344,ARRIVAL,2023-10-06 22:44:27
HUB-005,PKG-00872,ARRIVAL,2023-10-14 20:33:27
HUB-003,PKG-00846,ARRIVAL,2023-10-09 06:55:57
HUB-002,PKG-00344,ARRIVAL,2023-10-17 03:06:56
HUB-009,PKG-00830,ARRIVAL,2023-10-06 11:46:08
HUB-007,PKG-01741,DEPARTURE,2023-10-14 20:58:31
HUB-005,PKG-00747,ARRIVAL,2023-10-03 14:05:38
HUB-003,PKG-02120,ARRIVAL,2023-10-19 12:45:07
HUB-011,PKG-00186,DEPARTURE,2023-10-18 20:50:26
HUB-005,PKG-00115,DEPARTURE,2023-10-01 18:23:37
HUB-007,PKG-00988,DEPARTURE,2023-10-11 02:59:33
HUB-003,PKG-01025,DEPARTURE,2023-10-06 19:10:28
HUB-005,PKG-02318,ARRIVAL,2023-10-06 10:34:42
HUB-007,PKG-00792,SORTING,2023-10-24 08:56:05
HUB-005,PKG-01972,ARRIVAL,2023-10-18 17:42:15
HUB-006,PKG-00698,ARRIVAL,2023-10-20 16:35:29
HUB-001,PKG-01755,DEPARTURE,2023-10-08 22:59:08
HUB-004,PKG-02188,DEPARTURE,2023-10-05 21:54:02
HUB-002,PKG-01901,DEPARTURE,2023-10-25 05:48:25
HUB-004,PKG-00182,ARRIVAL,2023-10-13 13:50:51
HUB-007,PKG-02191,DEPARTURE,2023-10-05 03:27:08
HUB-003,PKG-00796,ARRIVAL,2023-10-07 04:28:10
HUB-004,PKG-01512,ARRIVAL,2023-10-23 16:29:08
HUB-011,PKG-01013,DEPARTURE,2023-10-29 06:23:27
HUB-001,PKG-01818,ARRIVAL,2023-10-02 17:04:21
HUB-005,PKG-02227,ARRIVAL,2023-10-08 13:52:40
HUB-007,PKG-02123,SORTING,2023-10-16 17:25:22
HUB-005,PKG-01540,DEPARTURE,2023-10-19 02:05:04
HUB-012,PKG-01611,ARRIVAL,2023-10-27 12:03:32
HUB-003,PKG-02371,DEPARTURE,2023-10-17 13:48:54
HUB-009,PKG-00901,ARRIVAL,2023-10-16 08:54:10
HUB-002,PKG-01836,ARRIVAL,2023-10-01 19:01:49
HUB-008,PKG-01944,ARRIVAL,2023-10-22 07:59:01
HUB-008,PKG-01687,DEPARTURE,2023-10-28 11:02:59
HUB-003,PKG-02120,DEPARTURE,2023-10-19 23:35:47
HUB-009,PKG-00675,ARRIVAL,2023-10-13 07:09:49
HUB-004,PKG-00411,ARRIVAL,2023-10-24 00:50:58
HUB-003,PKG-01435,ARRIVAL,2023-10-24 15:51:45
HUB-006,PKG-02301,DEPARTURE,2023-10-12 00:19:40
HUB-001,PKG-01547,ARRIVAL,2023-10-26 12:55:21
HUB-010,PKG-01194,DEPARTURE,2023-10-05 15:48:10
HUB-006,PKG-00736,DEPARTURE,2023-10-27 19:40:01
HUB-004,PKG-01579,ARRIVAL,2023-10-04 03:30:11
HUB-005,PKG-00741,DEPARTURE,2023-10-25 01:06:38
HUB-001,PKG-01694,ARRIVAL,2023-10-17 04:13:48
HUB-004,PKG-01376,ARRIVAL,2023-10-31 00:31:05
HUB-007,PKG-02268,ARRIVAL,2023-10-14 20:12:15
HUB-001,PKG-01128,DEPARTURE,2023-10-02 14:53:47
HUB-002,PKG-00089,ARRIVAL,2023-10-22 12:04:33
HUB-011,PKG-00864,DEPARTURE,2023-10-17 02:25:53
HUB-004,PKG-02024,ARRIVAL,2023-10-17 16:22:59
HUB-003,PKG-01004,ARRIVAL,2023-10-05 21:18:32
HUB-001,PKG-01459,ARRIVAL,2023-10-09 08:50:36
HUB-002,PKG-01033,DEPARTURE,2023-10-30 10:05:35
HUB-004,PKG-00609,ARRIVAL,2023-10-08 11:52:50
HUB-002,PKG-01003,ARRIVAL,2023-10-16 03:01:44
HUB-009,PKG-00690,DEPARTURE,2023-10-27 09:04:10
HUB-006,PKG-02150,ARRIVAL,2023-10-14 23:13:11
HUB-001,PKG-02064,DEPARTURE,2023-10-05 11:40:56
HUB-001,PKG-01633,DEPARTURE,2023-10-21 17:00:35
HUB-001,PKG-01101,ARRIVAL,2023-10-26 13:53:03
HUB-005,PKG-02133,ARRIVAL,2023-10-08 12:13:11
HUB-006,PKG-02160,ARRIVAL,2023-10-16 12:57:08
HUB-002,PKG-01028,ARRIVAL,2023-10-12 07:13:50
HUB-001,PKG-00184,ARRIVAL,2023-10-21 04:10:55
HUB-005,PKG-00387,ARRIVAL,2023-10-25 02:01:42
HUB-008,PKG-01687,ARRIVAL,2023-10-28 05:02:34
HUB-004,PKG-02098,ARRIVAL,2023-10-09 10:55:58
HUB-012,PKG-02011,ARRIVAL,2023-10-09 14:43:01
HUB-007,PKG-01509,DEPARTURE,2023-10-12 17:27:05
HUB-001,PKG-00653,ARRIVAL,2023-10-12 17:51:39
HUB-002,PKG-01388,DEPARTURE,2023-10-26 22:12:51
HUB-001,PKG-00610,ARRIVAL,2023-10-23 18:39:10
HUB-003,PKG-00967,ARRIVAL,2023-10-29 13:47:12
HUB-005,PKG-01198,ARRIVAL,2023-10-31 00:12:06
HUB-001,PKG-01098,ARRIVAL,2023-10-30 00:56:38
HUB-011,PKG-01606,ARRIVAL,2023-10-28 04:00:16
HUB-004,PKG-01189,DEPARTURE,2023-10-24 14:28:39
HUB-005,PKG-01243,ARRIVAL,2023-10-25 13:00:16
HUB-008,PKG-01889,DEPARTURE,2023-10-09 14:25:46
HUB-001,PKG-00171,DEPARTURE,2023-10-25 16:36:39
HUB-008,PKG-00715,ARRIVAL,2023-10-10 09:49:40
HUB-005,PKG-00879,DEPARTURE,2023-10-01 20:02:10
HUB-011,PKG-01343,DEPARTURE,2023-10-28 16:16:38
HUB-001,PKG-01967,ARRIVAL,2023-10-18 19:25:51
HUB-008,PKG-01368,DEPARTURE,2023-10-05 18:54:30
HUB-001,PKG-01115,DEPARTURE,2023-10-23 17:34:12
HUB-003,PKG-01976,DEPARTURE,2023-10-23 19:21:50
HUB-001,PKG-01523,ARRIVAL,2023-10-13 15:47:25
HUB-005,PKG-00927,DEPARTURE,2023-10-25 17:49:45
HUB-012,PKG-00179,ARRIVAL,2023-10-23 08:33:06
HUB-006,PKG-01787,SORTING,2023-10-15 05:18:02
HUB-007,PKG-01107,DEPARTURE,2023-10-18 05:15:46
HUB-003,PKG-01892,ARRIVAL,2023-10-04 03:46:13
HUB-002,PKG-01033,ARRIVAL,2023-10-30 02:46:48
HUB-005,PKG-01430,ARRIVAL,2023-10-29 12:17:58
HUB-006,PKG-01299,ARRIVAL,2023-10-13 23:52:02
HUB-006,PKG-02084,ARRIVAL,2023-10-01 12:11:25
HUB-003,PKG-01025,ARRIVAL,2023-10-06 12:00:00
HUB-002,PKG-00418,ARRIVAL,2023-10-04 11:28:54
HUB-006,PKG-00694,ARRIVAL,2023-10-01 16:55:51
HUB-011,PKG-01735,DEPARTURE,2023-10-02 19:41:43
HUB-005,PKG-01096,DEPARTURE,2023-10-17 07:39:11
HUB-004,PKG-00726,DEPARTURE,2023-10-06 23:32:21
HUB-010,PKG-00784,ARRIVAL,2023-10-15 18:35:41
HUB-004,PKG-02137,ARRIVAL,2023-10-15 13:52:11
HUB-002,PKG-01308,ARRIVAL,2023-10-16 06:53:57
HUB-009,PKG-01313,DEPARTURE,2023-10-05 21:57:09
HUB-001,PKG-02135,DEPARTURE,2023-10-14 21:07:45
HUB-010,PKG-01160,ARRIVAL,2023-10-17 17:10:44
HUB-002,PKG-01140,DEPARTURE,2023-10-12 22:12:08
HUB-011,PKG-02190,ARRIVAL,2023-10-11 09:52:13
HUB-009,PKG-00727,DEPARTURE,2023-10-21 02:18:12
HUB-009,PKG-00917,DEPARTURE,2023-10-09 11:55:59
HUB-001,PKG-02198,ARRIVAL,2023-10-22 16:51:16
HUB-003,PKG-01636,ARRIVAL,2023-10-04 17:53:20
HUB-001,PKG-00230,ARRIVAL,2023-10-19 14:34:43
HUB-002,PKG-01886,DEPARTURE,2023-10-06 14:10:21
HUB-007,PKG-01276,DEPARTURE,2023-10-28 22:12:36
HUB-001,PKG-01956,ARRIVAL,2023-10-13 08:01:51
HUB-007,PKG-00970,ARRIVAL,2023-10-06 17:12:33
HUB-003,PKG-00538,ARRIVAL,2023-10-03 07:17:35
HUB-008,PKG-01880,ARRIVAL,2023-10-29 13:59:13
HUB-003,PKG-01616,DEPARTURE,2023-10-26 00:01:20
HUB-010,PKG-00167,DEPARTURE,2023-10-18 07:08:59
HUB-007,PKG-01390,DEPARTURE,
HUB-001,PKG-00432,DEPARTURE,2023-10-05 11:58:30
HUB-010,PKG-02250,ARRIVAL,2023-10-25 05:36:46
HUB-001,PKG-00707,ARRIVAL,2023-10-07 15:13:16
HUB-002,PKG-02066,DEPARTURE,2023-10-30 20:35:11
HUB-002,PKG-01754,DEPARTURE,2023-10-13 00:50:56
HUB-008,PKG-01443,DEPARTURE,2023-10-24 23:36:01
HUB-001,PKG-01972,ARRIVAL,2023-10-19 09:10:54
HUB-006,PKG-00072,DEPARTURE,2023-10-02 19:58:26
HUB-005,PKG-01872,ARRIVAL,2023-10-16 13:28:54
HUB-009,PKG-00146,DEPARTURE,2023-10-11 02:30:30
HUB-001,PKG-01849,DEPARTURE,2023-10-19 06:27:30
HUB-008,PKG-00917,ARRIVAL,2023-10-09 14:35:32
HUB-003,PKG-00341,DEPARTURE,2023-10-17 17:02:51
HUB-002,PKG-00951,DEPARTURE,2023-10-27 14:45:18
HUB-006,PKG-01958,ARRIVAL,2023-10-24 18:22:49
HUB-002,PKG-00412,DEPARTURE,2023-10-02 17:09:08
HUB-004,PKG-02222,DEPARTURE,2023-10-27 08:39:58
HUB-005,PKG-00816,DEPARTURE,2023-10-12 21:24:28
HUB-004,PKG-01957,ARRIVAL,2023-10-02 15:20:02
HUB-004,PKG-00231,DEPARTURE,2023-10-29 22:29:23
HUB-007,PKG-01495,ARRIVAL,2023-10-26 12:05:52
HUB-003,PKG-01436,SORTING,2023-10-27 01:31:31
HUB-003,PKG-00731,ARRIVAL,2023-10-21 03:07:51
HUB-003,PKG-00488,DEPARTURE,2023-10-11 16:59:15
HUB-010,PKG-00562,ARRIVAL,2023-10-25 11:58:46
HUB-001,PKG-01802,ARRIVAL,2023-10-28 05:57:39
HUB-005,PKG-01693,DEPARTURE,2023-10-21 04:13:46
HUB-003,PKG-01419,DEPARTURE,2023-10-10 16:05:56
HUB-011,PKG-00015,ARRIVAL,2023-10-14 13:21:49
HUB-003,PKG-01028,DEPARTURE,2023-10-11 19:29:38
HUB-006,PKG-00072,ARRIVAL,2023-10-02 12:40:43
HUB-002,PKG-00851,ARRIVAL,2023-10-30 08:56:13
HUB-004,PKG-00543,ARRIVAL,2023-10-13 17:41:51
HUB-002,PKG-01167,ARRIVAL,2023-10-23 09:22:44
HUB-007,PKG-02143,DEPARTURE,2023-10-12 06:33:13
HUB-005,PKG-00104,ARRIVAL,2023-10-23 15:43:27
HUB-010,PKG-01574,DEPARTURE,2023-10-25 08:24:48
HUB-002,PKG-01169,ARRIVAL,2023-10-10 01:12:03
HUB-003,PKG-00518,ARRIVAL,2023-10-27 19:30:02
HUB-012,PKG-01339,DEPARTURE,2023-10-09 15:46:13
HUB-010,PKG-00902,DEPARTURE,2023-10-11 05:37:02
HUB-004,PKG-00408,ARRIVAL,2023-10-11 08:17:14
HUB-005,PKG-02199,ARRIVAL,2023-10-20 02:22:26
HUB-002,PKG-01367,DEPARTURE,2023-10-08 17:17:52
HUB-003,PKG-01105,DEPARTURE,2023-10-03 14:34:44
HUB-001,PKG-01866,ARRIVAL,2023-10-04 12:16:55
HUB-007,PKG-00647,ARRIVAL,2023-10-02 19:21:18
HUB-012,PKG-01648,ARRIVAL,2023-10-27 09:47:37
HUB-003,PKG-01056,ARRIVAL,2023-10-19 23:07:44
HUB-005,PKG-02316,ARRIVAL,2023-10-23 13:46:40
HUB-002,PKG-00181,DEPARTURE,2023-10-11 23:51:21
HUB-012,PKG-02234,DEPARTURE,2023-10-11 23:27:54
HUB-004,PKG-02326,DEPARTURE,2023-10-22 00:25:19
HUB-002,PKG-00501,ARRIVAL,2023-10-15 21:13:54
HUB-001,PKG-01282,DEPARTURE,2023-10-03 21:40:43
HUB-008,PKG-01977,DEPARTURE,2023-10-25 18:02:19
HUB-004,PKG-00291,ARRIVAL,2023-10-22 11:25:25
HUB-001,PKG-00288,DEPARTURE,2023-10-25 16:52:21
HUB-005,PKG-02311,DEPARTURE,2023-10-17 02:11:37
HUB-001,PKG-00074,ARRIVAL,2023-10-05 19:15:50
HUB-010,PKG-00873,ARRIVAL,2023-10-30 22:46:47
HUB-007,PKG-01528,ARRIVAL,2023-10-16 18:31:31
HUB-001,PKG-00710,ARRIVAL,2023-10-05 08:34:50
HUB-012,PKG-01783,ARRIVAL,2023-10-07 06:13:01
HUB-005,PKG-00478,DEPARTURE,2023-10-24 14:11:55
HUB-001,PKG-02090,ARRIVAL,2023-10-06 05:07:47
HUB-012,PKG-00275,DEPARTURE,2023-10-04 16:08:14
HUB-003,PKG-01722,DEPARTURE,2023-10-28 18:08:57
HUB-001,PKG-00385,DEPARTURE,2023-10-24 12:57:51
HUB-006,PKG-01236,ARRIVAL,2023-10-19 21:36:19
HUB-005,PKG-00582,DEPARTURE,2023-10-03 20:43:33
HUB-009,PKG-01379,ARRIVAL,2023-10-15 19:33:50
HUB-007,PKG-00156,ARRIVAL,2023-10-16 10:58:42
HUB-002,PKG-00648,DEPARTURE,2023-10-02 09:18:59
HUB-004,PKG-01212,ARRIVAL,2023-10-05 10:36:43
HUB-003,PKG-00600,ARRIVAL,2023-10-09 04:27:07
HUB-006,PKG-01131,ARRIVAL,2023-10-27 22:42:34
HUB-011,PKG-01599,ARRIVAL,2023-10-30 01:16:13
HUB-011,PKG-00704,ARRIVAL,2023-10-27 18:01:51
HUB-012,PKG-01763,DEPARTURE,2023-10-29 17:21:10
HUB-004,PKG-01427,ARRIVAL,2023-10-05 15:00:43
HUB-001,PKG-00045,DEPARTURE,2023-10-10 13:00:10
HUB-010,PKG-02158,ARRIVAL,2023-10-11 02:19:32
HUB-008,PKG-00828,DEPARTURE,2023-10-11 06:59:28
HUB-001,PKG-00789,ARRIVAL,2023-10-16 00:43:25
HUB-005,PKG-01319,ARRIVAL,2023-10-31 03:18:37
HUB-003,PKG-00176,ARRIVAL,2023-10-24 12:38:12
HUB-011,PKG-01285,ARRIVAL,2023-10-30 07:31:21
HUB-002,PKG-00391,DEPARTURE,2023-10-19 13:25:46
HUB-004,PKG-01931,ARRIVAL,2023-10-27 05:48:15
HUB-003,PKG-01454,SORTING,2023-10-12 05:48:52
HUB-007,PKG-00055,ARRIVAL,2023-10-26 03:16:11
HUB-005,PKG-00537,DEPARTURE,2023-10-20 15:18:28
HUB-001,PKG-02115,ARRIVAL,2023-10-26 03:12:38
HUB-005,PKG-00774,ARRIVAL,2023-10-11 09:23:38
HUB-008,PKG-01642,DEPARTURE,2023-10-30 13:47:18
HUB-011,PKG-01432,DEPARTURE,2023-10-09 20:29:32
HUB-009,PKG-02242,DEPARTURE,2023-10-23 13:30:04
HUB-010,PKG-00610,DEPARTURE,2023-10-23 13:04:55
HUB-002,PKG-00153,DEPARTURE,2023-10-30 13:47:25
HUB-005,PKG-00871,ARRIVAL,2023-10-24 11:56:27
HUB-003,PKG-00468,ARRIVAL,2023-10-26 10:08:17
HUB-002,PKG-00034,DEPARTURE,2023-10-24 04:23:10
HUB-005,PKG-01154,ARRIVAL,2023-10-15 01:59:17
HUB-002,PKG-00587,DEPARTURE,2023-10-12 15:44:33
HUB-005,PKG-00848,ARRIVAL,2023-10-22 09:53:42
HUB-006,PKG-01082,ARRIVAL,2023-10-24 23:52:44
HUB-002,PKG-00244,SORTING,2023-10-10 15:09:30
HUB-003,PKG-01970,DEPARTURE,2023-10-14 23:29:15
HUB-007,PKG-01936,ARRIVAL,2023-10-13 13:52:15
HUB-003,PKG-00365,DEPARTURE,2023-10-28 16:33:12
HUB-009,PKG-02208,ARRIVAL,2023-10-13 06:05:12
HUB-005,PKG-01543,DEPARTURE,2023-10-22 15:57:35
HUB-009,PKG-01014,ARRIVAL,2023-10-05 00:26:16
HUB-012,PKG-00449,DEPARTURE,2023-10-17 15:30:27
HUB-001,PKG-00998,ARRIVAL,2023-10-12 00:54:27
HUB-011,PKG-00086,DEPARTURE,2023-10-12 07:23:53
HUB-003,PKG-01988,SORTING,2023-10-20 16:48:49
HUB-008,PKG-01780,ARRIVAL,2023-10-18 14:51:11
HUB-012,PKG-01251,DEPARTURE,2023-10-26 13:50:22
HUB-001,PKG-01488,ARRIVAL,2023-10-26 10:12:24
HUB-007,PKG-01313,ARRIVAL,2023-10-06 05:06:35
HUB-011,PKG-00030,DEPARTURE,2023-10-04 05:17:06
HUB-010,PKG-00644,DEPARTURE,2023-10-26 14:01:09
HUB-010,PKG-01948,ARRIVAL,2023-10-08 00:46:23
HUB-011,PKG-01045,DEPARTURE,2023-10-22 20:15:01
HUB-011,PKG-01615,ARRIVAL,2023-10-11 00:21:34
HUB-001,PKG-00878,DEPARTURE,2023-10-15 20:27:04
HUB-007,PKG-00388,ARRIVAL,2023-10-04 12:08:20
HUB-003,PKG-00928,ARRIVAL,2023-10-24 23:47:51
HUB-004,PKG-00872,ARRIVAL,2023-10-14 12:10:52
HUB-011,PKG-00011,DEPARTURE,2023-10-30 04:11:22
HUB-012,PKG-01176,DEPARTURE,2023-10-31 11:17:34
HUB-007,PKG-02243,ARRIVAL,2023-10-18 09:06:16
HUB-011,PKG-02269,DEPARTURE,2023-10-30 16:42:41
HUB-001,PKG-00177,DEPARTURE,2023-10-21 03:35:55
HUB-005,PKG-01896,ARRIVAL,2023-10-30 17:38:01
HUB-005,PKG-00692,ARRIVAL,2023-10-03 08:16:16
HUB-004,PKG-00963,DEPARTURE,2023-10-20 09:25:00
HUB-009,PKG-02361,DEPARTURE,2023-10-04 15:24:05
HUB-009,PKG-01221,DEPARTURE,2023-10-03 12:36:58
HUB-008,PKG-02233,ARRIVAL,2023-10-19 05:55:52
HUB-005,PKG-01126,ARRIVAL,2023-10-08 07:37:28
HUB-003,PKG-01050,ARRIVAL,2023-10-04 08:56:39
HUB-012,PKG-01430,ARRIVAL,2023-10-30 15:09:12
HUB-004,PKG-00960,DEPARTURE,2023-10-13 00:15:05
HUB-005,PKG-00817,ARRIVAL,2023-10-13 10:58:37
HUB-005,PKG-01333,ARRIVAL,2023-10-27 04:04:41
HUB-006,PKG-00507,ARRIVAL,2023-10-23 20:21:14
HUB-007,PKG-00316,DEPARTURE,2023-10-26 22:09:57
HUB-005,PKG-02360,DEPARTURE,2023-10-02 10:28:05
HUB-001,PKG-01018,DEPARTURE,2023-10-28 14:45:33
HUB-005,PKG-00931,DEPARTURE,2023-10-14 14:05:19
HUB-006,PKG-01666,DEPARTURE,2023-10-09 12:47:39
HUB-003,PKG-02320,ARRIVAL,2023-10-04 16:31:29
HUB-012,PKG-00716,DEPARTURE,2023-10-25 10:05:00
HUB-007,PKG-00286,ARRIVAL,2023-10-14 06:29:58
HUB-011,PKG-01182,ARRIVAL,2023-10-19 13:00:04
HUB-006,PKG-01989,ARRIVAL,2023-10-13 20:43:20
HUB-010,PKG-01247,DEPARTURE,2023-10-13 13:25:40
HUB-005,PKG-00987,ARRIVAL,2023-10-08 09:40:48
HUB-003,PKG-00031,ARRIVAL,2023-10-05 06:02:00
HUB-011,PKG-01457,ARRIVAL,2023-10-04 23:10:34
HUB-003,PKG-00529,SORTING,2023-10-11 17:34:47
HUB-007,PKG-00027,ARRIVAL,2023-10-22 03:01:04
HUB-009,PKG-01346,ARRIVAL,2023-10-11 00:28:18
HUB-008,PKG-00681,DEPARTURE,2023-10-17 20:30:43
HUB-003,PKG-00797,DEPARTURE,2023-10-31 21:08:01
HUB-011,PKG-01724,ARRIVAL,2023-10-12 19:25:15
HUB-005,PKG-01235,DEPARTURE,2023-10-02 16:50:55
HUB-001,PKG-01661,ARRIVAL,2023-10-01 06:52:06
HUB-003,PKG-01452,ARRIVAL,2023-10-15 12:20:53
HUB-004,PKG-00609,SORTING,2023-10-08 14:25:45
HUB-008,PKG-01872,ARRIVAL,2023-10-17 06:39:36
HUB-005,PKG-00577,DEPARTURE,2023-10-22 21:35:17
HUB-007,PKG-00812,DEPARTURE,2023-10-26 21:32:11
HUB-012,PKG-00363,ARRIVAL,2023-10-16 06:02:34
HUB-001,PKG-01028,ARRIVAL,2023-10-12 22:23:06
HUB-003,PKG-00397,ARRIVAL,2023-10-19 18:50:27
HUB-004,PKG-01634,ARRIVAL,2023-10-27 07:28:12
HUB-001,PKG-01883,ARRIVAL,2023-10-25 14:37:37
HUB-011,PKG-00332,DEPARTURE,2023-10-22 02:00:20
HUB-001,PKG-01421,ARRIVAL,2023-10-31 15:28:08
HUB-005,PKG-00255,DEPARTURE,2023-10-28 10:54:46
HUB-011,PKG-01728,ARRIVAL,2023-10-31 07:03:49
HUB-009,PKG-01537,DEPARTURE,2023-10-29 11:40:42
HUB-008,PKG-01896,DEPARTURE,2023-10-31 22:09:01
HUB-007,PKG-00532,ARRIVAL,2023-10-17 15:30:55
HUB-002,PKG-02098,ARRIVAL,2023-10-09 23:23:15
HUB-002,PKG-00729,ARRIVAL,2023-10-22 07:17:50
HUB-003,PKG-02002,DEPARTURE,2023-10-20 15:34:16
HUB-002,PKG-02137,ARRIVAL,2023-10-16 06:03:32
HUB-012,PKG-00279,DEPARTURE,2023-10-28 06:37:04
HUB-002,PKG-00107,ARRIVAL,2023-10-05 13:25:59
HUB-009,PKG-00696,DEPARTURE,2023-10-10 16:35:47
HUB-006,PKG-02099,SORTING,2023-10-07 10:37:25
HUB-005,PKG-01964,ARRIVAL,2023-10-21 10:29:18
HUB-011,PKG-01563,ARRIVAL,2023-10-22 09:21:44
HUB-002,PKG-02274,ARRIVAL,2023-10-27 11:14:40
HUB-004,PKG-01024,DEPARTURE,2023-10-13 02:14:08
HUB-003,PKG-00737,ARRIVAL,2023-10-11 07:16:03
HUB-005,PKG-01888,ARRIVAL,2023-10-23 15:25:01
HUB-012,PKG-02048,DEPARTURE,2023-10-14 12:52:08
HUB-011,PKG-00298,ARRIVAL,2023-10-10 07:42:28
HUB-008,PKG-00352,DEPARTURE,2023-10-22 17:00:07
HUB-003,PKG-01026,ARRIVAL,2023-10-06 12:32:37
HUB-001,PKG-01331,ARRIVAL,2023-10-20 17:57:39
HUB-005,PKG-01313,ARRIVAL,2023-10-05 07:21:18
HUB-009,PKG-02275,ARRIVAL,2023-10-13 13:54:12
HUB-011,PKG-01515,DEPARTURE,2023-10-28 03:20:46
HUB-001,PKG-00986,DEPARTURE,2023-10-18 21:26:26
HUB-003,PKG-01188,ARRIVAL,2023-10-07 16:56:05
HUB-007,PKG-00375,ARRIVAL,2023-10-08 05:14:03
HUB-012,PKG-01840,ARRIVAL,2023-10-03 22:56:10
HUB-007,PKG-00792,ARRIVAL,2023-10-24 04:39:08
HUB-009,PKG-01004,ARRIVAL,2023-10-05 12:12:39
HUB-005,PKG-01779,SORTING,2023-10-26 18:00:57
HUB-002,PKG-00106,ARRIVAL,2023-10-28 11:44:56
HUB-001,PKG-00218,DEPARTURE,2023-10-21 02:49:44
HUB-010,PKG-01869,ARRIVAL,2023-10-10 16:31:45
HUB-008,PKG-00122,DEPARTURE,2023-10-14 14:56:01
HUB-005,PKG-00541,DEPARTURE,2023-10-10 23:25:28
HUB-010,PKG-02244,ARRIVAL,2023-10-14 04:21:11
HUB-001,PKG-00460,ARRIVAL,2023-10-03 16:17:25
HUB-007,PKG-01804,ARRIVAL,2023-10-22 17:12:28
HUB-004,PKG-01257,ARRIVAL,2023-10-13 06:36:21
HUB-008,PKG-02345,DEPARTURE,2023-10-30 19:43:42
HUB-005,PKG-02290,DEPARTURE,2023-10-09 02:33:08
HUB-010,PKG-01364,ARRIVAL,2023-10-19 01:03:59
HUB-008,PKG-00753,ARRIVAL,2023-10-15 19:38:48
HUB-008,PKG-01462,DEPARTURE,2023-10-12 13:32:03
HUB-008,PKG-01613,DEPARTURE,2023-10-07 10:33:37
HUB-012,PKG-02300,ARRIVAL,2023-10-15 10:27:21
HUB-011,PKG-02291,ARRIVAL,2023-10-13 22:33:15
HUB-005,PKG-00876,ARRIVAL,2023-10-11 17:28:13
HUB-002,PKG-00812,ARRIVAL,2023-10-27 00:00:01
HUB-008,PKG-00088,DEPARTURE,2023-10-11 01:29:23
HUB-004,PKG-00561,DEPARTURE,2023-10-08 17:24:09
HUB-005,PKG-01235,ARRIVAL,2023-10-02 07:36:30
HUB-002,PKG-01922,ARRIVAL,2023-10-03 22:49:44
HUB-012,PKG-00200,ARRIVAL,2023-10-08 10:48:36
HUB-003,PKG-00728,DEPARTURE,2023-10-22 18:34:00
HUB-004,PKG-01111,ARRIVAL,2023-13-45 99:00:00
HUB-011,PKG-01684,ARRIVAL,2023-10-13 00:44:06
HUB-002,PKG-00534,ARRIVAL,2023-10-10 19:33:07
HUB-011,PKG-02189,ARRIVAL,2023-10-29 11:02:44
HUB-005,PKG-00929,DEPARTURE,2023-10-12 08:44:03
HUB-001,PKG-01602,DEPARTURE,2023-10-16 22:18:10
HUB-012,PKG-01339,ARRIVAL,2023-10-09 10:38:01
HUB-002,PKG-00583,DEPARTURE,2023-10-28 08:47:50
HUB-001,PKG-01547,DEPARTURE,2023-10-26 19:15:43
HUB-011,PKG-01100,DEPARTURE,2023-10-25 04:26:39
HUB-010,PKG-00008,ARRIVAL,2023-10-07 15:59:34
HUB-004,PKG-00325,DEPARTURE,2023-10-30 01:02:59
HUB-001,PKG-01343,DEPARTURE,2023-10-27 21:44:50
HUB-010,PKG-00151,ARRIVAL,2023-10-12 03:33:08
HUB-011,PKG-00706,ARRIVAL,2023-10-15 12:56:27
HUB-001,PKG-01733,DEPARTURE,2023-10-30 18:12:09
HUB-009,PKG-01974,ARRIVAL,2023-10-26 17:20:33
HUB-004,PKG-01204,DEPARTURE,2023-10-18 11:29:09
HUB-006,PKG-00219,DEPARTURE,2023-10-24 08:01:31
HUB-003,PKG-01826,DEPARTURE,2023-10-08 22:58:54
HUB-004,PKG-01325,DEPARTURE,2023-10-29 16:57:18
HUB-003,PKG-01220,DEPARTURE,2023-10-11 15:43:06
HUB-012,PKG-01071,DEPARTURE,2023-10-26 14:39:13
HUB-001,PKG-00826,ARRIVAL,2023-10-01 14:29:55
HUB-003,PKG-01576,DEPARTURE,2023-10-07 13:58:43
HUB-004,PKG-02034,ARRIVAL,2023-10-20 20:00:15
HUB-007,PKG-01527,DEPARTURE,2023-10-22 05:03:19
HUB-006,PKG-02284,DEPARTURE,2023-10-31 10:36:15
HUB-003,PKG-02276,DEPARTURE,2023-10-24 19:49:42
HUB-010,PKG-01577,DEPARTURE,2023-10-21 12:00:57
HUB-003,PKG-02260,DEPARTURE,2023-10-19 21:04:47
HUB-006,PKG-00246,ARRIVAL,2023-10-18 19:58:54
HUB-006,PKG-02225,ARRIVAL,2023-10-17 17:37:05
HUB-005,PKG-00551,ARRIVAL,2023-10-05 10:30:48
HUB-004,PKG-02056,ARRIVAL,2023-10-31 02:42:26
HUB-002,PKG-01159,DEPARTURE,2023-10-05 19:16:37
HUB-011,PKG-01459,DEPARTURE,2023-10-10 12:11:53
HUB-001,PKG-01890,DEPARTURE,2023-10-15 16:43:00
HUB-009,PKG-02210,ARRIVAL,2023-10-08 13:45:27
HUB-012,PKG-00903,ARRIVAL,2023-10-19 15:48:54
HUB-001,PKG-01055,ARRIVAL,2023-10-27 18:28:54
HUB-007,PKG-00458,ARRIVAL,2023-10-16 03:53:12
HUB-001,PKG-00177,ARRIVAL,2023-10-20 22:39:53
HUB-001,PKG-00761,ARRIVAL,2023-10-01 08:16:06
HUB-005,PKG-02347,ARRIVAL,2023-10-17 04:54:09
HUB-001,PKG-01862,ARRIVAL,2023-10-21 18:03:55
HUB-002,PKG-00464,DEPARTURE,2023-10-25 06:05:13
HUB-008,PKG-01314,DEPARTURE,2023-10-17 10:01:52
HUB-001,PKG-02309,ARRIVAL,2023-10-26 02:33:58
HUB-007,PKG-00113,DEPARTURE,2023-10-08 09:07:34
HUB-005,PKG-00571,ARRIVAL,2023-10-13 06:24:47
HUB-010,PKG-01595,DEPARTURE,2023-10-11 04:56:51
HUB-003,PKG-01288,ARRIVAL,2023-10-22 03:05:09
HUB-007,PKG-00364,ARRIVAL,2023-10-05 10:36:24
HUB-003,PKG-01061,DEPARTURE,2023-10-11 21:08:43
HUB-002,PKG-00215,DEPARTURE,2023-10-19 19:49:15
HUB-003,PKG-00414,DEPARTURE,2023-10-04 02:15:22
HUB-003,PKG-00057,DEPARTURE,2023-10-23 19:02:15
HUB-005,PKG-00445,DEPARTURE,2023-10-08 07:57:26
HUB-004,PKG-01111,SORTING,2023-10-25 20:38:55
HUB-003,PKG-01014,ARRIVAL,2023-10-04 07:36:11
HUB-003,PKG-02244,ARRIVAL,2023-10-15 11:32:47
HUB-006,PKG-01702,DEPARTURE,2023-10-24 09:53:12
HUB-004,PKG-01933,DEPARTURE,2023-10-20 20:10:58
HUB-012,PKG-00936,DEPARTURE,2023-10-03 19:02:41
HUB-005,PKG-00910,DEPARTURE,2023-10-15 20:07:28
HUB-008,PKG-01414,ARRIVAL,2023-10-08 16:07:57
HUB-005,PKG-00865,DEPARTURE,2023-10-03 20:56:37
HUB-003,PKG-01332,DEPARTURE,2023-10-20 18:36:38
HUB-006,PKG-01938,DEPARTURE,2023-10-14 07:32:27
HUB-009,PKG-01042,ARRIVAL,2023-10-03 14:00:44
HUB-001,PKG-00623,DEPARTURE,2023-10-06 21:32:15
HUB-003,PKG-00326,ARRIVAL,2023-10-02 07:34:21
HUB-003,PKG-00256,ARRIVAL,2023-10-14 17:00:18
HUB-004,PKG-01400,ARRIVAL,2023-10-25 20:52:07
HUB-006,PKG-01627,DEPARTURE,2023-10-21 11:50:03
HUB-002,PKG-01983,DEPARTURE,2023-10-31 06:46:47
HUB-007,PKG-00332,ARRIVAL,2023-10-22 13:33:26
HUB-002,PKG-01170,DEPARTURE,2023-10-12 18:28:19
HUB-011,PKG-00154,ARRIVAL,2023-10-09 15:38:51
HUB-006,PKG-01219,ARRIVAL,2023-10-29 19:16:40
HUB-012,PKG-00105,DEPARTURE,2023-10-22 17:20:16
HUB-003,PKG-00400,DEPARTURE,2023-10-28 01:14:55
HUB-007,PKG-00525,ARRIVAL,2023-10-20 23:16:04
HUB-003,PKG-00567,ARRIVAL,2023-10-20 15:32:01
HUB-004,PKG-02116,DEPARTURE,2023-10-03 03:32:09
HUB-001,PKG-00130,ARRIVAL,2023-10-15 07:39:38
HUB-007,PKG-00286,DEPARTURE,2023-10-14 12:52:05
HUB-001,PKG-01493,ARRIVAL,2023-10-15 20:56:50
HUB-004,PKG-01882,DEPARTURE,2023-10-26 09:13:44
HUB-004,PKG-00770,DEPARTURE,2023-10-04 19:22:11
HUB-005,PKG-00361,ARRIVAL,2023-10-02 15:01:11
HUB-004,PKG-01845,ARRIVAL,2023-10-01 23:16:06
HUB-005,PKG-00219,ARRIVAL,2023-10-23 08:10:50
HUB-011,PKG-01897,DEPARTURE,2023-10-29 11:38:50
HUB-001,PKG-01552,ARRIVAL,2023-10-21 08:44:24
HUB-007,PKG-00061,DEPARTURE,2023-10-03 01:39:30
HUB-002,PKG-00544,DEPARTURE,
HUB-011,PKG-01083,DEPARTURE,2023-10-02 03:24:51
HUB-008,PKG-01935,ARRIVAL,2023-10-09 00:04:42
HUB-006,PKG-01877,DEPARTURE,2023-10-17 01:26:00
HUB-006,PKG-00395,ARRIVAL,2023-10-02 23:56:43
HUB-002,PKG-02088,DEPARTURE,2023-10-12 19:01:31
HUB-004,PKG-01700,ARRIVAL,2023-10-21 20:41:00
HUB-001,PKG-00394,DEPARTURE,2023-10-17 20:05:03
HUB-001,PKG-02340,ARRIVAL,2023-10-04 13:23:51
HUB-010,PKG-01055,DEPARTURE,2023-10-28 07:29:07
HUB-002,PKG-02097,ARRIVAL,2023-10-06 11:37:04
HUB-006,PKG-00621,ARRIVAL,2023-10-29 00:23:15
HUB-005,PKG-00615,SORTING,2023-10-30 21:16:45
HUB-006,PKG-01841,DEPARTURE,2023-10-21 22:24:22
HUB-001,PKG-01098,DEPARTURE,2023-10-30 05:08:47
HUB-006,PKG-01647,DEPARTURE,2023-10-26 20:07:18
HUB-005,PKG-02183,DEPARTURE,2023-10-07 00:22:32
HUB-004,PKG-00282,ARRIVAL,2023-10-25 07:23:07
HUB-002,PKG-00911,ARRIVAL,2023-10-27 12:32:30
HUB-003,PKG-00686,ARRIVAL,2023-10-19 15:56:28
HUB-004,PKG-00414,ARRIVAL,2023-10-02 15:40:52
HUB-004,PKG-00429,ARRIVAL,2023-10-22 15:54:39
HUB-005,PKG-01312,ARRIVAL,2023-10-26 03:29:15
HUB-007,PKG-00226,ARRIVAL,2023-10-20 07:59:09
HUB-003,PKG-01576,ARRIVAL,2023-10-07 01:54:32
HUB-001,PKG-01783,DEPARTURE,2023-10-08 04:09:32
HUB-006,PKG-01617,DEPARTURE,2023-10-19 18:03:49
HUB-003,PKG-00703,ARRIVAL,2023-10-24 23:23:29
HUB-002,PKG-01519,ARRIVAL,2023-10-18 22:07:29
HUB-007,PKG-00367,ARRIVAL,2023-10-26 06:42:57
HUB-009,PKG-00368,ARRIVAL,2023-10-07 04:15:17
HUB-005,PKG-00843,ARRIVAL,2023-10-14 06:38:16
HUB-001,PKG-01916,ARRIVAL,2023-10-10 05:38:00
HUB-008,PKG-00372,ARRIVAL,2023-10-04 01:04:54
HUB-007,PKG-00073,DEPARTURE,2023-10-08 01:42:24
HUB-006,PKG-00166,DEPARTURE,2023-10-23 23:41:40
HUB-007,PKG-01035,ARRIVAL,2023-10-15 18:59:53
HUB-011,PKG-02324,ARRIVAL,2023-10-31 00:33:57
HUB-001,PKG-02310,ARRIVAL,2023-10-30 02:15:39
HUB-003,PKG-00245,DEPARTURE,2023-10-23 13:23:32
HUB-005,PKG-01202,DEPARTURE,2023-10-10 01:51:48
HUB-002,PKG-01681,ARRIVAL,2023-10-04 11:36:17
HUB-002,PKG-01531,DEPARTURE,2023-10-13 04:20:14
HUB-001,PKG-01939,DEPARTURE,2023-10-20 17:44:46
HUB-006,PKG-01701,ARRIVAL,2023-10-21 18:29:13
HUB-005,PKG-00684,ARRIVAL,2023-10-16 04:39:12
HUB-001,PKG-00467,ARRIVAL,2023-10-15 17:25:07
HUB-005,PKG-00882,DEPARTURE,2023-10-28 08:27:40
HUB-007,PKG-02102,DEPARTURE,2023-10-09 04:50:11
HUB-004,PKG-02057,DEPARTURE,2023-10-06 07:54:33
HUB-004,PKG-00182,DEPARTURE,2023-10-13 17:13:13
HUB-008,PKG-00379,DEPARTURE,2023-10-24 17:35:51
HUB-001,PKG-00168,ARRIVAL,2023-10-14 03:59:26
HUB-001,PKG-01084,DEPARTURE,2023-10-11 12:14:53
HUB-001,PKG-00380,ARRIVAL,2023-10-16 20:43:48
HUB-011,PKG-02269,ARRIVAL,2023-10-30 09:40:51
HUB-007,PKG-01297,ARRIVAL,2023-10-09 23:29:10
HUB-001,PKG-02236,DEPARTURE,2023-10-16 01:50:15
HUB-001,PKG-01221,DEPARTURE,2023-10-04 01:48:07
HUB-006,PKG-01069,ARRIVAL,2023-10-25 14:47:59
HUB-009,PKG-01646,ARRIVAL,2023-10-19 15:09:15
HUB-004,PKG-01829,ARRIVAL,2023-10-30 04:10:22
HUB-008,PKG-01122,ARRIVAL,2023-10-28 15:22:58
HUB-002,PKG-02380,DEPARTURE,2023-10-05 11:19:44
HUB-008,PKG-01179,ARRIVAL,2023-10-21 20:09:58
HUB-012,PKG-00064,DEPARTURE,2023-10-30 15:35:06
HUB-008,PKG-01934,DEPARTURE,2023-10-09 18:15:21
HUB-001,PKG-00440,ARRIVAL,2023-10-13 19:53:48
HUB-004,PKG-01788,SORTING,2023-10-27 17:31:09
HUB-006,PKG-01904,DEPARTURE,2023-10-30 22:45:06
HUB-003,PKG-01823,DEPARTURE,2023-10-15 06:17:16
HUB-004,PKG-01308,DEPARTURE,2023-10-15 19:48:52
HUB-012,PKG-01544,DEPARTURE,2023-10-15 14:08:48
HUB-004,PKG-00687,ARRIVAL,2023-10-09 06:44:46
HUB-009,PKG-02323,ARRIVAL,2023-10-19 11:29:01
HUB-004,PKG-01213,ARRIVAL,2023-10-11 11:01:23
HUB-012,PKG-01750,DEPARTURE,2023-10-17 18:18:43
HUB-006,PKG-02041,ARRIVAL,2023-10-15 08:29:38
HUB-001,PKG-00818,DEPARTURE,2023-10-21 08:26:27
HUB-001,PKG-00986,ARRIVAL,2023-10-18 14:00:27
HUB-006,PKG-00412,ARRIVAL,2023-10-01 16:10:36
HUB-006,PKG-00354,DEPARTURE,2023-10-07 02:02:33
HUB-001,PKG-01848,DEPARTURE,2023-10-05 23:15:46
HUB-003,PKG-01151,DEPARTURE,2023-10-29 05:32:24
HUB-008,PKG-01314,ARRIVAL,2023-10-17 05:40:07
HUB-006,PKG-00933,ARRIVAL,2023-10-03 16:00:13
HUB-007,PKG-01023,DEPARTURE,2023-10-22 05:04:51
HUB-002,PKG-00470,ARRIVAL,2023-10-03 22:32:30
HUB-007,PKG-02102,SORTING,2023-10-09 00:34:56
HUB-005,PKG-00818,ARRIVAL,2023-10-21 17:47:53
HUB-008,PKG-01646,ARRIVAL,2023-10-20 01:42:19
HUB-002,PKG-02235,DEPARTURE,2023-10-12 10:47:26
HUB-007,PKG-00014,DEPARTURE,2023-10-21 14:41:27
HUB-009,PKG-01846,ARRIVAL,2023-10-05 20:22:41
HUB-011,PKG-00273,ARRIVAL,2023-10-10 14:01:30
HUB-001,PKG-00558,DEPARTURE,2023-10-15 23:40:20
HUB-010,PKG-01595,ARRIVAL,2023-10-10 19:13:04
HUB-004,PKG-01249,DEPARTURE,2023-10-21 14:28:02
HUB-001,PKG-01644,ARRIVAL,2023-10-26 07:58:33
HUB-006,PKG-01232,DEPARTURE,2023-10-06 01:41:41
HUB-006,PKG-00978,ARRIVAL,2023-10-08 00:05:17
HUB-002,PKG-02073,ARRIVAL,2023-10-10 10:49:47
HUB-009,PKG-01207,DEPARTURE,2023-10-04 23:59:44
HUB-001,PKG-00851,ARRIVAL,2023-10-30 18:27:04
HUB-003,PKG-02306,ARRIVAL,2023-10-01 23:21:01
HUB-003,PKG-02201,DEPARTURE,2023-10-07 21:51:21
HUB-001,PKG-00052,DEPARTURE,2023-10-17 23:31:53
HUB-002,PKG-02340,DEPARTURE,2023-10-05 13:45:08
HUB-002,PKG-00991,ARRIVAL,2023-10-18 14:10:38
HUB-012,PKG-00167,ARRIVAL,2023-10-17 18:18:00
HUB-002,PKG-01738,ARRIVAL,2023-10-09 19:31:14
HUB-008,PKG-02364,ARRIVAL,2023-10-22 00:10:19
HUB-009,PKG-02118,ARRIVAL,2023-10-26 14:27:23
HUB-001,PKG-01468,ARRIVAL,2023-10-26 08:39:01
HUB-001,PKG-01563,ARRIVAL,2023-10-23 05:29:02
HUB-005,PKG-01450,ARRIVAL,2023-10-04 02:49:30
HUB-011,PKG-01740,DEPARTURE,2023-10-09 20:46:35
HUB-008,PKG-00952,ARRIVAL,2023-10-12 01:45:00
HUB-007,PKG-01699,ARRIVAL,2023-10-24 12:37:52
HUB-012,PKG-00604,ARRIVAL,2023-10-23 16:30:38
HUB-003,PKG-00620,DEPARTURE,2023-10-14 14:48:10
HUB-007,PKG-00375,DEPARTURE,2023-10-08 13:27:25
HUB-006,PKG-02248,ARRIVAL,2023-10-17 03:18:30
HUB-003,PKG-01295,ARRIVAL,2023-10-08 13:01:38
HUB-006,PKG-01518,ARRIVAL,2023-10-31 13:42:09
HUB-001,PKG-02061,DEPARTURE,2023-10-01 13:40:48
HUB-006,PKG-01936,DEPARTURE,2023-10-15 00:51:23
HUB-010,PKG-01123,ARRIVAL,2023-10-22 18:51:06
HUB-004,PKG-00963,ARRIVAL,2023-10-20 04:16:57
HUB-003,PKG-00341,ARRIVAL,2023-10-17 07:42:47
HUB-011,PKG-01044,ARRIVAL,2023-10-26 14:24:54
HUB-009,PKG-02219,DEPARTURE,2023-10-01 12:34:52
HUB-001,PKG-00605,ARRIVAL,2023-10-05 15:23:21
HUB-004,PKG-01640,DEPARTURE,2023-10-08 20:38:24
HUB-009,PKG-00606,ARRIVAL,2023-10-08 18:23:17
HUB-011,PKG-02279,DEPARTURE,2023-10-16 19:36:57
HUB-011,PKG-00759,DEPARTURE,2023-10-05 17:46:11
HUB-006,PKG-02119,DEPARTURE,2023-10-11 09:06:09
HUB-003,PKG-01417,DEPARTURE,2023-10-09 13:05:01
HUB-009,PKG-00567,ARRIVAL,2023-10-20 05:14:20
HUB-001,PKG-02092,DEPARTURE,2023-10-26 13:59:48
HUB-006,PKG-02129,DEPARTURE,2023-10-07 19:24:45
HUB-002,PKG-00622,ARRIVAL,2023-10-05 10:53:44
HUB-006,PKG-01398,DEPARTURE,2023-10-02 01:59:48
HUB-012,PKG-00552,DEPARTURE,2023-10-26 17:08:16
HUB-012,PKG-02079,DEPARTURE,2023-10-22 18:57:44
HUB-002,PKG-01028,DEPARTURE,2023-10-12 11:30:08
HUB-003,PKG-00342,DEPARTURE,2023-10-29 21:37:34
HUB-001,PKG-00318,DEPARTURE,2023-10-29 19:46:33
HUB-002,PKG-01444,DEPARTURE,2023-10-26 03:32:59
HUB-005,PKG-01346,ARRIVAL,2023-10-10 09:08:37
HUB-002,PKG-00493,DEPARTURE,2023-10-30 02:14:49
HUB-004,PKG-00427,DEPARTURE,2023-10-10 13:07:00
HUB-003,PKG-01345,ARRIVAL,2023-10-26 15:56:57
HUB-005,PKG-00194,DEPARTURE,2023-10-17 10:06:28
HUB-012,PKG-02108,ARRIVAL,2023-10-24 05:55:51
HUB-002,PKG-01571,ARRIVAL,2023-10-01 10:56:08
HUB-012,PKG-00126,DEPARTURE,2023-10-17 18:16:38
HUB-009,PKG-00689,ARRIVAL,2023-10-08 12:12:52
HUB-001,PKG-00400,DEPARTURE,2023-10-27 04:28:23
HUB-007,PKG-00395,ARRIVAL,2023-10-02 13:19:54
HUB-009,PKG-01933,DEPARTURE,2023-10-20 03:25:52
HUB-001,PKG-00448,DEPARTURE,2023-10-11 16:02:05
HUB-005,PKG-00108,DEPARTURE,2023-10-02 09:54:32
HUB-003,PKG-01594,DEPARTURE,2023-10-02 20:19:45
HUB-006,PKG-01454,ARRIVAL,2023-10-12 18:24:35
HUB-008,PKG-01050,ARRIVAL,2023-10-04 01:34:38
HUB-001,PKG-01168,DEPARTURE,2023-10-30 08:24:46
HUB-002,PKG-01267,SORTING,2023-10-16 13:36:57
HUB-006,PKG-00155,ARRIVAL,2023-10-30 04:32:25
HUB-002,PKG-02266,DEPARTURE,2023-10-21 02:44:05
HUB-009,PKG-01379,DEPARTURE,2023-10-15 23:10:10
HUB-012,PKG-01032,DEPARTURE,2023-10-07 15:57:05
HUB-007,PKG-00438,ARRIVAL,2023-10-20 20:48:50
HUB-001,PKG-00888,DEPARTURE,2023-10-15 13:57:39
HUB-002,PKG-01569,DEPARTURE,2023-10-24 04:17:37
HUB-011,PKG-00332,ARRIVAL,2023-10-21 14:05:55
HUB-002,PKG-01771,ARRIVAL,2023-10-15 00:11:02
HUB-012,PKG-02303,ARRIVAL,2023-10-28 15:27:14
HUB-001,PKG-01780,DEPARTURE,2023-10-19 10:19:49
HUB-006,PKG-00254,ARRIVAL,2023-10-20 10:52:57
HUB-005,PKG-01864,DEPARTURE,2023-10-26 22:00:42
HUB-001,PKG-00505,ARRIVAL,2023-10-05 19:57:14
HUB-001,PKG-01169,ARRIVAL,2023-10-10 11:38:43
HUB-007,PKG-01021,DEPARTURE,2023-10-10 19:52:15
HUB-004,PKG-01505,ARRIVAL,2023-10-26 06:29:40
HUB-001,PKG-01808,DEPARTURE,2023-10-13 09:23:12
HUB-005,PKG-01043,DEPARTURE,2023-10-25 13:54:27
HUB-006,PKG-00069,DEPARTURE,2023-10-28 14:56:47
HUB-006,PKG-00052,ARRIVAL,2023-10-17 07:54:57
HUB-011,PKG-00030,ARRIVAL,2023-10-03 21:39:29
HUB-003,PKG-01667,DEPARTURE,2023-10-21 02:50:45
HUB-010,PKG-00188,DEPARTURE,2023-10-03 00:50:05
HUB-001,PKG-00144,DEPARTURE,2023-10-19 04:59:47
HUB-006,PKG-01930,ARRIVAL,2023-10-10 10:18:13
HUB-005,PKG-01177,DEPARTURE,2023-10-27 05:07:19
HUB-009,PKG-01950,DEPARTURE,2023-10-09 13:14:43
HUB-001,PKG-01938,DEPARTURE,2023-10-13 16:16:54
HUB-004,PKG-00005,DEPARTURE,2023-10-20 02:22:31
HUB-011,PKG-01289,ARRIVAL,2023-10-13 13:42:05
HUB-010,PKG-01760,DEPARTURE,2023-10-04 13:13:12
HUB-001,PKG-01617,DEPARTURE,2023-10-20 07:35:51
HUB-010,PKG-02050,DEPARTURE,2023-10-16 22:21:15
HUB-001,PKG-00705,ARRIVAL,2023-10-07 16:13:38
HUB-011,PKG-00045,ARRIVAL,2023-10-10 20:45:03
HUB-009,PKG-01640,DEPARTURE,2023-10-08 10:04:28
HUB-001,PKG-00845,DEPARTURE,2023-10-11 10:59:27
HUB-007,PKG-00415,ARRIVAL,2023-10-29 16:10:03
HUB-001,PKG-02038,DEPARTURE,2023-10-01 19:05:44
HUB-005,PKG-01040,DEPARTURE,2023-10-22 10:04:03
HUB-005,PKG-01076,ARRIVAL,2023-10-15 13:15:25
HUB-012,PKG-01630,ARRIVAL,2023-10-06 02:53:50
HUB-006,PKG-00203,ARRIVAL,2023-10-21 17:17:38
HUB-012,PKG-01224,ARRIVAL,2023-10-01 12:12:45
HUB-011,PKG-00273,DEPARTURE,2023-10-10 18:59:44
HUB-002,PKG-01324,ARRIVAL,2023-10-28 00:28:01
HUB-002,PKG-02054,ARRIVAL,2023-10-18 10:05:21
HUB-001,PKG-01683,ARRIVAL,2023-10-04 13:47:22
HUB-002,PKG-00871,DEPARTURE,2023-10-26 02:51:19
HUB-011,PKG-01618,DEPARTURE,2023-10-21 05:56:08
HUB-003,PKG-00621,ARRIVAL,2023-10-28 13:52:50
HUB-008,PKG-01490,ARRIVAL,2023-10-23 18:04:01
HUB-004,PKG-00930,ARRIVAL,2023-10-20 20:13:02
HUB-002,PKG-00205,ARRIVAL,2023-10-24 12:10:25
HUB-008,PKG-01060,DEPARTURE,2023-10-13 09:24:13
HUB-003,PKG-01093,ARRIVAL,2023-10-03 18:10:35
HUB-005,PKG-01286,DEPARTURE,2023-10-31 00:01:38
HUB-011,PKG-01347,ARRIVAL,2023-10-24 04:06:22
HUB-002,PKG-01666,DEPARTURE,2023-10-08 01:55:54
HUB-003,PKG-02142,ARRIVAL,2023-10-20 19:15:46
HUB-005,PKG-02028,ARRIVAL,2023-10-17 13:44:57
HUB-006,PKG-01157,ARRIVAL,2023-10-24 09:36:30
HUB-005,PKG-01394,DEPARTURE,2023-10-24 05:30:55
HUB-001,PKG-01478,DEPARTURE,2023-10-20 22:07:53
HUB-008,PKG-00555,DEPARTURE,2023-10-23 13:40:41
HUB-010,PKG-02182,DEPARTURE,2023-10-16 18:14:03
HUB-003,PKG-02271,DEPARTURE,2023-10-25 08:19:39
HUB-001,PKG-01689,ARRIVAL,2023-10-28 00:41:49
HUB-011,PKG-00826,ARRIVAL,2023-10-01 23:53:14
HUB-007,PKG-01323,ARRIVAL,2023-10-09 19:23:20
HUB-011,PKG-00138,ARRIVAL,2023-10-06 13:59:52
HUB-005,PKG-01608,DEPARTURE,2023-10-25 14:56:18
HUB-001,PKG-02129,ARRIVAL,2023-10-07 07:28:44
HUB-002,PKG-01901,ARRIVAL,2023-10-25 01:01:29
HUB-004,PKG-00611,DEPARTURE,2023-10-05 10:47:49
HUB-001,PKG-02065,ARRIVAL,2023-10-22 02:45:43
HUB-003,PKG-01922,DEPARTURE,2023-10-03 11:47:21
HUB-007,PKG-01377,DEPARTURE,2023-10-04 13:23:52
HUB-001,PKG-00718,DEPARTURE,2023-10-16 15:22:00
HUB-001,PKG-01566,ARRIVAL,2023-10-31 00:20:12
HUB-003,PKG-01948,DEPARTURE,2023-10-09 00:22:31
HUB-009,PKG-00858,ARRIVAL,2023-10-24 09:26:58
HUB-011,PKG-02053,ARRIVAL,2023-10-09 14:17:03
HUB-002,PKG-00649,DEPARTURE,2023-10-09 13:14:51
HUB-004,PKG-01962,ARRIVAL,2023-10-27 23:49:29
HUB-003,PKG-01504,ARRIVAL,2023-10-09 01:50:29
HUB-011,PKG-00405,DEPARTURE,2023-10-28 14:10:54
HUB-001,PKG-00764,DEPARTURE,2023-10-03 01:04:37
HUB-001,PKG-00058,DEPARTURE,2023-10-02 10:21:07
HUB-007,PKG-00885,DEPARTURE,2023-10-07 23:41:01
HUB-003,PKG-00589,ARRIVAL,2023-10-01 22:15:34
HUB-002,PKG-01500,DEPARTURE,2023-10-26 12:25:19
HUB-001,PKG-01101,DEPARTURE,2023-10-26 20:27:39
HUB-007,PKG-01238,ARRIVAL,2023-10-10 19:58:48
HUB-011,PKG-01406,DEPARTURE,2023-10-06 04:51:19
HUB-002,PKG-00240,DEPARTURE,2023-10-11 11:32:12
HUB-012,PKG-01013,DEPARTURE,2023-10-28 15:10:50
HUB-001,PKG-00958,DEPARTURE,2023-10-25 03:07:30
HUB-004,PKG-01010,DEPARTURE,2023-10-02 04:14:50
HUB-005,PKG-00285,DEPARTURE,2023-10-06 17:34:48
HUB-002,PKG-02047,DEPARTURE,2023-10-07 09:17:15
HUB-007,PKG-01259,ARRIVAL,invalid_ts
HUB-011,PKG-01694,ARRIVAL,2023-10-16 15:05:43
HUB-007,PKG-00797,ARRIVAL,2023-10-30 18:22:43
HUB-001,PKG-01619,ARRIVAL,2023-10-01 12:08:51
HUB-005,PKG-00955,ARRIVAL,2023-10-20 01:29:06
HUB-003,PKG-02325,DEPARTURE,2023-10-27 16:03:40
HUB-007,PKG-00908,DEPARTURE,2023-10-11 05:39:21
HUB-012,PKG-00336,DEPARTURE,2023-10-30 19:19:57
HUB-004,PKG-01174,ARRIVAL,2023-10-19 18:16:29
HUB-012,PKG-00501,ARRIVAL,2023-10-15 11:54:47
HUB-001,PKG-01839,DEPARTURE,2023-10-02 13:27:02
HUB-009,PKG-02037,ARRIVAL,2023-10-26 00:25:39
HUB-004,PKG-00832,DEPARTURE,2023-10-31 12:42:33
HUB-010,PKG-00838,DEPARTURE,2023-10-03 19:49:51
HUB-005,PKG-01561,ARRIVAL,2023-10-11 18:33:53
HUB-009,PKG-00150,ARRIVAL,2023-10-19 06:36:07
HUB-001,PKG-00614,ARRIVAL,2023-10-13 08:51:06
HUB-001,PKG-00474,SORTING,2023-10-15 22:16:35
HUB-002,PKG-00570,DEPARTURE,2023-10-21 22:29:59
HUB-009,PKG-01501,DEPARTURE,2023-10-24 15:01:30
HUB-011,PKG-02286,SORTING,2023-10-12 13:47:50
HUB-003,PKG-01841,ARRIVAL,2023-10-22 09:37:32
HUB-009,PKG-00153,ARRIVAL,2023-10-30 20:15:05
HUB-004,PKG-02400,ARRIVAL,2023-10-18 03:45:32
HUB-006,PKG-00313,ARRIVAL,2023-10-04 15:31:28
HUB-005,PKG-01430,DEPARTURE,2023-10-30 11:35:01
HUB-005,PKG-01890,ARRIVAL,2023-10-16 00:13:51
HUB-007,PKG-01978,DEPARTURE,2023-10-20 20:35:10
HUB-009,PKG-01565,ARRIVAL,2023-10-06 04:34:39
HUB-006,PKG-02040,DEPARTURE,2023-10-09 15:20:23
HUB-009,PKG-01659,DEPARTURE,2023-10-23 17:41:47
HUB-010,PKG-01055,ARRIVAL,2023-10-28 03:15:09
HUB-003,PKG-00362,ARRIVAL,2023-10-13 07:10:07
HUB-010,PKG-02024,DEPARTURE,2023-10-18 12:52:47
HUB-007,PKG-01794,DEPARTURE,2023-10-17 00:56:49
HUB-010,PKG-00746,ARRIVAL,2023-10-30 05:55:05
HUB-001,PKG-01470,DEPARTURE,2023-10-16 07:22:20
HUB-009,PKG-00250,DEPARTURE,2023-10-28 09:47:52
HUB-004,PKG-00335,ARRIVAL,2023-10-15 02:38:57
HUB-009,PKG-00810,DEPARTURE,2023-10-03 14:40:19
HUB-005,PKG-01771,DEPARTURE,2023-10-14 07:35:15
HUB-007,PKG-02355,DEPARTURE,2023-10-09 06:44:16
HUB-005,PKG-01481,DEPARTURE,2023-10-07 17:00:31
HUB-008,PKG-01050,DEPARTURE,2023-10-04 03:57:28
HUB-006,PKG-00386,ARRIVAL,2023-10-04 11:25:00
HUB-010,PKG-01709,ARRIVAL,2023-10-17 15:41:23
HUB-004,PKG-01962,ARRIVAL,2023-10-27 23:49:29
HUB-005,PKG-01967,DEPARTURE,2023-10-18 01:11:51
HUB-002,PKG-01029,DEPARTURE,2023-10-29 03:03:12
HUB-001,PKG-01568,DEPARTURE,2023-10-02 14:25:26
HUB-003,PKG-01382,ARRIVAL,2023-10-25 08:29:52
HUB-005,PKG-02149,ARRIVAL,2023-10-16 03:41:51
HUB-005,PKG-00283,ARRIVAL,2023-10-16 03:04:32
HUB-005,PKG-00038,DEPARTURE,2023-10-30 22:10:29
HUB-005,PKG-02103,DEPARTURE,2023-10-14 03:19:26
HUB-006,PKG-01819,DEPARTURE,2023-10-18 22:56:32
HUB-001,PKG-02387,ARRIVAL,2023-10-28 13:54:37
HUB-009,PKG-00649,DEPARTURE,2023-10-09 23:17:23
HUB-001,PKG-01091,ARRIVAL,2023-10-27 09:43:17
HUB-003,PKG-00731,DEPARTURE,2023-10-21 12:31:29
HUB-004,PKG-02105,ARRIVAL,2023-10-31 00:08:09
HUB-012,PKG-01069,DEPARTURE,2023-10-26 18:44:54
HUB-001,PKG-01136,SORTING,2023-10-22 13:25:01
HUB-012,PKG-00105,ARRIVAL,2023-10-22 13:54:41
HUB-003,PKG-01598,ARRIVAL,2023-10-09 02:14:36
HUB-003,PKG-01093,DEPARTURE,2023-10-04 02:44:50
HUB-002,PKG-00226,ARRIVAL,2023-10-20 19:39:13
HUB-005,PKG-01576,DEPARTURE,2023-10-08 04:39:37
HUB-003,PKG-00034,ARRIVAL,2023-10-23 09:18:44
HUB-003,PKG-00487,DEPARTURE,2023-10-07 04:37:33
HUB-011,PKG-00999,DEPARTURE,2023-10-19 05:01:45
HUB-002,PKG-01886,ARRIVAL,2023-10-06 10:37:26
HUB-012,PKG-00724,DEPARTURE,2023-10-19 17:34:20
HUB-003,PKG-00701,ARRIVAL,2023-10-13 19:23:48
HUB-001,PKG-02339,DEPARTURE,2023-10-25 16:44:03
HUB-003,PKG-01658,ARRIVAL,2023-10-02 14:30:47
HUB-011,PKG-00957,ARRIVAL,2023-10-13 16:17:41
HUB-011,PKG-00358,ARRIVAL,2023-10-10 10:18:52
HUB-011,PKG-01433,DEPARTURE,2023-10-22 15:20:39
HUB-005,PKG-00561,DEPARTURE,2023-10-09 12:47:22
HUB-006,PKG-00744,ARRIVAL,2023-10-06 00:04:58
HUB-010,PKG-00232,SORTING,2023-10-30 00:48:05
HUB-011,PKG-00095,ARRIVAL,2023-10-02 12:08:49
HUB-002,PKG-00181,ARRIVAL,2023-10-11 14:11:50
HUB-004,PKG-02245,DEPARTURE,2023-10-13 07:32:25
HUB-009,PKG-02202,ARRIVAL,2023-10-06 12:19:23
HUB-001,PKG-00261,DEPARTURE,2023-10-09 18:08:46
HUB-001,PKG-00144,ARRIVAL,2023-10-18 21:12:39
HUB-002,PKG-02173,DEPARTURE,2023-10-13 10:07:33
HUB-002,PKG-00587,ARRIVAL,2023-10-12 10:45:46
HUB-007,PKG-01756,DEPARTURE,2023-10-07 15:11:38
HUB-007,PKG-00584,DEPARTURE,2023-10-03 08:09:13
HUB-001,PKG-00548,DEPARTURE,2023-10-09 05:29:02
HUB-008,PKG-01745,ARRIVAL,2023-10-19 23:32:22
HUB-012,PKG-01857,DEPARTURE,2023-10-02 17:12:29
HUB-001,PKG-01802,DEPARTURE,2023-10-28 10:53:10
HUB-008,PKG-00884,SORTING,2023-10-04 11:58:19
HUB-003,PKG-01603,DEPARTURE,2023-10-28 19:56:10
HUB-005,PKG-01165,ARRIVAL,2023-10-20 02:28:01
HUB-008,PKG-02015,DEPARTURE,2023-10-29 12:41:59
HUB-009,PKG-01321,DEPARTURE,2023-10-24 16:04:10
HUB-011,PKG-02221,DEPARTURE,2023-10-03 16:37:29
HUB-003,PKG-02362,ARRIVAL,2023-10-21 18:37:06
HUB-011,PKG-01399,DEPARTURE,2023-10-11 21:03:42
HUB-004,PKG-01015,DEPARTURE,2023-10-08 17:45:35
HUB-008,PKG-00088,ARRIVAL,2023-10-10 20:15:12
HUB-007,PKG-01038,ARRIVAL,2023-10-22 19:21:44
HUB-002,PKG-00853,DEPARTURE,2023-10-03 14:44:21
HUB-010,PKG-01181,ARRIVAL,2023-10-27 16:17:55
HUB-003,PKG-00550,ARRIVAL,2023-10-03 21:48:49
HUB-001,PKG-01615,ARRIVAL,2023-10-10 09:16:42
HUB-004,PKG-01237,DEPARTURE,2023-10-10 01:39:38
HUB-003,PKG-01936,ARRIVAL,2023-10-14 04:19:48
HUB-001,PKG-00150,DEPARTURE,2023-10-17 22:23:30
HUB-003,PKG-01251,DEPARTURE,2023-10-27 18:30:42
HUB-004,PKG-00841,ARRIVAL,2023-10-20 15:53:54
HUB-003,PKG-01814,DEPARTURE,2023-10-24 23:54:02
HUB-003,PKG-00143,ARRIVAL,2023-10-19 22:25:39
HUB-001,PKG-01175,DEPARTURE,2023-10-27 14:06:03
HUB-002,PKG-00476,DEPARTURE,2023-10-08 22:39:57
HUB-009,PKG-01640,ARRIVAL,2023-10-08 03:33:22
HUB-008,PKG-00091,ARRIVAL,2023-10-25 15:40:57
HUB-007,PKG-01925,ARRIVAL,2023-10-26 18:59:47
HUB-012,PKG-00421,DEPARTURE,2023-10-24 09:00:36
HUB-007,PKG-01932,ARRIVAL,2023-10-05 06:46:08
HUB-011,PKG-00901,DEPARTURE,2023-10-17 02:59:22
HUB-001,PKG-01216,ARRIVAL,2023-10-29 14:42:16
HUB-003,PKG-01000,SORTING,2023-10-24 19:25:29
HUB-002,PKG-01770,DEPARTURE,2023-10-04 17:02:59
HUB-008,PKG-02310,ARRIVAL,2023-10-28 21:59:23
HUB-006,PKG-02021,DEPARTURE,2023-10-02 03:33:37
HUB-006,PKG-02156,ARRIVAL,2023-10-05 14:15:32
HUB-012,PKG-00068,DEPARTURE,2023-10-17 18:23:41
HUB-005,PKG-02266,ARRIVAL,2023-10-21 05:12:56
HUB-012,PKG-00912,ARRIVAL,2023-10-26 13:04:30
HUB-011,PKG-02084,ARRIVAL,2023-10-02 03:58:18
HUB-002,PKG-01353,ARRIVAL,2023-10-25 09:03:12
HUB-006,PKG-00206,DEPARTURE,2023-10-29 18:30:40
HUB-005,PKG-01250,ARRIVAL,2023-10-21 11:58:23
HUB-012,PKG-01858,DEPARTURE,2023-10-25 18:27:13
HUB-004,PKG-00452,SORTING,2023-10-05 05:09:34
HUB-001,PKG-00863,DEPARTURE,2023-10-05 23:18:18
HUB-003,PKG-01167,DEPARTURE,2023-10-24 17:08:56
HUB-010,PKG-01796,DEPARTURE,2023-10-17 09:40:49
HUB-008,PKG-01244,ARRIVAL,2023-10-16 17:40:12
HUB-009,PKG-01423,ARRIVAL,2023-10-28 20:41:34
HUB-009,PKG-01500,ARRIVAL,2023-10-26 23:31:17
HUB-003,PKG-01706,DEPARTURE,2023-10-10 09:30:58
HUB-011,PKG-01876,ARRIVAL,2023-10-10 11:55:05
HUB-008,PKG-02204,DEPARTURE,2023-10-15 03:23:34
HUB-003,PKG-01130,ARRIVAL,2023-10-08 16:16:21
HUB-008,PKG-02302,DEPARTURE,2023-10-30 15:08:25
HUB-006,PKG-00306,DEPARTURE,2023-10-08 01:56:10
HUB-003,PKG-01274,DEPARTURE,2023-10-05 18:22:01
HUB-005,PKG-01339,DEPARTURE,2023-10-10 09:05:39
HUB-012,PKG-00088,DEPARTURE,2023-10-10 12:38:00
HUB-007,PKG-02226,DEPARTURE,2023-10-12 00:15:58
HUB-001,PKG-01041,DEPARTURE,2023-10-14 14:11:03
HUB-006,PKG-01775,DEPARTURE,2023-10-20 19:08:20
HUB-009,PKG-01860,ARRIVAL,2023-10-18 01:53:47
HUB-007,PKG-00287,ARRIVAL,2023-10-04 02:06:32
HUB-003,PKG-01260,DEPARTURE,2023-10-11 02:20:27
HUB-007,PKG-01384,ARRIVAL,2023-10-15 15:21:09
HUB-002,PKG-00380,DEPARTURE,
HUB-011,PKG-01486,DEPARTURE,2023-10-02 05:43:52
HUB-001,PKG-02259,DEPARTURE,2023-10-20 11:47:05
HUB-004,PKG-00487,DEPARTURE,2023-10-06 12:18:07
HUB-006,PKG-01005,DEPARTURE,2023-10-22 03:27:33
HUB-010,PKG-01227,ARRIVAL,2023-10-14 05:01:29
HUB-006,PKG-01805,ARRIVAL,2023-10-07 15:57:47
HUB-002,PKG-02224,DEPARTURE,2023-10-13 20:02:24
HUB-004,PKG-00796,ARRIVAL,2023-10-06 12:50:04
HUB-006,PKG-01503,ARRIVAL,2023-10-06 13:41:27
HUB-008,PKG-01079,DEPARTURE,2023-10-16 13:34:53
HUB-003,PKG-01171,DEPARTURE,2023-10-24 14:24:40
HUB-010,PKG-01329,ARRIVAL,2023-10-05 07:12:44
HUB-005,PKG-01645,ARRIVAL,2023-10-09 06:11:48
HUB-004,PKG-00237,DEPARTURE,2023-10-07 00:26:23
HUB-010,PKG-01181,DEPARTURE,2023-10-27 22:01:41
HUB-001,PKG-01570,ARRIVAL,2023-10-16 17:25:36
HUB-007,PKG-01926,ARRIVAL,2023-10-26 02:59:26
HUB-002,PKG-02069,ARRIVAL,2023-10-08 00:27:50
HUB-005,PKG-01826,ARRIVAL,2023-10-09 07:59:50
HUB-008,PKG-01348,DEPARTURE,2023-10-29 14:31:13
HUB-001,PKG-01115,ARRIVAL,2023-10-23 14:00:01
HUB-008,PKG-01908,ARRIVAL,2023-10-19 05:15:12
HUB-001,PKG-02357,ARRIVAL,2023-10-18 13:40:15
HUB-001,PKG-00581,DEPARTURE,2023-10-10 22:57:02
HUB-005,PKG-02241,ARRIVAL,2023-10-23 06:32:30
HUB-011,PKG-01694,DEPARTURE,2023-10-16 22:21:51
HUB-001,PKG-00063,ARRIVAL,2023-10-08 01:07:33
HUB-003,PKG-01487,DEPARTURE,2023-10-10 18:14:02
HUB-002,PKG-02218,ARRIVAL,2023-10-26 18:28:46
HUB-004,PKG-02113,DEPARTURE,2023-10-09 17:14:21
HUB-006,PKG-01237,DEPARTURE,2023-10-09 18:20:34
HUB-004,PKG-02324,ARRIVAL,2023-10-30 09:23:26
HUB-007,PKG-01976,DEPARTURE,2023-10-24 02:34:46
HUB-009,PKG-00320,DEPARTURE,2023-10-22 15:27:40
HUB-001,PKG-00240,DEPARTURE,2023-10-10 19:06:39
HUB-010,PKG-00472,DEPARTURE,2023-10-04 02:19:20
HUB-011,PKG-01575,ARRIVAL,2023-10-24 08:12:23
HUB-003,PKG-00958,DEPARTURE,2023-10-25 20:41:06
HUB-008,PKG-00533,DEPARTURE,2023-10-20 09:46:25
HUB-001,PKG-01955,ARRIVAL,2023-10-23 06:57:08
HUB-010,PKG-01760,ARRIVAL,2023-10-04 06:05:04
HUB-007,PKG-00232,DEPARTURE,2023-10-29 13:01:31
HUB-005,PKG-00444,DEPARTURE,2023-10-25 11:24:24
HUB-006,PKG-00579,ARRIVAL,2023-10-29 23:51:59
HUB-011,PKG-00804,DEPARTURE,2023-10-19 06:17:32
HUB-005,PKG-01607,ARRIVAL,invalid_ts
HUB-011,PKG-00410,ARRIVAL,2023-10-22 09:06:45
HUB-005,PKG-00022,DEPARTURE,2023-10-25 19:48:44
HUB-006,PKG-01984,DEPARTURE,2023-10-22 16:58:07
HUB-009,PKG-01822,DEPARTURE,2023-10-31 12:44:17
HUB-003,PKG-02001,DEPARTURE,2023-10-07 14:44:16
HUB-009,PKG-01102,ARRIVAL,2023-10-23 22:13:35
HUB-002,PKG-00489,DEPARTURE,2023-10-21 02:08:13
HUB-007,PKG-01789,DEPARTURE,2023-10-19 01:15:11
HUB-002,PKG-01655,ARRIVAL,2023-10-28 10:32:00
HUB-004,PKG-00123,DEPARTURE,2023-10-09 14:45:04
HUB-001,PKG-00417,DEPARTURE,2023-10-18 16:38:25
HUB-009,PKG-01347,ARRIVAL,2023-10-23 14:48:46
HUB-011,PKG-01330,ARRIVAL,2023-10-19 22:16:11
HUB-003,PKG-00420,DEPARTURE,2023-10-21 20:31:02
HUB-005,PKG-01724,ARRIVAL,2023-10-11 17:40:30
HUB-004,PKG-00042,DEPARTURE,2023-10-22 13:21:41
HUB-001,PKG-01464,ARRIVAL,2023-10-18 16:43:21
HUB-002,PKG-01685,DEPARTURE,2023-10-17 23:23:36
HUB-002,PKG-00677,DEPARTURE,2023-10-28 22:27:14
HUB-004,PKG-01513,DEPARTURE,2023-10-23 09:21:51
HUB-006,PKG-00694,DEPARTURE,2023-10-02 01:08:28
HUB-002,PKG-01661,DEPARTURE,2023-10-02 08:44:07
HUB-005,PKG-00261,DEPARTURE,2023-10-10 13:54:54
HUB-012,PKG-02068,ARRIVAL,2023-10-02 14:30:18
HUB-006,PKG-01716,ARRIVAL,2023-10-03 02:24:54
HUB-003,PKG-02150,ARRIVAL,2023-10-14 06:12:13
HUB-007,PKG-01155,ARRIVAL,2023-10-24 05:15:29
HUB-002,PKG-01906,DEPARTURE,2023-02-30 10:00:00
HUB-001,PKG-00262,DEPARTURE,2023-10-12 18:06:30
HUB-009,PKG-00652,DEPARTURE,2023-10-19 01:09:00
HUB-003,PKG-00478,ARRIVAL,2023-10-25 17:41:18
HUB-006,PKG-00461,ARRIVAL,2023-10-13 02:06:57
HUB-005,PKG-01211,ARRIVAL,2023-10-04 01:14:36
HUB-005,PKG-00022,ARRIVAL,2023-10-25 06:10:08
HUB-006,PKG-01951,DEPARTURE,2023-10-15 21:59:49
HUB-007,PKG-02077,ARRIVAL,2023-10-26 23:14:39
HUB-004,PKG-00005,ARRIVAL,2023-10-19 22:59:45
HUB-012,PKG-01566,ARRIVAL,2023-10-30 14:45:25
HUB-001,PKG-01449,ARRIVAL,2023-10-23 23:20:50
HUB-005,PKG-01446,ARRIVAL,2023-10-01 08:01:18
HUB-007,PKG-02381,ARRIVAL,2023-10-08 07:36:42
HUB-009,PKG-00293,ARRIVAL,2023-10-06 07:09:19
HUB-003,PKG-01806,DEPARTURE,2023-10-17 12:00:43
HUB-002,PKG-01245,DEPARTURE,2023-10-20 03:04:38
HUB-009,PKG-01607,ARRIVAL,2023-10-21 18:36:43
HUB-003,PKG-02089,ARRIVAL,2023-10-18 03:51:56
HUB-004,PKG-00611,ARRIVAL,2023-10-05 07:22:32
HUB-005,PKG-02075,ARRIVAL,2023-10-04 11:25:57
HUB-005,PKG-00356,ARRIVAL,2023-10-08 13:37:02
HUB-001,PKG-01726,SORTING,2023-10-06 11:20:58
HUB-011,PKG-02376,ARRIVAL,2023-10-03 11:03:02
HUB-009,PKG-00503,ARRIVAL,2023-10-02 03:57:34
HUB-002,PKG-00117,ARRIVAL,2023-10-04 22:27:32
HUB-011,PKG-01116,DEPARTURE,2023-10-11 15:29:30
HUB-006,PKG-01524,DEPARTURE,2023-10-15 02:28:14
HUB-008,PKG-01580,DEPARTURE,2023-10-04 08:26:37
HUB-004,PKG-01795,DEPARTURE,2023-10-15 14:51:41
HUB-009,PKG-01900,ARRIVAL,2023-10-14 12:00:28
HUB-005,PKG-01125,DEPARTURE,2023-10-21 04:15:43
HUB-003,PKG-01066,DEPARTURE,2023-10-30 22:08:51
HUB-003,PKG-01351,ARRIVAL,2023-10-19 11:31:21
HUB-009,PKG-02268,ARRIVAL,2023-10-14 09:23:26
HUB-003,PKG-02237,ARRIVAL,2023-10-18 22:11:58
HUB-009,PKG-01501,ARRIVAL,2023-10-24 08:50:42
HUB-004,PKG-00270,DEPARTURE,2023-10-04 03:51:28
HUB-006,PKG-02015,ARRIVAL,2023-10-29 15:25:00
HUB-011,PKG-02193,ARRIVAL,2023-10-07 19:03:34
HUB-001,PKG-01519,ARRIVAL,2023-10-18 11:51:01
HUB-011,PKG-01676,ARRIVAL,2023-10-24 23:06:10
HUB-011,PKG-00095,DEPARTURE,2023-10-02 15:18:08
HUB-007,PKG-02095,ARRIVAL,2023-10-02 21:10:55
HUB-001,PKG-01221,ARRIVAL,2023-10-03 20:20:38
HUB-001,PKG-01099,DEPARTURE,2023-10-31 05:16:43
HUB-001,PKG-02285,DEPARTURE,2023-10-26 23:51:08
HUB-002,PKG-01308,DEPARTURE,2023-10-16 13:00:19
HUB-011,PKG-01684,DEPARTURE,2023-10-13 13:19:28
HUB-006,PKG-01307,DEPARTURE,2023-10-22 09:27:53
HUB-004,PKG-01482,DEPARTURE,2023-10-19 12:56:02
HUB-002,PKG-00557,ARRIVAL,2023-10-21 04:03:31
HUB-010,PKG-00638,DEPARTURE,2023-10-22 07:01:07
HUB-001,PKG-01843,ARRIVAL,2023-10-31 01:34:15
HUB-001,PKG-00654,DEPARTURE,2023-10-05 16:58:12
HUB-002,PKG-01533,ARRIVAL,2023-10-09 15:38:13
HUB-009,PKG-00987,DEPARTURE,2023-10-09 15:12:34
HUB-006,PKG-00909,DEPARTURE,2023-10-08 18:50:43
HUB-005,PKG-01889,DEPARTURE,2023-10-09 04:20:41
HUB-004,PKG-00096,DEPARTURE,2023-10-06 15:45:10
HUB-010,PKG-02262,DEPARTURE,2023-10-09 02:33:27
HUB-004,PKG-00802,ARRIVAL,2023-10-26 12:19:51
HUB-006,PKG-00530,ARRIVAL,2023-10-22 06:05:23
HUB-004,PKG-01039,ARRIVAL,2023-10-08 12:53:51
HUB-005,PKG-00632,ARRIVAL,2023-10-09 08:37:33
HUB-006,PKG-01855,ARRIVAL,2023-10-17 09:29:04
HUB-001,PKG-01000,DEPARTURE,2023-10-24 11:30:22
HUB-001,PKG-00989,DEPARTURE,2023-10-26 23:14:59
HUB-003,PKG-00850,ARRIVAL,2023-10-15 04:39:27
HUB-005,PKG-01485,ARRIVAL,2023-10-13 07:12:18
HUB-001,PKG-00720,ARRIVAL,2023-10-07 10:27:03
HUB-006,PKG-01418,ARRIVAL,2023-10-12 08:49:05
HUB-001,PKG-01385,ARRIVAL,2023-10-02 14:08:48
HUB-010,PKG-01893,DEPARTURE,2023-10-09 20:13:22
HUB-005,PKG-00479,DEPARTURE,2023-10-18 17:14:16
HUB-004,PKG-00276,DEPARTURE,2023-10-22 13:29:05
HUB-002,PKG-00101,DEPARTURE,2023-10-09 12:21:02
HUB-004,PKG-02023,ARRIVAL,2023-10-27 00:50:21
HUB-001,PKG-02264,ARRIVAL,2023-10-29 19:33:33
HUB-004,PKG-00238,ARRIVAL,2023-10-08 07:34:40
HUB-002,PKG-00651,DEPARTURE,2023-10-16 06:29:17
HUB-001,PKG-02147,ARRIVAL,2023-10-13 07:26:36
HUB-010,PKG-01063,DEPARTURE,2023-10-22 22:56:50
HUB-011,PKG-02394,DEPARTURE,2023-10-18 01:51:33
HUB-001,PKG-00496,ARRIVAL,2023-10-18 20:12:10
HUB-008,PKG-01817,ARRIVAL,2023-10-12 09:43:54
HUB-012,PKG-02253,DEPARTURE,2023-10-25 19:12:11
HUB-003,PKG-01927,DEPARTURE,2023-10-16 11:13:38
HUB-005,PKG-00568,DEPARTURE,2023-10-30 19:14:21
HUB-007,PKG-01134,DEPARTURE,2023-10-22 18:00:13
HUB-006,PKG-00693,DEPARTURE,2023-10-17 20:34:19
HUB-004,PKG-00685,ARRIVAL,2023-10-24 19:35:28
HUB-010,PKG-01512,DEPARTURE,2023-10-24 14:29:13
HUB-010,PKG-00159,ARRIVAL,2023-10-11 11:40:03
HUB-005,PKG-01210,DEPARTURE,2023-10-07 06:11:38
HUB-005,PKG-00669,DEPARTURE,2023-10-29 14:07:46
HUB-002,PKG-02169,DEPARTURE,2023-10-15 20:25:41
HUB-004,PKG-01958,ARRIVAL,2023-10-25 05:36:15
HUB-008,PKG-00193,ARRIVAL,2023-10-24 18:05:17
HUB-004,PKG-00664,ARRIVAL,2023-10-03 08:38:04
HUB-003,PKG-02366,DEPARTURE,2023-10-27 09:35:32
HUB-005,PKG-02396,DEPARTURE,2023-10-21 22:08:34
HUB-007,PKG-00732,ARRIVAL,2023-10-29 17:13:52
HUB-006,PKG-02223,ARRIVAL,2023-10-22 02:42:41
HUB-004,PKG-01624,ARRIVAL,2023-10-07 04:00:26
HUB-001,PKG-01945,DEPARTURE,2023-10-18 20:04:46
HUB-005,PKG-01252,ARRIVAL,2023-10-28 13:24:23
HUB-001,PKG-01857,DEPARTURE,2023-10-03 00:43:18
HUB-002,PKG-01405,DEPARTURE,2023-10-14 07:50:33
HUB-002,PKG-00245,DEPARTURE,2023-10-24 13:14:49
HUB-004,PKG-01257,DEPARTURE,2023-10-13 15:16:34
HUB-001,PKG-01068,SORTING,2023-10-10 08:15:06
HUB-004,PKG-00803,DEPARTURE,2023-10-03 14:01:54
HUB-005,PKG-00164,DEPARTURE,2023-10-17 13:25:56
HUB-012,PKG-02115,DEPARTURE,2023-10-25 21:17:59
HUB-010,PKG-00920,DEPARTURE,2023-10-22 20:57:48
HUB-001,PKG-02127,DEPARTURE,2023-10-27 23:50:07
HUB-010,PKG-00966,DEPARTURE,2023-10-20 17:48:46
HUB-004,PKG-01426,ARRIVAL,2023-10-16 15:31:23
HUB-004,PKG-01011,ARRIVAL,2023-10-22 11:27:31
HUB-011,PKG-00985,DEPARTURE,2023-10-30 09:51:52
HUB-004,PKG-01017,DEPARTURE,2023-10-09 07:26:22
HUB-002,PKG-01983,ARRIVAL,2023-10-30 22:38:26
HUB-005,PKG-01366,ARRIVAL,2023-10-18 17:58:13
HUB-001,PKG-00402,DEPARTURE,2023-10-13 13:57:04
HUB-002,PKG-02068,ARRIVAL,2023-10-01 12:22:14
HUB-012,PKG-01878,ARRIVAL,2023-10-03 13:00:08
HUB-001,PKG-01523,DEPARTURE,2023-10-13 17:59:06
HUB-003,PKG-01558,ARRIVAL,2023-10-03 05:47:54
HUB-012,PKG-02052,DEPARTURE,2023-10-02 02:49:34
HUB-007,PKG-01631,DEPARTURE,2023-10-17 02:42:56
HUB-011,PKG-02392,DEPARTURE,2023-10-23 09:57:41
HUB-008,PKG-01054,ARRIVAL,2023-10-03 10:35:29
HUB-005,PKG-02071,ARRIVAL,2023-10-02 07:35:04
HUB-006,PKG-01928,ARRIVAL,2023-10-14 11:37:25
HUB-009,PKG-00011,ARRIVAL,2023-10-28 13:30:13
HUB-001,PKG-01068,ARRIVAL,2023-10-10 05:18:39
HUB-009,PKG-00020,DEPARTURE,2023-10-22 11:02:35
HUB-006,PKG-01705,DEPARTURE,2023-10-06 20:44:39
HUB-008,PKG-02140,ARRIVAL,2023-10-22 05:26:58
HUB-003,PKG-00222,DEPARTURE,2023-10-31 01:59:12
HUB-003,PKG-00620,ARRIVAL,2023-10-14 06:24:27
HUB-010,PKG-00966,ARRIVAL,2023-10-17 17:45:22
HUB-006,PKG-01164,DEPARTURE,2023-10-22 05:00:30
HUB-003,PKG-01862,DEPARTURE,2023-10-22 15:11:23
HUB-003,PKG-00920,DEPARTURE,2023-10-23 11:45:20
HUB-010,PKG-00231,ARRIVAL,2023-10-29 08:09:49
HUB-002,PKG-01564,ARRIVAL,2023-10-25 11:36:47
HUB-004,PKG-01097,ARRIVAL,2023-10-12 14:15:31
HUB-008,PKG-02087,ARRIVAL,2023-10-24 14:17:06
HUB-009,PKG-00950,DEPARTURE,2023-10-06 16:27:20
HUB-003,PKG-00143,DEPARTURE,2023-10-20 05:33:21
HUB-006,PKG-00873,DEPARTURE,2023-10-30 20:02:09
HUB-008,PKG-02361,ARRIVAL,2023-10-04 23:51:08
HUB-002,PKG-01469,DEPARTURE,2023-10-04 05:59:28
HUB-007,PKG-00760,ARRIVAL,2023-10-30 17:16:10
HUB-004,PKG-00717,ARRIVAL,2023-10-21 03:28:41
HUB-005,PKG-02386,DEPARTURE,2023-10-17 06:27:52
HUB-005,PKG-01139,DEPARTURE,2023-10-06 07:03:02
HUB-002,PKG-02090,ARRIVAL,2023-10-06 17:45:52
HUB-001,PKG-01141,DEPARTURE,2023-10-23 17:08:59
HUB-002,PKG-00226,DEPARTURE,2023-10-21 04:26:02
HUB-002,PKG-00125,DEPARTURE,2023-10-21 23:01:18
HUB-006,PKG-02032,DEPARTURE,2023-10-21 16:42:31
HUB-009,PKG-00668,ARRIVAL,2023-10-19 08:16:25
HUB-004,PKG-00561,ARRIVAL,2023-10-08 13:17:08
HUB-004,PKG-01894,DEPARTURE,2023-10-04 02:35:39
HUB-006,PKG-01114,DEPARTURE,2023-10-14 18:29:52
HUB-009,PKG-01304,DEPARTURE,2023-10-10 02:52:14
HUB-004,PKG-01531,DEPARTURE,2023-10-12 10:52:19
HUB-005,PKG-01476,ARRIVAL,2023-10-25 15:28:36
HUB-005,PKG-02361,ARRIVAL,2023-10-05 16:41:01
HUB-011,PKG-00343,ARRIVAL,2023-10-18 20:10:35
HUB-007,PKG-00777,ARRIVAL,2023-10-22 05:07:11
HUB-002,PKG-01372,ARRIVAL,2023-10-01 06:54:05
HUB-003,PKG-01892,SORTING,2023-10-04 08:35:42
HUB-001,PKG-02229,ARRIVAL,2023-10-04 07:17:34
HUB-007,PKG-01038,DEPARTURE,2023-10-23 02:10:33
HUB-001,PKG-00475,DEPARTURE,2023-10-11 13:26:05
HUB-001,PKG-00629,DEPARTURE,2023-10-25 01:50:30
HUB-005,PKG-00856,ARRIVAL,2023-10-25 15:16:52
HUB-004,PKG-01704,ARRIVAL,2023-10-12 19:42:14
HUB-001,PKG-00403,ARRIVAL,2023-10-16 20:16:14
HUB-007,PKG-00199,DEPARTURE,2023-10-08 05:58:22
HUB-011,PKG-00345,DEPARTURE,2023-10-10 15:55:51
HUB-012,PKG-01888,DEPARTURE,2023-10-25 17:19:03
HUB-005,PKG-00509,ARRIVAL,2023-10-24 06:17:36
HUB-005,PKG-01686,ARRIVAL,2023-10-20 07:35:34
HUB-007,PKG-01809,DEPARTURE,2023-10-16 12:53:47
HUB-002,PKG-01301,DEPARTURE,2023-10-17 15:24:37
HUB-006,PKG-02129,ARRIVAL,2023-10-07 13:54:10
HUB-006,PKG-00765,DEPARTURE,2023-10-14 04:29:01
HUB-001,PKG-00544,DEPARTURE,2023-10-12 06:47:01
HUB-005,PKG-00831,ARRIVAL,2023-10-26 20:48:25
HUB-012,PKG-00933,ARRIVAL,2023-10-04 04:34:18
HUB-001,PKG-00710,DEPARTURE,2023-10-05 12:34:12
HUB-005,PKG-00722,DEPARTURE,2023-10-19 07:32:19
HUB-012,PKG-02348,ARRIVAL,2023-10-02 12:44:41
HUB-011,PKG-01100,ARRIVAL,2023-10-24 06:02:46
HUB-004,PKG-00347,DEPARTURE,2023-10-24 12:59:05
HUB-010,PKG-00932,ARRIVAL,2023-10-29 00:12:01
HUB-002,PKG-00252,DEPARTURE,2023-10-18 10:35:40
HUB-012,PKG-01672,DEPARTURE,2023-10-19 20:54:37
HUB-003,PKG-02275,ARRIVAL,2023-10-13 04:31:35
HUB-001,PKG-02199,ARRIVAL,2023-10-19 04:41:19
HUB-010,PKG-00592,ARRIVAL,2023-10-05 13:30:28
HUB-009,PKG-01122,DEPARTURE,2023-10-29 14:58:30
HUB-005,PKG-01315,ARRIVAL,2023-10-05 15:32:20
HUB-001,PKG-00981,ARRIVAL,2023-10-12 21:20:31
HUB-001,PKG-00614,DEPARTURE,2023-10-13 15:28:24
HUB-003,PKG-02099,DEPARTURE,2023-10-06 22:16:57
HUB-002,PKG-00720,DEPARTURE,2023-10-07 03:15:23
HUB-007,PKG-00991,DEPARTURE,2023-10-17 14:05:57
HUB-005,PKG-00644,ARRIVAL,2023-10-26 17:27:51
HUB-007,PKG-00757,DEPARTURE,2023-10-17 10:44:54
HUB-004,PKG-02379,ARRIVAL,2023-10-25 07:48:58
HUB-005,PKG-01382,ARRIVAL,2023-10-24 19:53:13
HUB-003,PKG-00890,ARRIVAL,2023-10-08 12:30:51
HUB-004,PKG-00094,ARRIVAL,2023-10-05 10:32:26
HUB-001,PKG-01700,DEPARTURE,2023-10-21 13:30:56
HUB-010,PKG-00446,DEPARTURE,2023-10-18 07:01:58
HUB-008,PKG-00547,ARRIVAL,2023-10-03 08:41:12
HUB-003,PKG-00516,ARRIVAL,2023-10-17 02:09:51
HUB-007,PKG-00738,DEPARTURE,2023-10-05 13:19:37
HUB-002,PKG-00789,DEPARTURE,2023-10-15 18:51:41
HUB-006,PKG-00643,ARRIVAL,2023-10-14 07:24:28
HUB-003,PKG-00633,DEPARTURE,2023-10-21 23:20:42
HUB-009,PKG-00022,DEPARTURE,2023-10-25 01:46:36
HUB-010,PKG-00880,DEPARTURE,2023-10-19 23:46:55
HUB-001,PKG-01349,ARRIVAL,2023-10-20 12:08:45
HUB-007,PKG-01351,ARRIVAL,2023-10-20 03:54:50
HUB-010,PKG-01796,ARRIVAL,2023-10-17 00:47:25
HUB-002,PKG-01162,DEPARTURE,2023-10-29 21:56:12
HUB-006,PKG-02391,DEPARTURE,2023-10-14 13:08:04
HUB-012,PKG-02048,ARRIVAL,2023-10-14 08:47:14
HUB-007,PKG-01794,ARRIVAL,2023-10-16 18:35:01
HUB-005,PKG-00041,ARRIVAL,2023-10-15 08:35:48
HUB-009,PKG-02006,ARRIVAL,2023-10-23 18:59:14
HUB-012,PKG-00747,ARRIVAL,2023-02-30 10:00:00
HUB-003,PKG-02218,ARRIVAL,2023-10-26 05:16:56
HUB-001,PKG-00071,ARRIVAL,2023-10-11 10:38:45
HUB-012,PKG-00051,SORTING,2023-10-26 18:56:17
HUB-003,PKG-00628,DEPARTURE,2023-10-11 01:58:19
HUB-003,PKG-01079,ARRIVAL,2023-10-15 15:41:33
HUB-012,PKG-00552,SORTING,2023-10-26 14:55:13
HUB-001,PKG-00094,DEPARTURE,2023-10-06 04:54:15
HUB-004,PKG-01837,SORTING,2023-10-07 20:20:56
HUB-003,PKG-00078,DEPARTURE,2023-10-09 04:38:39
HUB-011,PKG-01707,DEPARTURE,2023-10-23 01:44:47
HUB-005,PKG-00722,ARRIVAL,2023-10-18 21:46:40
HUB-006,PKG-02084,DEPARTURE,2023-10-01 18:51:32
HUB-006,PKG-01018,ARRIVAL,2023-10-27 15:02:40
HUB-006,PKG-01483,DEPARTURE,2023-10-12 12:13:06
HUB-001,PKG-00349,DEPARTURE,2023-10-30 12:14:17
HUB-011,PKG-01404,DEPARTURE,2023-10-15 11:37:20
HUB-009,PKG-01933,ARRIVAL,2023-10-19 22:19:06
HUB-004,PKG-01240,ARRIVAL,2023-10-28 13:28:56
HUB-002,PKG-02289,ARRIVAL,2023-10-12 15:31:00
HUB-001,PKG-00242,DEPARTURE,2023-10-11 00:06:50
HUB-006,PKG-01942,ARRIVAL,2023-10-14 20:23:44
HUB-002,PKG-01267,ARRIVAL,2023-10-16 10:38:07
HUB-003,PKG-00468,DEPARTURE,2023-10-26 15:20:04
HUB-005,PKG-02269,ARRIVAL,2023-10-29 17:09:20
HUB-003,PKG-01194,DEPARTURE,2023-10-05 03:57:39
HUB-007,PKG-01618,DEPARTURE,2023-10-22 01:02:34
HUB-007,PKG-00564,DEPARTURE,2023-10-08 18:37:36
HUB-005,PKG-01788,ARRIVAL,2023-10-28 07:39:09
HUB-006,PKG-00871,DEPARTURE,2023-10-25 11:29:26
HUB-005,PKG-01912,DEPARTURE,2023-10-09 01:00:32
HUB-001,PKG-00665,DEPARTURE,2023-10-28 22:18:04
HUB-001,PKG-00010,DEPARTURE,2023-10-15 14:12:27
HUB-001,PKG-01205,ARRIVAL,2023-10-13 06:31:42
HUB-003,PKG-01309,DEPARTURE,2023-10-25 00:31:07
HUB-012,PKG-00593,DEPARTURE,2023-10-21 00:27:15
HUB-003,PKG-00200,DEPARTURE,2023-10-09 23:46:35
HUB-008,PKG-02127,ARRIVAL,2023-10-28 08:32:27
HUB-001,PKG-01660,ARRIVAL,2023-10-30 08:59:43
HUB-010,PKG-01389,ARRIVAL,2023-10-07 20:44:04
HUB-004,PKG-00874,SORTING,2023-10-16 07:25:19
HUB-005,PKG-00091,DEPARTURE,2023-10-26 08:10:22
HUB-007,PKG-00748,ARRIVAL,2023-10-30 18:33:48
HUB-003,PKG-00204,ARRIVAL,2023-10-21 18:25:17
HUB-012,PKG-01542,DEPARTURE,2023-10-13 12:11:10
HUB-004,PKG-01868,DEPARTURE,2023-10-04 20:26:30
HUB-001,PKG-01003,ARRIVAL,2023-10-15 10:32:58
HUB-001,PKG-01501,DEPARTURE,2023-10-24 05:23:55
HUB-006,PKG-01197,DEPARTURE,2023-10-16 01:58:36
HUB-004,PKG-01308,ARRIVAL,2023-10-15 16:45:34
HUB-011,PKG-00903,DEPARTURE,2023-10-20 11:45:45
HUB-009,PKG-01042,DEPARTURE,2023-10-03 19:00:09
HUB-003,PKG-01748,ARRIVAL,2023-10-19 15:30:34
HUB-001,PKG-02159,DEPARTURE,2023-10-08 21:58:25
HUB-006,PKG-00114,DEPARTURE,2023-10-13 08:33:33
HUB-003,PKG-02371,ARRIVAL,2023-10-17 02:00:25
HUB-001,PKG-00497,DEPARTURE,2023-10-27 18:26:50
HUB-012,PKG-01021,ARRIVAL,2023-10-11 06:37:39
HUB-002,PKG-00563,ARRIVAL,2023-10-24 08:23:15
HUB-009,PKG-00642,ARRIVAL,2023-10-07 23:29:02
HUB-010,PKG-01948,DEPARTURE,2023-10-08 06:19:10
HUB-004,PKG-00756,DEPARTURE,2023-10-05 20:27:11
HUB-010,PKG-02056,ARRIVAL,2023-10-30 15:47:04
HUB-010,PKG-00008,DEPARTURE,2023-10-08 01:26:21
HUB-002,PKG-00563,DEPARTURE,2023-10-24 20:23:09
HUB-006,PKG-01856,ARRIVAL,2023-10-07 10:44:46
HUB-003,PKG-01727,DEPARTURE,2023-10-18 02:51:33
HUB-003,PKG-01699,DEPARTURE,2023-10-24 03:36:56
HUB-006,PKG-01262,DEPARTURE,2023-10-06 17:40:54
HUB-004,PKG-01374,ARRIVAL,2023-10-23 16:50:16
HUB-001,PKG-00465,ARRIVAL,2023-10-04 09:06:30
HUB-005,PKG-01647,ARRIVAL,2023-10-26 03:48:56
HUB-005,PKG-00747,DEPARTURE,2023-10-03 22:05:59
HUB-001,PKG-00264,ARRIVAL,2023-10-12 03:15:52
HUB-010,PKG-01960,DEPARTURE,2023-10-01 18:05:07
HUB-004,PKG-01334,ARRIVAL,2023-10-07 08:53:15
HUB-002,PKG-00776,ARRIVAL,2023-10-17 20:08:27
HUB-004,PKG-01189,ARRIVAL,2023-10-24 10:29:19
HUB-001,PKG-01418,DEPARTURE,2023-10-12 03:06:14
HUB-012,PKG-00708,DEPARTURE,2023-10-04 18:53:48
HUB-005,PKG-01246,ARRIVAL,2023-10-10 16:28:44
HUB-008,PKG-01745,DEPARTURE,2023-10-20 03:17:37
HUB-001,PKG-00839,ARRIVAL,2023-10-26 08:16:36
HUB-002,PKG-01165,ARRIVAL,2023-10-21 10:42:16
HUB-001,PKG-01904,ARRIVAL,2023-10-29 11:19:15
HUB-002,PKG-01556,DEPARTURE,2023-10-13 13:36:27
HUB-006,PKG-01958,DEPARTURE,2023-10-24 23:03:31
HUB-008,PKG-00786,ARRIVAL,2023-10-20 05:45:41
HUB-004,PKG-02330,ARRIVAL,2023-10-15 22:24:17
HUB-006,PKG-02112,ARRIVAL,2023-10-17 17:12:55
HUB-007,PKG-00113,ARRIVAL,2023-10-08 01:04:24
HUB-004,PKG-02160,ARRIVAL,2023-10-17 03:03:34
HUB-006,PKG-00041,DEPARTURE,2023-10-16 09:57:30
HUB-006,PKG-02030,DEPARTURE,2023-10-21 00:22:32
HUB-001,PKG-01136,DEPARTURE,2023-10-22 15:10:40
HUB-006,PKG-00667,ARRIVAL,2023-10-24 14:46:37
HUB-002,PKG-01389,DEPARTURE,2023-10-07 15:08:02
HUB-011,PKG-01116,ARRIVAL,2023-10-11 10:18:32
HUB-006,PKG-02287,DEPARTURE,2023-10-12 17:53:50
HUB-003,PKG-00292,DEPARTURE,2023-10-24 21:07:20
HUB-009,PKG-00810,ARRIVAL,2023-10-03 11:33:34
HUB-010,PKG-00247,DEPARTURE,2023-10-05 03:09:46
HUB-007,PKG-02123,ARRIVAL,2023-10-16 15:09:08
HUB-001,PKG-00821,DEPARTURE,2023-10-27 06:15:56
HUB-004,PKG-00554,ARRIVAL,2023-10-29 11:57:16
HUB-005,PKG-01186,DEPARTURE,2023-10-26 03:05:24
HUB-002,PKG-00415,DEPARTURE,2023-10-29 11:03:58
HUB-001,PKG-01855,DEPARTURE,2023-10-17 03:20:26
HUB-006,PKG-02018,DEPARTURE,2023-10-11 21:33:25
HUB-004,PKG-01348,DEPARTURE,2023-10-29 07:12:11
HUB-011,PKG-00400,DEPARTURE,2023-10-28 21:40:29
HUB-001,PKG-01119,ARRIVAL,2023-10-21 12:15:20
HUB-006,PKG-01981,SORTING,2023-10-07 21:22:42
HUB-001,PKG-01318,DEPARTURE,2023-10-04 20:09:39
HUB-002,PKG-01922,DEPARTURE,2023-10-04 01:54:25
HUB-006,PKG-00348,DEPARTURE,2023-10-10 22:43:50
HUB-002,PKG-00199,ARRIVAL,2023-10-09 06:30:39
HUB-007,PKG-00552,ARRIVAL,2023-13-45 99:00:00
HUB-001,PKG-00385,ARRIVAL,2023-10-24 10:07:36
HUB-007,PKG-00364,DEPARTURE,2023-10-05 15:50:11
HUB-003,PKG-00234,DEPARTURE,2023-10-15 22:26:35
HUB-012,PKG-00325,DEPARTURE,2023-10-29 14:06:18
HUB-003,PKG-01168,DEPARTURE,2023-10-29 18:57:50
HUB-007,PKG-00292,DEPARTURE,2023-10-24 02:33:23
HUB-009,PKG-01161,ARRIVAL,2023-10-03 04:21:17
HUB-004,PKG-00502,DEPARTURE,2023-10-30 09:54:44
HUB-006,PKG-00883,ARRIVAL,2023-10-04 21:40:57
HUB-002,PKG-00717,DEPARTURE,2023-10-21 17:43:44
HUB-007,PKG-00121,ARRIVAL,2023-10-22 18:16:27
HUB-001,PKG-00349,ARRIVAL,2023-10-30 06:14:37
HUB-004,PKG-00524,ARRIVAL,2023-10-01 16:50:26
HUB-007,PKG-00046,ARRIVAL,2023-10-22 14:56:18
HUB-011,PKG-00377,ARRIVAL,2023-10-12 23:51:14
HUB-001,PKG-01399,SORTING,2023-10-12 10:09:54
HUB-002,PKG-00752,DEPARTURE,2023-10-06 00:47:34
HUB-011,PKG-02362,ARRIVAL,2023-10-22 22:23:10
HUB-005,PKG-01182,DEPARTURE,2023-10-19 08:16:30
HUB-005,PKG-01074,ARRIVAL,2023-10-30 11:22:27
HUB-003,PKG-01734,ARRIVAL,2023-10-05 07:08:40
HUB-002,PKG-02306,ARRIVAL,2023-10-01 09:03:16
HUB-001,PKG-00709,ARRIVAL,2023-10-05 07:20:28
HUB-011,PKG-02084,DEPARTURE,2023-10-02 18:36:02
HUB-005,PKG-01300,ARRIVAL,2023-10-05 20:33:39
HUB-002,PKG-02096,ARRIVAL,2023-10-06 19:15:28
HUB-003,PKG-01832,ARRIVAL,2023-10-28 19:13:38
HUB-009,PKG-00503,ARRIVAL,2023-10-02 03:57:34
HUB-009,PKG-02096,ARRIVAL,2023-10-08 02:14:12
HUB-009,PKG-00303,DEPARTURE,2023-10-08 12:58:09
HUB-004,PKG-01338,DEPARTURE,2023-10-19 13:53:28
HUB-010,PKG-00592,DEPARTURE,2023-10-07 06:42:36
HUB-006,PKG-01589,DEPARTURE,2023-10-09 19:27:15
HUB-002,PKG-01579,SORTING,2023-10-04 12:05:26
HUB-005,PKG-02199,DEPARTURE,2023-10-20 11:39:17
HUB-010,PKG-01725,ARRIVAL,2023-10-02 11:23:42
HUB-005,PKG-00406,ARRIVAL,2023-10-08 10:17:49
HUB-003,PKG-00484,ARRIVAL,2023-10-10 08:21:20
HUB-001,PKG-00293,ARRIVAL,2023-10-07 10:35:33
HUB-003,PKG-01693,ARRIVAL,2023-10-21 07:37:04
HUB-012,PKG-01025,DEPARTURE,2023-10-07 02:44:12
HUB-006,PKG-01281,DEPARTURE,2023-10-11 03:19:18
HUB-006,PKG-01617,DEPARTURE,2023-10-19 18:03:49
HUB-009,PKG-00437,ARRIVAL,2023-10-17 00:09:51
HUB-011,PKG-01883,DEPARTURE,2023-10-26 12:36:49
HUB-011,PKG-00895,DEPARTURE,2023-10-17 05:26:49
HUB-009,PKG-01786,DEPARTURE,2023-10-24 05:47:19
HUB-001,PKG-01470,ARRIVAL,2023-10-16 05:04:13
HUB-003,PKG-01874,ARRIVAL,2023-10-22 16:16:10
HUB-009,PKG-01604,DEPARTURE,2023-10-15 09:43:53
HUB-003,PKG-01739,DEPARTURE,2023-10-10 12:32:32
HUB-010,PKG-01211,ARRIVAL,2023-10-03 16:26:16
HUB-002,PKG-01888,DEPARTURE,2023-10-25 05:17:12
HUB-004,PKG-01048,DEPARTURE,2023-10-12 23:03:21
HUB-002,PKG-01440,DEPARTURE,2023-10-21 08:00:36
HUB-003,PKG-01844,DEPARTURE,2023-10-26 22:48:38
HUB-001,PKG-02216,DEPARTURE,2023-10-30 00:18:16
HUB-002,PKG-01204,DEPARTURE,2023-10-17 22:20:04
HUB-003,PKG-01936,DEPARTURE,2023-10-14 10:45:11
HUB-004,PKG-02082,DEPARTURE,2023-10-03 20:52:42
HUB-002,PKG-01624,DEPARTURE,2023-10-08 01:15:42
HUB-005,PKG-01981,DEPARTURE,2023-10-07 13:08:19
HUB-001,PKG-00593,ARRIVAL,2023-10-21 23:13:33
HUB-001,PKG-01305,ARRIVAL,2023-10-04 13:52:01
HUB-008,PKG-02126,DEPARTURE,2023-10-29 00:32:36
HUB-003,PKG-02316,DEPARTURE,2023-10-23 04:42:17
HUB-007,PKG-01352,ARRIVAL,2023-10-23 13:09:14
HUB-007,PKG-02331,ARRIVAL,2023-10-28 00:41:40
HUB-011,PKG-01314,ARRIVAL,2023-10-17 12:58:14
HUB-006,PKG-00429,DEPARTURE,2023-10-23 12:04:53
HUB-001,PKG-01998,DEPARTURE,2023-10-07 10:56:19
HUB-001,PKG-01335,ARRIVAL,2023-10-13 09:09:28
HUB-005,PKG-00051,ARRIVAL,2023-10-27 07:16:28
HUB-001,PKG-01000,ARRIVAL,2023-10-24 03:47:51
HUB-004,PKG-01022,ARRIVAL,2023-10-25 11:32:33
HUB-004,PKG-01721,ARRIVAL,2023-10-06 15:17:32
HUB-005,PKG-02029,DEPARTURE,2023-10-24 02:44:58
HUB-004,PKG-01329,DEPARTURE,2023-10-04 19:27:42
HUB-001,PKG-02241,DEPARTURE,2023-10-22 13:56:26
HUB-003,PKG-02237,DEPARTURE,2023-10-19 04:29:24
HUB-005,PKG-01696,DEPARTURE,2023-10-16 20:27:47
HUB-005,PKG-00274,ARRIVAL,2023-10-25 23:17:44
HUB-005,PKG-00150,DEPARTURE,2023-10-19 01:09:48
HUB-003,PKG-01934,DEPARTURE,2023-10-09 23:30:47
HUB-001,PKG-00868,DEPARTURE,2023-10-14 06:07:27
HUB-001,PKG-00489,DEPARTURE,2023-10-19 16:04:28
HUB-001,PKG-02339,ARRIVAL,2023-10-25 12:26:28
HUB-003,PKG-00697,DEPARTURE,2023-10-18 01:45:25
HUB-003,PKG-01706,ARRIVAL,2023-10-09 21:59:34
HUB-003,PKG-01394,DEPARTURE,2023-10-23 06:34:08
HUB-008,PKG-02352,ARRIVAL,2023-10-27 11:05:30
HUB-002,PKG-01496,ARRIVAL,2023-10-28 15:10:26
HUB-006,PKG-02072,ARRIVAL,2023-10-18 20:08:56
HUB-003,PKG-01964,DEPARTURE,2023-10-22 18:49:28
HUB-005,PKG-02201,ARRIVAL,2023-10-06 00:28:16
HUB-005,PKG-02175,DEPARTURE,2023-10-17 14:55:29
HUB-001,PKG-00030,ARRIVAL,2023-10-03 14:15:46
HUB-011,PKG-01127,DEPARTURE,2023-10-19 03:11:18
HUB-001,PKG-00450,DEPARTURE,2023-10-20 09:08:25
HUB-006,PKG-02117,ARRIVAL,2023-10-20 05:26:15
HUB-004,PKG-01325,ARRIVAL,2023-10-29 12:00:51
HUB-007,PKG-00451,ARRIVAL,2023-10-07 16:52:24
HUB-001,PKG-01330,ARRIVAL,2023-10-19 13:59:00
HUB-002,PKG-00194,ARRIVAL,2023-10-16 10:16:19
HUB-003,PKG-01224,ARRIVAL,2023-10-02 01:12:31
HUB-006,PKG-02221,ARRIVAL,2023-10-02 10:47:48
HUB-008,PKG-01896,ARRIVAL,2023-10-31 13:14:32
HUB-003,PKG-01277,DEPARTURE,2023-10-10 03:32:55
HUB-006,PKG-00740,DEPARTURE,2023-10-09 08:02:42
HUB-006,PKG-01148,DEPARTURE,2023-10-18 12:42:58
HUB-006,PKG-01537,DEPARTURE,2023-10-28 19:42:15
HUB-009,PKG-00112,DEPARTURE,2023-10-05 19:35:03
HUB-006,PKG-01491,DEPARTURE,2023-10-09 15:10:29
HUB-002,PKG-00431,ARRIVAL,2023-10-04 21:49:27
HUB-001,PKG-01581,DEPARTURE,2023-10-03 01:34:41
HUB-011,PKG-02155,DEPARTURE,2023-10-17 01:50:53
HUB-001,PKG-01136,ARRIVAL,2023-10-22 11:39:21
HUB-002,PKG-02343,SORTING,2023-10-27 07:12:56
HUB-001,PKG-00358,DEPARTURE,2023-10-12 07:25:31
HUB-002,PKG-02177,DEPARTURE,2023-10-19 18:17:13
HUB-004,PKG-02012,ARRIVAL,2023-10-06 08:44:39
HUB-004,PKG-01882,ARRIVAL,2023-10-26 05:39:14
HUB-002,PKG-00988,DEPARTURE,2023-10-10 14:20:19
HUB-010,PKG-01881,DEPARTURE,2023-10-14 16:36:38
HUB-008,PKG-00021,DEPARTURE,2023-10-23 14:50:21
HUB-006,PKG-01269,DEPARTURE,2023-10-16 16:42:18
HUB-006,PKG-00799,DEPARTURE,2023-10-02 22:09:19
HUB-005,PKG-00233,ARRIVAL,2023-10-02 14:56:19
HUB-001,PKG-01496,DEPARTURE,2023-10-29 03:06:04
HUB-002,PKG-00197,DEPARTURE,2023-10-18 17:00:47
HUB-004,PKG-00130,ARRIVAL,2023-10-15 17:59:30
HUB-003,PKG-00596,DEPARTURE,2023-10-30 17:45:32
HUB-002,PKG-01129,ARRIVAL,2023-10-15 09:50:47
HUB-007,PKG-02105,ARRIVAL,2023-10-31 08:41:30
HUB-001,PKG-00702,DEPARTURE,2023-10-10 01:28:35
HUB-001,PKG-01953,DEPARTURE,2023-10-07 20:12:04
HUB-005,PKG-02386,ARRIVAL,2023-10-16 17:41:32
HUB-008,PKG-01889,SORTING,2023-10-09 11:31:44
HUB-008,PKG-01014,DEPARTURE,2023-10-05 12:45:41
HUB-011,PKG-01840,ARRIVAL,2023-10-02 21:52:51
HUB-006,PKG-00412,DEPARTURE,2023-10-02 06:47:37
HUB-012,PKG-01102,DEPARTURE,2023-10-22 18:20:51
HUB-007,PKG-02331,DEPARTURE,2023-10-28 08:15:28
HUB-007,PKG-01811,ARRIVAL,2023-10-23 07:05:57
HUB-001,PKG-00918,ARRIVAL,2023-10-19 11:49:49
HUB-007,PKG-00758,DEPARTURE,2023-10-11 19:48:15
HUB-003,PKG-01351,DEPARTURE,2023-10-19 19:25:43
HUB-007,PKG-00144,ARRIVAL,2023-10-18 03:57:01
HUB-001,PKG-00850,DEPARTURE,2023-10-15 02:38:03
HUB-005,PKG-01342,ARRIVAL,2023-10-01 13:10:40
HUB-004,PKG-02241,DEPARTURE,2023-10-23 01:51:51
HUB-003,PKG-02327,DEPARTURE,2023-10-23 19:30:57
HUB-001,PKG-00784,DEPARTURE,2023-10-15 13:58:41
HUB-008,PKG-02310,DEPARTURE,2023-10-29 00:57:01
HUB-002,PKG-01704,DEPARTURE,2023-10-12 09:42:44
HUB-003,PKG-00141,DEPARTURE,2023-10-02 20:16:40
HUB-003,PKG-00420,ARRIVAL,2023-10-21 11:46:32
HUB-003,PKG-00063,ARRIVAL,2023-10-08 15:54:49
HUB-009,PKG-02145,DEPARTURE,2023-10-12 15:20:21
HUB-003,PKG-01653,ARRIVAL,2023-10-22 05:01:13
HUB-002,PKG-01731,ARRIVAL,2023-10-23 16:41:39
HUB-004,PKG-00646,ARRIVAL,2023-10-16 03:47:28
HUB-005,PKG-00868,SORTING,2023-10-12 19:28:52
HUB-001,PKG-01222,ARRIVAL,2023-10-19 14:51:49
HUB-005,PKG-02132,DEPARTURE,2023-10-11 08:21:32
HUB-002,PKG-00639,DEPARTURE,2023-10-31 10:19:21
HUB-009,PKG-00690,ARRIVAL,2023-10-27 05:57:10
HUB-003,PKG-01962,DEPARTURE,2023-10-28 19:12:12
HUB-005,PKG-00236,ARRIVAL,
HUB-002,PKG-01672,DEPARTURE,2023-10-19 09:04:50
HUB-001,PKG-00907,DEPARTURE,2023-10-02 19:05:53
HUB-011,PKG-02221,ARRIVAL,2023-10-03 03:16:27
HUB-002,PKG-01510,ARRIVAL,2023-10-19 07:38:36
HUB-006,PKG-00060,DEPARTURE,2023-10-06 19:21:02
HUB-008,PKG-01573,DEPARTURE,2023-10-24 09:40:45
HUB-005,PKG-01235,SORTING,2023-10-02 12:13:43
HUB-004,PKG-01651,DEPARTURE,2023-10-07 17:32:07
HUB-006,PKG-00667,DEPARTURE,2023-10-24 11:07:01
HUB-007,PKG-00005,ARRIVAL,2023-10-19 10:08:32
HUB-005,PKG-01366,DEPARTURE,2023-10-19 04:49:01
HUB-003,PKG-01506,DEPARTURE,2023-10-05 10:52:14
HUB-005,PKG-01398,DEPARTURE,2023-10-02 14:09:53
HUB-002,PKG-01691,DEPARTURE,2023-10-25 21:56:30
HUB-003,PKG-00434,ARRIVAL,2023-10-14 09:30:30
HUB-002,PKG-00704,DEPARTURE,2023-10-29 19:11:23
HUB-006,PKG-00989,DEPARTURE,2023-10-25 17:20:33
HUB-005,PKG-01382,DEPARTURE,2023-10-25 02:28:22
HUB-007,PKG-01604,ARRIVAL,2023-10-14 14:13:22
HUB-011,PKG-01486,ARRIVAL,2023-10-01 21:18:07
HUB-001,PKG-00084,ARRIVAL,2023-10-21 07:50:49
HUB-002,PKG-00787,ARRIVAL,2023-10-26 19:38:34
HUB-011,PKG-02376,DEPARTURE,2023-10-03 20:54:51
HUB-003,PKG-01419,ARRIVAL,2023-10-10 11:14:31
HUB-011,PKG-01127,SORTING,2023-10-18 21:25:53
HUB-005,PKG-00315,ARRIVAL,2023-10-18 19:21:30
HUB-005,PKG-00509,DEPARTURE,2023-10-24 19:41:35
HUB-003,PKG-00799,ARRIVAL,2023-10-03 15:32:25
HUB-012,PKG-00762,ARRIVAL,2023-10-29 08:16:19
HUB-006,PKG-02188,ARRIVAL,2023-10-04 16:54:43
HUB-001,PKG-02395,DEPARTURE,2023-10-13 13:30:02
HUB-001,PKG-00372,ARRIVAL,2023-10-02 19:33:50
HUB-007,PKG-02312,ARRIVAL,2023-10-07 06:48:00
HUB-007,PKG-00102,DEPARTURE,2023-10-24 20:34:25
HUB-007,PKG-01256,ARRIVAL,2023-10-02 09:46:12
HUB-003,PKG-01288,DEPARTURE,2023-10-22 10:34:22
HUB-007,PKG-01849,DEPARTURE,2023-10-18 20:12:35
HUB-006,PKG-01411,DEPARTURE,2023-10-07 00:57:23
HUB-006,PKG-02021,ARRIVAL,2023-10-01 21:42:38
HUB-003,PKG-01816,ARRIVAL,2023-10-10 13:25:55
HUB-004,PKG-00268,ARRIVAL,2023-10-17 14:06:39
HUB-001,PKG-01972,DEPARTURE,2023-10-19 16:36:30
HUB-002,PKG-00966,DEPARTURE,2023-10-21 15:23:50
HUB-011,PKG-01829,ARRIVAL,2023-10-29 05:34:18
HUB-008,PKG-01656,DEPARTURE,2023-10-19 18:21:35
HUB-001,PKG-01120,DEPARTURE,2023-10-02 14:03:57
HUB-005,PKG-01838,DEPARTURE,2023-10-24 09:18:08
HUB-001,PKG-00864,DEPARTURE,2023-10-17 13:51:08
HUB-003,PKG-01094,DEPARTURE,2023-10-24 21:54:14
HUB-002,PKG-00963,DEPARTURE,2023-10-19 18:24:07
HUB-008,PKG-01449,DEPARTURE,2023-10-23 18:26:32
HUB-011,PKG-00702,DEPARTURE,2023-10-09 08:07:43
HUB-004,PKG-00505,DEPARTURE,2023-10-05 13:12:33
HUB-002,PKG-00229,DEPARTURE,2023-10-17 16:47:21
HUB-004,PKG-00821,ARRIVAL,2023-10-27 11:53:10
HUB-004,PKG-01426,DEPARTURE,2023-10-16 19:20:55
HUB-001,PKG-01562,ARRIVAL,2023-10-24 10:38:13
HUB-006,PKG-00945,DEPARTURE,2023-10-13 15:17:46
HUB-007,PKG-00389,ARRIVAL,2023-10-19 19:54:09
HUB-006,PKG-00603,DEPARTURE,2023-10-01 22:35:12
HUB-002,PKG-02290,ARRIVAL,2023-10-07 18:41:17
HUB-001,PKG-00081,ARRIVAL,2023-10-05 18:48:25
HUB-004,PKG-02388,DEPARTURE,2023-10-06 16:16:57
HUB-012,PKG-01566,DEPARTURE,2023-10-30 20:26:27
HUB-002,PKG-00807,DEPARTURE,2023-10-11 01:49:03
HUB-002,PKG-02271,DEPARTURE,2023-10-24 16:41:28
HUB-002,PKG-01268,ARRIVAL,2023-10-25 18:49:35
HUB-007,PKG-01409,ARRIVAL,2023-10-22 09:10:55
HUB-007,PKG-00962,DEPARTURE,2023-10-24 22:02:20
HUB-007,PKG-02072,DEPARTURE,2023-10-17 23:03:04
HUB-007,PKG-02043,ARRIVAL,2023-10-30 13:53:19
HUB-005,PKG-00033,DEPARTURE,2023-10-20 21:34:28
HUB-007,PKG-00082,DEPARTURE,2023-10-04 16:30:35
HUB-005,PKG-00262,ARRIVAL,2023-10-13 03:42:46
HUB-005,PKG-01252,DEPARTURE,2023-10-28 22:18:45
HUB-009,PKG-01902,ARRIVAL,2023-10-24 15:25:39
HUB-004,PKG-01742,ARRIVAL,2023-10-22 16:13:04
HUB-007,PKG-01617,ARRIVAL,2023-10-20 18:30:12
HUB-008,PKG-00714,ARRIVAL,2023-10-25 13:22:34
HUB-009,PKG-00689,DEPARTURE,2023-10-08 15:32:08
HUB-004,PKG-00875,ARRIVAL,2023-10-04 09:37:54
HUB-003,PKG-02249,DEPARTURE,2023-10-02 21:20:28
HUB-004,PKG-01721,DEPARTURE,2023-10-06 17:32:55
HUB-012,PKG-00200,DEPARTURE,2023-10-08 15:43:17
HUB-006,PKG-01865,ARRIVAL,2023-10-05 09:07:50
HUB-009,PKG-01737,ARRIVAL,2023-10-19 10:25:26
HUB-008,PKG-01817,DEPARTURE,2023-10-12 15:20:18
HUB-006,PKG-02119,ARRIVAL,2023-10-11 06:38:16
HUB-001,PKG-00297,ARRIVAL,2023-10-13 23:47:43
HUB-006,PKG-01331,ARRIVAL,2023-10-21 04:04:34
HUB-012,PKG-00715,DEPARTURE,2023-10-09 23:16:53
HUB-003,PKG-00174,ARRIVAL,2023-10-09 15:09:53
HUB-005,PKG-00653,ARRIVAL,2023-10-13 06:16:27
HUB-006,PKG-00807,ARRIVAL,2023-10-11 11:14:57
HUB-004,PKG-00655,ARRIVAL,2023-10-20 12:30:16
HUB-005,PKG-00108,ARRIVAL,2023-10-02 05:06:27
HUB-007,PKG-01017,DEPARTURE,2023-10-08 23:25:34
HUB-007,PKG-02212,ARRIVAL,2023-10-22 14:17:00
HUB-002,PKG-00245,ARRIVAL,2023-10-24 08:34:46
HUB-003,PKG-01061,ARRIVAL,2023-10-11 14:37:00
HUB-009,PKG-01533,ARRIVAL,2023-10-10 03:10:48
HUB-003,PKG-00235,ARRIVAL,2023-10-29 17:20:00
HUB-001,PKG-00548,ARRIVAL,2023-10-08 22:42:04
HUB-005,PKG-00334,ARRIVAL,2023-10-11 02:58:21
HUB-008,PKG-00888,DEPARTURE,2023-10-15 22:22:56
HUB-006,PKG-00429,SORTING,2023-10-23 08:14:34
HUB-005,PKG-01283,DEPARTURE,2023-10-09 13:44:29
HUB-008,PKG-02132,DEPARTURE,2023-10-10 17:24:44
HUB-008,PKG-02215,DEPARTURE,2023-10-16 17:47:56
HUB-007,PKG-00312,SORTING,2023-10-20 12:06:25
HUB-001,PKG-00598,ARRIVAL,2023-10-24 05:00:47
HUB-008,PKG-00608,SORTING,2023-10-26 21:59:52
HUB-009,PKG-00536,ARRIVAL,2023-10-12 16:24:55
HUB-002,PKG-00383,ARRIVAL,2023-10-19 14:02:08
HUB-001,PKG-00015,DEPARTURE,2023-10-15 18:07:56
HUB-003,PKG-02276,ARRIVAL,2023-10-24 13:36:45
HUB-001,PKG-01231,ARRIVAL,2023-10-22 17:41:21
HUB-007,PKG-02357,DEPARTURE,2023-10-19 11:32:16
HUB-002,PKG-01386,ARRIVAL,2023-10-24 16:30:23
HUB-008,PKG-02308,DEPARTURE,2023-10-07 16:51:19
HUB-002,PKG-01057,DEPARTURE,2023-10-18 20:49:00
HUB-003,PKG-00924,ARRIVAL,2023-10-30 17:14:22
HUB-003,PKG-01642,DEPARTURE,2023-10-31 02:26:10
HUB-005,PKG-01125,ARRIVAL,2023-10-20 16:37:15
HUB-006,PKG-01278,DEPARTURE,2023-10-15 22:23:40
HUB-011,PKG-00298,DEPARTURE,2023-10-10 13:01:30
HUB-006,PKG-00154,SORTING,2023-10-10 16:18:34
HUB-002,PKG-00884,DEPARTURE,2023-10-05 01:22:49
HUB-004,PKG-01468,ARRIVAL,2023-10-26 02:08:53
HUB-004,PKG-01918,DEPARTURE,2023-10-21 23:19:07
HUB-001,PKG-01163,ARRIVAL,N/A
HUB-001,PKG-00358,ARRIVAL,2023-10-12 00:46:57
HUB-006,PKG-01503,DEPARTURE,2023-10-06 16:08:02
HUB-007,PKG-01745,ARRIVAL,2023-10-19 08:18:17
HUB-002,PKG-02395,ARRIVAL,2023-10-13 19:35:57
HUB-001,PKG-01165,DEPARTURE,2023-10-21 02:32:14
HUB-005,PKG-01315,DEPARTURE,2023-10-06 00:05:48
HUB-002,PKG-00527,ARRIVAL,2023-10-12 17:53:50
HUB-009,PKG-02145,ARRIVAL,2023-10-12 09:33:13
HUB-001,PKG-02310,DEPARTURE,2023-10-30 05:09:13
HUB-009,PKG-01335,DEPARTURE,2023-10-12 22:38:37
HUB-001,PKG-00770,ARRIVAL,2023-10-03 03:30:48
HUB-001,PKG-01961,DEPARTURE,2023-10-29 04:58:27
HUB-009,PKG-00703,SORTING,2023-10-23 21:13:42
HUB-007,PKG-01676,DEPARTURE,2023-10-24 13:57:48
HUB-003,PKG-01991,ARRIVAL,2023-10-20 21:33:21
HUB-005,PKG-00305,DEPARTURE,2023-10-27 00:31:26
HUB-001,PKG-00699,DEPARTURE,2023-10-04 18:28:31
HUB-011,PKG-01734,DEPARTURE,2023-10-06 02:04:12
HUB-001,PKG-01686,ARRIVAL,2023-10-21 10:59:24
HUB-006,PKG-01431,DEPARTURE,2023-10-27 18:28:31
HUB-001,PKG-02130,ARRIVAL,2023-10-21 21:12:39
HUB-006,PKG-01954,DEPARTURE,2023-10-13 09:15:41
HUB-002,PKG-00569,DEPARTURE,2023-10-12 04:58:28
HUB-009,PKG-01764,DEPARTURE,2023-10-21 18:33:30
HUB-010,PKG-01148,ARRIVAL,2023-10-17 15:07:46
HUB-008,PKG-00372,DEPARTURE,2023-10-04 04:44:16
HUB-007,PKG-02355,ARRIVAL,2023-10-09 01:08:32
HUB-005,PKG-01481,SORTING,2023-10-07 11:11:57
HUB-004,PKG-00507,ARRIVAL,2023-10-24 09:49:25
HUB-002,PKG-02163,ARRIVAL,2023-10-20 10:49:23
HUB-004,PKG-01668,DEPARTURE,2023-10-30 23:51:41
HUB-003,PKG-00163,ARRIVAL,2023-10-05 04:32:46
HUB-002,PKG-01557,DEPARTURE,2023-10-18 07:10:37
HUB-011,PKG-00049,DEPARTURE,2023-10-20 15:29:18
HUB-011,PKG-01455,ARRIVAL,2023-10-23 00:33:20
HUB-006,PKG-01388,DEPARTURE,2023-10-26 04:05:14
HUB-006,PKG-02255,ARRIVAL,2023-10-06 21:03:38
HUB-011,PKG-01310,DEPARTURE,2023-10-05 09:25:10
HUB-002,PKG-02121,DEPARTURE,2023-10-13 11:15:44
HUB-004,PKG-01024,ARRIVAL,2023-10-12 20:57:20
HUB-002,PKG-01880,DEPARTURE,2023-10-30 02:23:29
HUB-004,PKG-00058,DEPARTURE,2023-10-02 00:47:54
HUB-003,PKG-01382,ARRIVAL,2023-10-25 08:29:52
HUB-009,PKG-00916,DEPARTURE,2023-10-05 17:45:16
HUB-005,PKG-02166,ARRIVAL,2023-10-01 11:59:31
HUB-011,PKG-00360,DEPARTURE,2023-10-06 13:08:34
HUB-003,PKG-02196,ARRIVAL,2023-10-03 01:24:04
HUB-001,PKG-00684,ARRIVAL,2023-10-16 15:49:56
HUB-011,PKG-00825,ARRIVAL,2023-10-06 04:48:18
HUB-003,PKG-00375,ARRIVAL,2023-10-07 14:00:55
HUB-002,PKG-00495,ARRIVAL,2023-10-21 22:39:21
HUB-004,PKG-00921,DEPARTURE,2023-10-15 13:50:01
HUB-010,PKG-01471,ARRIVAL,2023-10-09 05:44:20
HUB-012,PKG-02037,ARRIVAL,2023-10-25 15:56:20
HUB-001,PKG-00225,DEPARTURE,2023-10-11 14:39:10
HUB-006,PKG-00698,DEPARTURE,2023-10-20 23:20:42
HUB-010,PKG-01685,DEPARTURE,2023-10-18 16:34:42
HUB-001,PKG-01706,ARRIVAL,2023-10-08 12:23:24
HUB-004,PKG-01105,ARRIVAL,2023-10-02 15:00:06
HUB-001,PKG-02359,DEPARTURE,2023-10-02 22:18:01
HUB-011,PKG-01044,DEPARTURE,2023-10-26 20:59:50
HUB-003,PKG-00119,ARRIVAL,2023-10-02 20:31:08
HUB-001,PKG-01955,DEPARTURE,2023-10-23 14:19:05
HUB-001,PKG-00262,ARRIVAL,2023-10-12 12:21:43
HUB-007,PKG-00947,DEPARTURE,2023-10-26 12:56:25
HUB-009,PKG-01876,ARRIVAL,2023-10-11 18:09:18
HUB-011,PKG-01987,DEPARTURE,2023-10-13 18:06:39
HUB-011,PKG-01759,DEPARTURE,2023-10-16 14:39:10
HUB-003,PKG-00048,DEPARTURE,2023-10-12 23:37:16
HUB-004,PKG-02399,DEPARTURE,2023-10-04 12:15:59
HUB-001,PKG-01877,ARRIVAL,2023-10-16 06:44:20
HUB-012,PKG-00903,DEPARTURE,2023-10-19 21:09:29
HUB-011,PKG-00477,ARRIVAL,2023-10-30 18:14:55
HUB-006,PKG-01436,ARRIVAL,2023-10-26 10:57:25
HUB-001,PKG-00633,DEPARTURE,2023-10-21 12:29:54
HUB-006,PKG-01572,ARRIVAL,2023-10-18 11:04:14
HUB-007,PKG-01141,ARRIVAL,2023-10-22 18:24:57
HUB-003,PKG-01391,ARRIVAL,2023-10-21 14:38:27
HUB-006,PKG-01506,ARRIVAL,2023-10-04 15:37:26
HUB-005,PKG-00918,DEPARTURE,2023-10-20 15:37:03
HUB-011,PKG-00565,ARRIVAL,2023-10-28 06:00:02
HUB-005,PKG-00492,ARRIVAL,2023-10-07 23:45:10
HUB-002,PKG-01691,ARRIVAL,2023-10-25 15:30:09
HUB-003,PKG-01220,ARRIVAL,2023-10-11 08:36:21
HUB-001,PKG-01719,DEPARTURE,2023-10-28 21:13:41
HUB-004,PKG-01874,DEPARTURE,2023-10-22 09:34:39
HUB-005,PKG-00555,DEPARTURE,2023-10-22 21:50:26
HUB-009,PKG-02268,DEPARTURE,2023-10-14 17:47:49
HUB-004,PKG-01017,ARRIVAL,2023-10-09 03:36:34
HUB-003,PKG-01168,ARRIVAL,2023-10-29 10:52:49
HUB-007,PKG-00367,DEPARTURE,2023-10-26 14:56:13
HUB-004,PKG-00883,ARRIVAL,2023-10-04 10:23:56
HUB-005,PKG-00954,DEPARTURE,2023-10-11 22:47:30
HUB-003,PKG-00279,DEPARTURE,2023-10-27 18:30:22
HUB-003,PKG-02039,ARRIVAL,2023-10-25 15:33:29
HUB-009,PKG-00243,DEPARTURE,2023-10-22 20:28:54
HUB-007,PKG-01622,ARRIVAL,2023-10-11 14:00:51
HUB-008,PKG-00566,DEPARTURE,2023-10-11 08:42:41
HUB-005,PKG-02378,DEPARTURE,2023-10-01 14:27:38
HUB-003,PKG-00400,ARRIVAL,2023-10-27 16:27:09
HUB-003,PKG-00600,DEPARTURE,2023-10-09 11:53:25
HUB-007,PKG-01966,DEPARTURE,2023-10-08 08:33:29
HUB-001,PKG-01576,ARRIVAL,2023-10-06 08:32:52
HUB-002,PKG-00504,ARRIVAL,2023-10-19 17:33:29
HUB-003,PKG-00769,DEPARTURE,2023-10-27 19:14:29
HUB-003,PKG-01136,ARRIVAL,2023-10-21 15:48:27
HUB-007,PKG-00342,DEPARTURE,2023-10-28 22:20:51
HUB-006,PKG-01412,ARRIVAL,2023-10-29 06:14:21
HUB-001,PKG-01302,DEPARTURE,2023-10-01 19:30:15
HUB-003,PKG-01337,DEPARTURE,2023-10-03 13:44:42
HUB-010,PKG-01685,ARRIVAL,2023-10-18 09:31:03
HUB-004,PKG-01520,ARRIVAL,2023-10-31 04:15:02
HUB-004,PKG-02400,DEPARTURE,2023-10-18 07:39:32
HUB-005,PKG-01311,DEPARTURE,2023-10-26 10:10:13
HUB-003,PKG-02271,ARRIVAL,2023-10-25 00:58:41
HUB-003,PKG-01306,ARRIVAL,2023-10-06 13:45:21
HUB-002,PKG-01925,DEPARTURE,2023-10-27 15:18:48
HUB-003,PKG-01205,DEPARTURE,2023-10-12 22:18:07
HUB-006,PKG-01252,ARRIVAL,2023-10-29 08:58:40
HUB-002,PKG-01173,DEPARTURE,2023-10-21 14:32:40
HUB-002,PKG-01155,ARRIVAL,2023-10-23 17:36:11
HUB-009,PKG-00930,ARRIVAL,2023-10-20 05:18:30
HUB-001,PKG-00707,DEPARTURE,2023-10-07 18:19:59
HUB-005,PKG-00620,DEPARTURE,2023-10-14 03:32:35
HUB-005,PKG-00684,DEPARTURE,2023-10-16 08:54:02
HUB-011,PKG-00514,DEPARTURE,2023-10-08 17:24:16
HUB-004,PKG-01975,ARRIVAL,2023-10-09 03:16:00
HUB-006,PKG-01149,DEPARTURE,2023-10-06 23:06:03
HUB-011,PKG-02162,ARRIVAL,2023-10-19 01:33:20
HUB-001,PKG-00151,DEPARTURE,2023-10-11 16:58:11
HUB-003,PKG-01730,ARRIVAL,2023-10-14 21:18:45
HUB-002,PKG-00324,ARRIVAL,2023-10-17 17:26:50
HUB-002,PKG-00284,DEPARTURE,2023-10-23 13:21:08
HUB-008,PKG-01132,DEPARTURE,2023-10-02 16:34:39
HUB-005,PKG-01923,DEPARTURE,2023-10-19 17:19:00
HUB-006,PKG-01123,DEPARTURE,2023-10-22 01:25:57
HUB-012,PKG-01025,ARRIVAL,2023-10-06 22:30:08
HUB-003,PKG-01465,DEPARTURE,2023-10-07 23:14:13
HUB-005,PKG-01275,DEPARTURE,2023-10-24 04:55:14
HUB-005,PKG-00719,DEPARTURE,2023-10-14 13:09:38
HUB-008,PKG-00311,ARRIVAL,2023-10-30 19:43:06
HUB-005,PKG-01023,DEPARTURE,2023-10-21 21:45:25
HUB-001,PKG-01804,DEPARTURE,2023-10-22 11:00:09
HUB-002,PKG-01110,ARRIVAL,2023-10-26 12:34:29
HUB-006,PKG-00429,ARRIVAL,2023-10-23 04:24:14
HUB-005,PKG-00710,DEPARTURE,2023-10-06 01:44:08
HUB-007,PKG-01509,ARRIVAL,2023-10-12 14:02:49
HUB-002,PKG-00929,ARRIVAL,2023-10-12 17:46:12
HUB-011,PKG-01343,ARRIVAL,2023-10-28 08:09:15
HUB-007,PKG-01352,DEPARTURE,2023-10-23 17:36:04
HUB-006,PKG-01700,ARRIVAL,2023-10-22 11:51:51
HUB-011,PKG-02008,DEPARTURE,2023-10-09 12:36:04
HUB-004,PKG-01963,DEPARTURE,2023-10-01 22:24:01
HUB-001,PKG-01529,DEPARTURE,2023-10-11 14:33:39
HUB-011,PKG-01853,ARRIVAL,2023-10-26 17:32:13
HUB-002,PKG-01744,DEPARTURE,2023-10-07 17:43:07
HUB-002,PKG-02088,ARRIVAL,2023-10-12 14:24:28
HUB-005,PKG-00099,DEPARTURE,2023-10-19 03:09:50
HUB-006,PKG-02304,DEPARTURE,2023-10-29 15:12:51
HUB-008,PKG-02302,ARRIVAL,2023-10-30 12:57:22
HUB-002,PKG-02243,DEPARTURE,2023-10-19 15:21:39
HUB-001,PKG-01160,DEPARTURE,2023-10-21 16:35:20
HUB-005,PKG-01325,ARRIVAL,2023-10-30 20:35:06
HUB-004,PKG-00790,DEPARTURE,2023-10-14 18:29:02
HUB-001,PKG-00932,DEPARTURE,2023-10-30 00:37:13
HUB-011,PKG-01457,DEPARTURE,2023-10-05 01:52:09
HUB-001,PKG-00720,DEPARTURE,2023-10-07 13:41:20
HUB-008,PKG-00037,DEPARTURE,2023-10-28 04:30:04
HUB-003,PKG-00796,DEPARTURE,2023-10-07 11:06:16
HUB-007,PKG-01000,ARRIVAL,2023-10-25 02:32:12
HUB-004,PKG-02245,ARRIVAL,2023-10-13 00:29:26
HUB-005,PKG-01949,DEPARTURE,2023-10-26 18:39:04
HUB-007,PKG-00582,ARRIVAL,2023-10-02 11:19:24
HUB-007,PKG-00791,DEPARTURE,2023-10-02 02:58:50
HUB-008,PKG-02004,ARRIVAL,2023-10-10 13:45:09
HUB-007,PKG-00915,DEPARTURE,2023-10-29 12:29:48
HUB-011,PKG-01534,DEPARTURE,2023-10-24 11:44:21
HUB-002,PKG-00871,ARRIVAL,2023-10-25 20:35:18
HUB-008,PKG-00093,DEPARTURE,2023-10-27 06:12:13
HUB-006,PKG-00381,SORTING,2023-10-10 02:44:54
HUB-005,PKG-01483,ARRIVAL,2023-10-13 09:31:01
HUB-011,PKG-01706,ARRIVAL,2023-10-09 03:37:26
HUB-002,PKG-02267,DEPARTURE,2023-10-26 14:39:08
HUB-006,PKG-01778,ARRIVAL,2023-10-06 02:48:24
HUB-011,PKG-01649,ARRIVAL,2023-10-18 03:51:20
HUB-006,PKG-01457,ARRIVAL,2023-10-04 11:52:42
HUB-001,PKG-01340,DEPARTURE,2023-10-12 20:10:32
HUB-003,PKG-00204,DEPARTURE,2023-10-22 04:24:19
HUB-004,PKG-00810,DEPARTURE,2023-10-02 10:23:21
HUB-005,PKG-01423,DEPARTURE,2023-10-30 18:08:19
HUB-009,PKG-00212,ARRIVAL,2023-10-25 00:45:15
HUB-010,PKG-00158,ARRIVAL,2023-10-17 20:07:55
HUB-006,PKG-01674,ARRIVAL,2023-10-06 21:45:40
HUB-007,PKG-01135,DEPARTURE,2023-10-05 11:12:19
HUB-005,PKG-00140,ARRIVAL,2023-10-27 01:04:01
HUB-009,PKG-00489,ARRIVAL,2023-10-20 00:45:42
HUB-009,PKG-02317,DEPARTURE,2023-10-04 12:05:38
HUB-001,PKG-00330,DEPARTURE,2023-10-02 06:41:55
HUB-005,PKG-00176,DEPARTURE,2023-10-25 12:41:11
HUB-003,PKG-00319,DEPARTURE,2023-10-29 15:31:16
HUB-001,PKG-01064,DEPARTURE,2023-10-23 17:22:22
HUB-006,PKG-02114,DEPARTURE,2023-10-16 18:45:48
HUB-012,PKG-00401,ARRIVAL,2023-10-23 04:40:29
HUB-005,PKG-00499,DEPARTURE,2023-10-25 19:10:34
HUB-009,PKG-00208,DEPARTURE,2023-10-16 22:28:06
HUB-003,PKG-00540,ARRIVAL,2023-10-16 06:29:06
HUB-007,PKG-01111,DEPARTURE,2023-10-26 05:45:22
HUB-003,PKG-01826,DEPARTURE,2023-10-08 22:58:54
HUB-006,PKG-01999,DEPARTURE,2023-10-26 15:41:41
HUB-004,PKG-01795,ARRIVAL,2023-10-15 07:29:42
HUB-002,PKG-00244,ARRIVAL,2023-10-10 12:17:34
HUB-012,PKG-00923,ARRIVAL,2023-10-13 16:32:56
HUB-006,PKG-00041,ARRIVAL,2023-10-15 23:23:13
HUB-001,PKG-01878,DEPARTURE,
HUB-011,PKG-00702,ARRIVAL,2023-10-08 22:46:06
HUB-003,PKG-00573,ARRIVAL,2023-10-24 08:35:52
HUB-007,PKG-01363,DEPARTURE,2023-10-17 23:27:51
HUB-001,PKG-00296,ARRIVAL,2023-10-01 16:20:24
HUB-011,PKG-00285,DEPARTURE,2023-10-07 06:31:53
HUB-003,PKG-00283,ARRIVAL,2023-10-15 14:09:16
HUB-006,PKG-00693,ARRIVAL,2023-10-17 15:27:46
HUB-002,PKG-01915,ARRIVAL,2023-10-19 09:29:17
HUB-003,PKG-00364,ARRIVAL,2023-10-04 14:25:44
HUB-001,PKG-01522,DEPARTURE,2023-10-22 01:05:59
HUB-012,PKG-00836,ARRIVAL,2023-10-06 13:11:46
HUB-002,PKG-00944,ARRIVAL,2023-10-25 07:25:43
HUB-011,PKG-00992,DEPARTURE,2023-10-10 18:50:15
HUB-002,PKG-01340,ARRIVAL,2023-10-12 00:35:58
HUB-006,PKG-01642,DEPARTURE,2023-10-31 15:57:45
HUB-006,PKG-01715,ARRIVAL,2023-10-29 01:42:01
HUB-001,PKG-00394,ARRIVAL,2023-10-17 14:57:50
HUB-007,PKG-01909,SORTING,2023-10-31 10:50:19
HUB-009,PKG-01004,DEPARTURE,2023-10-05 17:43:11
HUB-012,PKG-00552,ARRIVAL,2023-10-26 12:42:11
HUB-003,PKG-00775,DEPARTURE,2023-10-14 15:46:50
HUB-001,PKG-01265,DEPARTURE,2023-10-29 15:43:35
HUB-005,PKG-00805,ARRIVAL,2023-10-25 07:36:10
HUB-002,PKG-00558,ARRIVAL,2023-10-16 11:04:03
HUB-010,PKG-00207,DEPARTURE,2023-10-31 07:04:18
HUB-001,PKG-00027,ARRIVAL,2023-10-21 13:19:54
HUB-012,PKG-00904,ARRIVAL,2023-10-26 17:35:35
HUB-005,PKG-00749,ARRIVAL,2023-10-05 15:08:01
HUB-011,PKG-01475,ARRIVAL,2023-10-22 06:37:01
HUB-003,PKG-01627,DEPARTURE,2023-10-20 16:48:57
HUB-005,PKG-01458,DEPARTURE,2023-10-26 11:02:36
HUB-001,PKG-01887,DEPARTURE,2023-10-20 10:30:08
HUB-011,PKG-00522,ARRIVAL,2023-10-19 16:29:02
HUB-010,PKG-01163,ARRIVAL,2023-10-25 10:36:33
HUB-001,PKG-02039,DEPARTURE,2023-10-25 12:08:13
HUB-006,PKG-01572,ARRIVAL,2023-10-18 11:04:14
HUB-002,PKG-01316,ARRIVAL,2023-10-05 19:59:52
HUB-001,PKG-00993,ARRIVAL,2023-10-03 12:42:44
HUB-006,PKG-00191,DEPARTURE,2023-10-14 13:08:45
HUB-004,PKG-00585,ARRIVAL,2023-10-07 18:31:12
HUB-007,PKG-00525,DEPARTURE,2023-10-21 05:08:27
HUB-005,PKG-02064,DEPARTURE,2023-10-04 17:35:42
HUB-008,PKG-02373,DEPARTURE,2023-10-29 07:50:44
HUB-004,PKG-00445,DEPARTURE,2023-10-08 19:06:32
HUB-002,PKG-01914,DEPARTURE,2023-10-21 20:36:53
HUB-001,PKG-01750,DEPARTURE,2023-10-17 07:39:12
HUB-005,PKG-00876,DEPARTURE,2023-10-12 04:36:44
HUB-001,PKG-01472,DEPARTURE,2023-10-17 13:56:30
HUB-002,PKG-00649,ARRIVAL,2023-10-09 07:59:56
HUB-011,PKG-01612,DEPARTURE,2023-10-17 10:02:22
HUB-003,PKG-01653,DEPARTURE,2023-10-22 13:20:13
HUB-005,PKG-01858,DEPARTURE,2023-10-25 02:54:23
HUB-006,PKG-02010,DEPARTURE,2023-10-01 12:45:50
HUB-008,PKG-01567,ARRIVAL,N/A
HUB-011,PKG-01463,DEPARTURE,2023-10-16 17:56:59
HUB-003,PKG-01153,ARRIVAL,2023-10-13 15:27:13
HUB-001,PKG-01312,DEPARTURE,2023-10-27 03:19:45
HUB-003,PKG-00309,ARRIVAL,2023-10-18 06:07:23
HUB-006,PKG-01989,DEPARTURE,2023-10-14 00:51:55
HUB-004,PKG-00331,ARRIVAL,2023-10-19 09:24:30
HUB-011,PKG-00065,DEPARTURE,2023-10-15 12:34:03
HUB-006,PKG-01255,DEPARTURE,2023-10-06 20:06:55
HUB-005,PKG-00847,DEPARTURE,2023-10-20 22:22:16
HUB-001,PKG-00826,DEPARTURE,2023-10-01 18:02:21
HUB-008,PKG-02311,DEPARTURE,2023-10-16 10:09:50
HUB-010,PKG-02305,ARRIVAL,2023-10-04 05:46:35
HUB-001,PKG-00448,ARRIVAL,2023-10-11 13:16:46
HUB-012,PKG-00776,DEPARTURE,2023-10-17 16:17:52
HUB-001,PKG-00432,ARRIVAL,2023-10-05 07:30:09
HUB-002,PKG-01575,ARRIVAL,2023-10-23 15:34:52
HUB-006,PKG-00573,DEPARTURE,2023-10-25 23:19:23
HUB-004,PKG-00376,SORTING,2023-10-09 17:33:14
HUB-002,PKG-01137,DEPARTURE,2023-10-29 04:30:56
HUB-006,PKG-02078,ARRIVAL,2023-10-10 01:26:54
HUB-001,PKG-01441,ARRIVAL,2023-10-26 13:23:07
HUB-011,PKG-01433,ARRIVAL,2023-10-22 08:25:23
HUB-008,PKG-00360,DEPARTURE,2023-10-06 00:56:20
HUB-006,PKG-00675,DEPARTURE,2023-10-13 02:02:56
HUB-003,PKG-02174,DEPARTURE,2023-10-07 16:12:32
HUB-002,PKG-00412,ARRIVAL,2023-10-02 14:02:39
HUB-009,PKG-00015,DEPARTURE,2023-10-15 08:39:48
HUB-001,PKG-01977,ARRIVAL,2023-10-26 07:25:53
HUB-001,PKG-00202,DEPARTURE,2023-10-06 20:52:00
HUB-010,PKG-02182,ARRIVAL,2023-10-16 12:01:39
HUB-009,PKG-02334,SORTING,2023-10-07 06:59:48
HUB-002,PKG-01847,DEPARTURE,2023-10-28 18:29:55
HUB-004,PKG-00414,SORTING,2023-10-02 17:23:18
HUB-001,PKG-00699,ARRIVAL,2023-10-04 15:33:07
HUB-004,PKG-02358,DEPARTURE,2023-10-26 20:53:43
HUB-003,PKG-00902,ARRIVAL,2023-10-10 13:26:53
HUB-004,PKG-00207,ARRIVAL,2023-10-30 12:44:34
HUB-006,PKG-00909,ARRIVAL,2023-10-08 15:25:50
HUB-001,PKG-00843,ARRIVAL,2023-10-13 11:48:27
HUB-004,PKG-01639,ARRIVAL,2023-10-21 04:25:36
HUB-007,PKG-01617,DEPARTURE,2023-10-21 01:01:16
HUB-005,PKG-00274,DEPARTURE,2023-10-26 12:11:46
HUB-006,PKG-01980,ARRIVAL,2023-10-04 18:56:27
HUB-004,PKG-02214,ARRIVAL,2023-10-17 11:02:33
HUB-009,PKG-01560,ARRIVAL,2023-10-14 12:44:11
HUB-003,PKG-01097,DEPARTURE,2023-10-13 14:56:10
HUB-005,PKG-01768,ARRIVAL,2023-10-20 11:54:43
HUB-007,PKG-00647,DEPARTURE,2023-10-03 08:05:49
HUB-011,PKG-01476,ARRIVAL,2023-10-25 06:24:38
HUB-001,PKG-00474,DEPARTURE,2023-10-16 00:18:03
HUB-009,PKG-00649,ARRIVAL,2023-10-09 19:17:11
HUB-004,PKG-01245,DEPARTURE,2023-10-19 14:34:20
HUB-006,PKG-01619,ARRIVAL,2023-10-02 01:41:59
HUB-001,PKG-01030,ARRIVAL,2023-10-22 11:29:30
HUB-004,PKG-01026,DEPARTURE,2023-10-06 10:05:16
HUB-012,PKG-02299,ARRIVAL,2023-10-15 19:21:31
HUB-011,PKG-01121,ARRIVAL,2023-10-10 10:19:58
HUB-010,PKG-02161,ARRIVAL,2023-10-15 14:19:58
HUB-005,PKG-00458,DEPARTURE,2023-10-15 20:37:03
HUB-012,PKG-00840,ARRIVAL,2023-10-15 13:35:31
HUB-006,PKG-01454,DEPARTURE,2023-10-13 01:16:45
HUB-005,PKG-01955,DEPARTURE,2023-10-23 01:38:49
HUB-004,PKG-02348,DEPARTURE,2023-10-03 01:09:06
HUB-001,PKG-00772,ARRIVAL,2023-10-05 16:46:38
HUB-011,PKG-01766,ARRIVAL,2023-10-04 11:27:48
HUB-002,PKG-01396,DEPARTURE,2023-10-07 05:18:28
HUB-005,PKG-00956,ARRIVAL,2023-10-27 21:53:40
HUB-005,PKG-02152,DEPARTURE,2023-10-04 07:28:58
HUB-001,PKG-01273,ARRIVAL,2023-10-17 05:31:40
HUB-007,PKG-01720,DEPARTURE,2023-10-21 12:37:58
HUB-003,PKG-01456,DEPARTURE,2023-10-27 17:24:28
HUB-005,PKG-00329,DEPARTURE,2023-10-15 16:48:18
HUB-001,PKG-00482,ARRIVAL,2023-10-25 07:50:54
HUB-003,PKG-01010,ARRIVAL,2023-10-01 16:15:51
HUB-001,PKG-00956,ARRIVAL,2023-10-29 00:33:01
HUB-002,PKG-01592,ARRIVAL,2023-10-10 14:57:00
HUB-003,PKG-02305,DEPARTURE,2023-10-03 19:48:44
HUB-001,PKG-00404,ARRIVAL,2023-10-01 13:22:56
HUB-003,PKG-01922,ARRIVAL,2023-10-03 04:34:43
HUB-001,PKG-00074,DEPARTURE,2023-10-05 23:22:36
HUB-003,PKG-01332,ARRIVAL,2023-10-20 10:48:47
HUB-003,PKG-01999,DEPARTURE,2023-10-25 23:11:39
HUB-006,PKG-01701,DEPARTURE,2023-10-22 00:15:55
HUB-010,PKG-01192,DEPARTURE,2023-10-29 13:51:00
HUB-002,PKG-00190,DEPARTURE,2023-10-07 11:35:26
HUB-003,PKG-00967,DEPARTURE,2023-10-29 20:17:49
HUB-005,PKG-01398,ARRIVAL,2023-10-02 06:32:46
HUB-004,PKG-00719,DEPARTURE,2023-10-13 05:27:02
HUB-002,PKG-00227,DEPARTURE,2023-10-11 08:59:06
HUB-003,PKG-00250,DEPARTURE,2023-10-28 17:55:12
HUB-009,PKG-00567,DEPARTURE,2023-10-20 10:53:12
HUB-005,PKG-00879,ARRIVAL,2023-10-01 11:53:56
HUB-003,PKG-00931,DEPARTURE,2023-10-13 19:53:24
HUB-009,PKG-00548,ARRIVAL,2023-10-08 10:20:27
HUB-001,PKG-02329,DEPARTURE,2023-10-02 09:24:45
HUB-008,PKG-00352,ARRIVAL,2023-10-22 12:10:33
HUB-003,PKG-00024,ARRIVAL,2023-10-11 11:13:29
HUB-007,PKG-01919,ARRIVAL,2023-10-16 11:36:17
HUB-010,PKG-00585,SORTING,2023-10-08 11:30:18
HUB-003,PKG-01126,ARRIVAL,2023-10-07 13:36:04
HUB-003,PKG-01437,ARRIVAL,2023-10-17 12:30:36
HUB-009,PKG-00824,ARRIVAL,2023-10-14 00:33:39
HUB-003,PKG-00423,DEPARTURE,2023-10-13 19:14:58
HUB-007,PKG-01849,ARRIVAL,2023-10-18 11:58:04
HUB-003,PKG-00545,DEPARTURE,2023-10-15 01:10:16
HUB-012,PKG-00887,ARRIVAL,2023-10-12 09:03:21
HUB-003,PKG-00290,DEPARTURE,2023-10-17 03:46:43
HUB-008,PKG-02142,ARRIVAL,2023-10-21 10:24:26
HUB-002,PKG-01439,DEPARTURE,2023-10-25 11:25:29
HUB-006,PKG-01470,ARRIVAL,2023-10-15 06:46:20
HUB-002,PKG-01774,DEPARTURE,2023-10-16 13:52:11
HUB-005,PKG-00753,ARRIVAL,2023-10-15 06:19:39
HUB-003,PKG-01897,DEPARTURE,2023-10-30 03:11:59
HUB-012,PKG-01957,DEPARTURE,2023-10-02 12:36:35
HUB-001,PKG-02398,DEPARTURE,2023-10-13 21:47:54
HUB-004,PKG-00006,DEPARTURE,2023-10-16 03:34:02
HUB-006,PKG-01787,DEPARTURE,2023-10-15 07:30:02
HUB-007,PKG-00785,ARRIVAL,2023-10-18 18:41:48
HUB-008,PKG-01534,ARRIVAL,2023-10-23 11:08:28
HUB-009,PKG-00997,ARRIVAL,2023-10-10 10:10:20
HUB-008,PKG-00897,DEPARTURE,2023-10-03 13:56:52
HUB-003,PKG-00743,ARRIVAL,2023-10-22 17:33:58
HUB-008,PKG-01769,DEPARTURE,2023-10-17 17:42:40
HUB-004,PKG-01782,ARRIVAL,2023-10-26 04:48:19
HUB-007,PKG-00510,DEPARTURE,2023-10-06 13:09:22
HUB-002,PKG-01949,DEPARTURE,2023-10-27 03:44:33
HUB-003,PKG-00626,ARRIVAL,2023-10-19 11:24:51
HUB-003,PKG-00595,SORTING,2023-10-17 00:54:20
HUB-002,PKG-00444,ARRIVAL,2023-10-25 17:03:20
HUB-003,PKG-00216,ARRIVAL,2023-10-30 10:55:35
HUB-003,PKG-02173,ARRIVAL,2023-10-13 20:47:43
HUB-009,PKG-01795,DEPARTURE,2023-10-14 23:23:20
HUB-010,PKG-00188,ARRIVAL,2023-10-02 20:28:40
HUB-002,PKG-01408,DEPARTURE,2023-10-18 19:15:20
HUB-003,PKG-00973,ARRIVAL,2023-10-13 12:48:28
HUB-012,PKG-01852,ARRIVAL,2023-10-06 07:27:52
HUB-004,PKG-01015,ARRIVAL,2023-10-08 15:27:28
HUB-008,PKG-02329,DEPARTURE,2023-10-01 19:31:12
HUB-006,PKG-01861,ARRIVAL,2023-10-21 20:06:20
HUB-008,PKG-02007,ARRIVAL,2023-10-25 21:55:29
HUB-006,PKG-00254,DEPARTURE,2023-10-20 14:55:45
HUB-002,PKG-01578,DEPARTURE,2023-10-03 21:06:03
HUB-003,PKG-01200,DEPARTURE,2023-10-16 05:29:12
HUB-012,PKG-00560,DEPARTURE,2023-10-15 15:37:48
HUB-006,PKG-00441,DEPARTURE,2023-10-06 16:03:50
HUB-004,PKG-00284,ARRIVAL,2023-10-22 20:30:44
HUB-009,PKG-02358,DEPARTURE,2023-10-26 14:04:47
HUB-003,PKG-01487,ARRIVAL,2023-10-10 11:15:32
HUB-011,PKG-01723,SORTING,2023-10-11 03:06:30
HUB-004,PKG-00042,ARRIVAL,2023-10-22 09:15:01
HUB-006,PKG-02095,DEPARTURE,2023-10-02 16:14:39
HUB-003,PKG-02043,DEPARTURE,2023-10-30 03:57:07
HUB-001,PKG-01383,SORTING,2023-10-03 07:42:13
HUB-004,PKG-00448,ARRIVAL,2023-10-11 03:37:24
HUB-012,PKG-01042,ARRIVAL,2023-10-03 05:27:13
HUB-006,PKG-00062,DEPARTURE,2023-10-04 19:32:39
HUB-010,PKG-00792,DEPARTURE,2023-10-23 20:30:40
HUB-003,PKG-01285,DEPARTURE,2023-10-29 22:20:46
HUB-004,PKG-01112,ARRIVAL,2023-10-27 19:59:50
HUB-001,PKG-00654,ARRIVAL,2023-10-05 13:12:26
HUB-007,PKG-01528,DEPARTURE,2023-10-17 01:26:05
HUB-007,PKG-02066,ARRIVAL,2023-10-31 05:25:13
HUB-004,PKG-01715,ARRIVAL,2023-10-28 12:17:43
HUB-001,PKG-01665,ARRIVAL,2023-10-14 02:59:03
HUB-003,PKG-01720,DEPARTURE,2023-10-22 05:28:26
HUB-009,PKG-01940,DEPARTURE,2023-10-17 00:55:34
HUB-009,PKG-00212,DEPARTURE,2023-10-25 06:35:52
HUB-004,PKG-00943,ARRIVAL,2023-10-21 22:41:35
HUB-006,PKG-01936,ARRIVAL,2023-10-14 18:05:40
HUB-002,PKG-02333,DEPARTURE,2023-10-30 17:01:05
HUB-002,PKG-01067,ARRIVAL,2023-10-04 15:22:50
HUB-002,PKG-01496,DEPARTURE,2023-10-28 17:52:04
HUB-008,PKG-01793,ARRIVAL,2023-10-23 10:45:54
HUB-005,PKG-00471,DEPARTURE,2023-10-23 07:40:53
HUB-001,PKG-00618,ARRIVAL,2023-10-03 23:30:35
HUB-008,PKG-01600,ARRIVAL,2023-10-17 21:00:11
HUB-007,PKG-00738,ARRIVAL,2023-10-05 08:12:53
HUB-010,PKG-01800,ARRIVAL,2023-10-23 10:35:37
HUB-001,PKG-01340,ARRIVAL,2023-10-12 14:30:40
HUB-007,PKG-01300,ARRIVAL,2023-10-05 11:36:10
HUB-008,PKG-01310,DEPARTURE,2023-10-05 21:31:21
HUB-005,PKG-01434,ARRIVAL,2023-10-31 04:48:31
HUB-012,PKG-00096,DEPARTURE,2023-10-06 08:56:33
HUB-011,PKG-00125,DEPARTURE,2023-10-22 13:12:10
HUB-003,PKG-01145,ARRIVAL,2023-10-20 11:48:25
HUB-008,PKG-00287,DEPARTURE,2023-10-04 12:34:01
HUB-003,PKG-00078,ARRIVAL,2023-10-08 20:51:28
HUB-007,PKG-01100,SORTING,2023-10-23 21:54:53
HUB-003,PKG-00276,DEPARTURE,2023-10-22 22:23:40
HUB-003,PKG-01667,ARRIVAL,2023-10-20 23:29:34
HUB-004,PKG-00377,DEPARTURE,2023-10-12 12:20:10
HUB-006,PKG-01511,ARRIVAL,2023-10-04 14:23:21
HUB-001,PKG-01873,DEPARTURE,2023-10-28 19:12:46
HUB-007,PKG-01302,ARRIVAL,2023-10-01 22:47:33
HUB-006,PKG-02307,ARRIVAL,2023-10-21 23:33:31
HUB-001,PKG-01500,DEPARTURE,2023-10-25 22:08:23
HUB-001,PKG-01288,ARRIVAL,2023-10-21 18:41:20
HUB-007,PKG-01111,ARRIVAL,2023-10-26 01:10:28
HUB-005,PKG-01452,ARRIVAL,2023-10-14 15:29:57
HUB-009,PKG-00800,ARRIVAL,2023-10-03 15:20:11
HUB-003,PKG-00398,ARRIVAL,2023-10-06 16:22:51
HUB-005,PKG-02106,ARRIVAL,2023-10-21 13:19:07
HUB-005,PKG-01358,DEPARTURE,2023-10-08 04:27:42
HUB-012,PKG-01751,ARRIVAL,2023-10-10 13:37:18
HUB-005,PKG-01885,DEPARTURE,2023-10-25 00:26:15
HUB-004,PKG-01477,DEPARTURE,2023-10-23 07:33:35
HUB-003,PKG-00595,ARRIVAL,2023-10-16 22:26:10
HUB-007,PKG-01099,ARRIVAL,2023-10-30 10:36:29
HUB-004,PKG-00266,DEPARTURE,2023-10-22 14:53:42
HUB-012,PKG-00088,ARRIVAL,2023-10-10 06:02:18
HUB-001,PKG-01849,ARRIVAL,2023-10-19 01:47:08
HUB-003,PKG-01986,ARRIVAL,2023-10-21 07:49:43
HUB-008,PKG-01657,ARRIVAL,2023-10-06 18:43:22
HUB-004,PKG-01138,DEPARTURE,2023-10-22 13:54:51
HUB-008,PKG-00543,DEPARTURE,2023-10-14 05:13:40
HUB-003,PKG-01340,DEPARTURE,2023-10-11 20:28:03
HUB-009,PKG-01152,DEPARTURE,2023-10-17 17:00:58
HUB-005,PKG-02132,ARRIVAL,2023-10-11 03:58:01
HUB-008,PKG-01909,ARRIVAL,2023-10-30 14:14:19
HUB-010,PKG-00131,DEPARTURE,2023-10-25 23:35:34
HUB-004,PKG-02308,DEPARTURE,2023-10-08 07:43:10
HUB-011,PKG-00411,DEPARTURE,2023-10-23 22:14:29
HUB-004,PKG-01554,ARRIVAL,2023-10-11 03:06:05
HUB-003,PKG-00422,DEPARTURE,2023-10-27 12:37:35
HUB-012,PKG-01783,DEPARTURE,2023-10-07 13:14:45
HUB-007,PKG-01965,DEPARTURE,2023-10-02 16:49:35
HUB-009,PKG-01870,DEPARTURE,2023-10-03 06:10:04
HUB-004,PKG-00717,SORTING,2023-10-21 04:37:07
HUB-003,PKG-00498,ARRIVAL,2023-10-04 06:16:41
HUB-003,PKG-00365,ARRIVAL,2023-10-28 13:16:07
HUB-004,PKG-00486,ARRIVAL,2023-10-20 04:19:42
HUB-001,PKG-02304,DEPARTURE,2023-10-28 05:48:34
HUB-008,PKG-02251,ARRIVAL,2023-10-30 07:38:20
HUB-012,PKG-01436,DEPARTURE,2023-10-27 22:22:59
HUB-006,PKG-01407,SORTING,2023-10-23 09:27:46
HUB-003,PKG-00749,ARRIVAL,2023-10-06 15:27:13
HUB-004,PKG-01081,ARRIVAL,2023-10-15 03:29:46
HUB-007,PKG-00550,DEPARTURE,2023-10-03 11:14:20
HUB-007,PKG-01804,DEPARTURE,2023-10-23 00:08:43
HUB-010,PKG-01969,ARRIVAL,2023-10-06 11:42:49
HUB-011,PKG-00515,ARRIVAL,2023-10-08 01:45:33
HUB-001,PKG-02230,DEPARTURE,2023-10-29 19:23:07
